date,L_real,L_asset,U,Y,spread,depth,turnover,Hq,S_M_hat,S_M,S_M_in,S_M_out,S_M_in_q_productive,S_M_in_q_housing,S_M_in_q_consumption,S_M_in_q_financial,S_M_in_q_government,T_L,T_L_multiplicative_check,p_C,V_C,capital_headroom,lcr_headroom,nsfr_headroom,hy_oas,usjp_10y_spread,usd_jpy_return,vix,E_p,E_T,q_pay,q_firm,q_asset,q_reserve,q_productive,q_housing,q_consumption,q_financial,q_government,M_in,M_out,C_t,C_t_raw_delta,C_G,C_B,C_E,C_R,C_A,q_t,one_minus_q_t,share_G_proxy,share_B_proxy,share_E_proxy,destination_coverage,lambda_B,housing_construction_share,credit_destination_source,credit_destination_overflow_scaled,loop_area,loop_streaming_area,p_C_baseline,E_p_contrib,p_C_coupling_alpha,mu_q_productive,mu_q_housing,mu_q_consumption,mu_q_financial,mu_q_government,mu_mean,dmu_q_productive,dmu_q_housing,dmu_q_consumption,dmu_q_financial,dmu_q_government,V_C_legacy,V_C_headroom,V_C_formula_used,loop_signed_area,loop_closed_area,loop_abs_area,loop_open_integral,loop_cycle_window,U_trend,U_star,U_used_for_energy,F_C,X_C,X_C_model_raw,F_C_baseline,F_C_baseline_mode,F_C_baseline_offset,X_C_pre_floor,X_C_was_clipped,X_C_nonpositive,Delta_F_C,X_C_plus,X_C_minus,loop_loss_ratio,Q_C,dT_dV_at_S,dp_dS_at_V,maxwell_curl,maxwell_gap,dU,dS,dV,dF_C,T_bar,p_bar,Q_like,W_like,dU_pred,firstlaw_resid,L_asset_toy,depth_toy,turnover_toy,preprocessing_mode,release_lag_profile
1999-03-31,68.1271,27.25084,68.1271,,3.9924077512767435,647.804758377462,1.0,1.5554287707111931,0.9664422334619767,1883073.6195464232,1883073.6195464232,1883073.6195464232,363193.8,145277.52,217916.28,302661.5,181596.9,0.8362376341262294,0.7508352053250881,4.066549911898492,885734.3988060653,978899.9325373769,932317.1656717211,885734.3988060653,,0.4527903279819998,0.28863127823548895,1.6679271301264897,0.37071080310874444,1.6679271301264897,0.3,0.3,0.25,0.15,0.3,0.12,0.18,0.25,0.15,1210646.0,1210646.0,0.0,,0.0,0.0,0.0,0.0,0.0,,,0.3,0.041999999999999996,0.328,0.6699999999999999,0.5,0.35,allocation_proxy,False,0.0,0.0,3.9924077512767435,0.07414216062174889,0.2,-246938.85966597698,-1356242.5690464955,-865367.8577757786,-467665.723112351,-1086094.7212221527,-804461.946164551,557523.086498574,-551780.6228819445,-60905.91161122767,336796.22305219993,-281632.77505760174,1165231.0,885734.3988060653,min_headroom,,,,,12.0,,,U,17932424.193848908,11461025.792058006,-8354403.894237325,-19815429.686294332,min,19815429.68629533,11461025.792058006,False,False,0.0,0.0,-0.0,,,,,,,,,,,,,,,,,27.25084,1000.0,1.0,dashboard_retrospective,none
1999-06-30,69.4751,27.79004,69.4751,,4.257399290043289,660.6225770471663,1.0,1.5554287707111931,0.9664422334619767,2275701.1715644253,2275701.1715644253,2275701.1715644253,438921.0,175568.4,263352.6,365767.5,219460.5,0.819060973897532,0.7416691182711026,4.415974593540406,899800.8726617767,1003533.9151078513,951667.393884814,899800.8726617767,,1.4173871155160578,0.16836591945510762,1.0996734998954283,0.7928765174855826,1.0996734998954283,0.3,0.3,0.25,0.15,0.3,0.12,0.18,0.25,0.15,1463070.0,1463070.0,1.347999999999999,1.347999999999999,0.4043999999999997,0.05661599999999995,0.4421439999999997,0.4327079999999997,0.4704519999999997,0.321,0.679,0.3,0.041999999999999996,0.328,0.6699999999999999,0.5,0.35,allocation_proxy,False,182728.51036818526,182728.51036818526,4.257399290043289,0.15857530349711654,0.2,-298426.490825147,-1639023.9719082671,-1045800.136188455,-565175.6909236783,-1312549.3362869862,-972195.1252265066,673768.6344013596,-666828.8466817605,-73605.01096194843,407019.4343028283,-340354.21106047963,1211000.0,899800.8726617767,min_headroom,,,,,12.0,,,U,17539797.989830904,11089499.29882357,-8725930.38747176,-19815429.686294332,min,19815429.68629533,11089499.29882357,False,False,-392626.20401800424,0.0,392626.20401800424,,,,,,,1.347999999999999,392627.55201800214,14066.473855711403,-392626.20401800424,0.8276493040118806,4.241262252719449,324957.92016358796,59659.604593093776,265298.31557049416,-265296.96757049416,27.79004,1000.0,1.0,dashboard_retrospective,none
1999-09-30,70.8419,28.33676,70.8419,,5.050689727272727,673.6191605469822,1.0,1.5554287707111931,0.9664422334619767,1644883.0347435644,1644883.0347435644,1644883.0347435644,317253.3,126901.31999999999,190351.97999999998,264377.75,158626.65,0.7855829497203337,0.7174184435222689,5.0665339277136,824114.2939062966,942984.0014856422,883549.1476959693,824114.2939062966,,1.4263662991242174,-1.2679242947154825,0.878549683814244,0.07922100220436738,0.878549683814244,0.3,0.3,0.25,0.15,0.3,0.12,0.18,0.25,0.15,1057511.0,1057511.0,1.3667999999999978,1.3667999999999978,0.41003999999999935,0.057405599999999904,0.4483103999999993,0.4387427999999993,0.47701319999999925,0.321,0.679,0.3,0.041999999999999996,0.328,0.6699999999999999,0.5,0.35,allocation_proxy,False,50174.43567746908,50174.43567746908,5.050689727272727,0.015844200440873476,0.2,-215703.4842755248,-1184691.0124304944,-755907.2004899214,-408510.5361222566,-948714.2523366532,-702705.29713097,487001.81285544526,-481985.71529952437,-53201.90335895133,294194.76100871345,-246008.95520568313,1180723.4166443332,824114.2939062966,min_headroom,,,,,12.0,,,U,18170617.493451767,11606788.934311211,-8208640.751984119,-19815429.686294332,min,19815429.68629533,11606788.934311211,False,False,238193.29960285872,238193.29960285872,0.0,,,,,,,1.3667999999999978,-630818.1368208609,-75686.57875548012,630819.503620863,0.8023219618089328,4.741254260627002,-506119.2450787689,-358849.31399670127,-147269.9310820676,147271.2978820676,28.336759999999998,1000.0,1.0,dashboard_retrospective,none
1999-12-31,72.3632,28.945280000000004,72.3632,,5.320066383148253,688.0848486346837,1.0,1.5554287707111931,0.9664422334619767,1576708.591723293,1576708.591723293,1576708.591723293,304104.3,121641.72,182462.58,253420.25,152052.15,0.7739240845677656,0.7065928231398599,5.447161896718434,739963.7629112448,855739.4358956077,797851.5994034262,739963.7629112448,,1.6305634780883633,-0.3596083423865534,0.7443699869912251,0.6354775678509051,0.7443699869912251,0.3,0.3,0.25,0.15,0.3,0.12,0.18,0.25,0.15,1013681.0,1013681.0,1.5213000000000108,1.5213000000000108,0.4563900000000032,0.06389460000000044,0.49898640000000355,0.4883373000000034,0.5309337000000037,0.32099999999999995,0.679,0.3,0.041999999999999996,0.328,0.6699999999999999,0.5,0.35,allocation_proxy,False,-422728.3017114506,-422728.3017114506,5.320066383148253,0.12709551357018103,0.2,-206763.35626191902,-1135589.8616388445,-724577.5853866523,-391579.2542743718,-909393.483399105,-673580.7081921786,466817.3519302596,-462009.15344666585,-50996.877194473636,282001.45391780685,-235812.7752069264,1087290.7818643332,739963.7629112448,min_headroom,,,,,12.0,70.201825,2.1613750000000067,U,18238793.45777204,11548739.102138903,-8266690.584156427,-19815429.686294332,min,19815429.68629533,11548739.102138903,False,False,306369.26392313093,306369.26392313093,0.0,,,,,,,1.5213000000000108,-68174.44302027137,-84150.53099505184,68175.9643202722,0.7797535171440497,5.256847912216017,-53159.26172439321,-442366.5431732075,389207.28144881426,-389205.76014881424,28.945280000000004,1000.0,1.0,dashboard_retrospective,none
2000-03-31,74.1448,29.657920000000004,74.1448,,5.617589133885439,705.0256689180259,1.0,1.5554287707111931,0.9664422334619767,1635729.336427929,1635729.336427929,1635729.336427929,315487.8,126195.12,189292.68,262906.5,157743.9,0.763172569578454,0.6947126055698721,5.84973464932808,679985.2754869869,795190.4058802134,737587.8406836,679985.2754869869,,1.8451604015093477,0.47629475291705786,0.8188478481109608,1.1607275772132029,0.8188478481109608,0.3,0.3,0.25,0.15,0.3,0.12,0.18,0.25,0.15,1051626.0,1051626.0,1.7815999999999974,1.7815999999999974,0.5344799999999992,0.07482719999999989,0.5843647999999991,0.5718935999999991,0.6217783999999991,0.32099999999999995,0.679,0.3,0.041999999999999996,0.328,0.6699999999999999,0.5,0.35,allocation_proxy,False,-742469.2437128706,-742469.2437128706,5.617589133885439,0.2321455154426406,0.2,-214503.10432206668,-1178098.2615199569,-751700.6117406004,-406237.19380706607,-943434.7012255999,-698794.774523058,484291.6702009913,-479303.4869968989,-52905.83721754246,292557.5807159919,-244639.92670254188,1025600.6666666666,679985.2754869869,min_headroom,,,,,12.0,70.99042,3.1543800000000033,U,18179774.4946674,11399752.407897882,-8415677.278397448,-19815429.686294332,min,19815429.68629533,11399752.407897882,False,False,247350.30081849173,247350.30081849173,0.0,,,,,,,1.7815999999999974,59020.74470463605,-59978.48742425791,-59018.9631046392,0.7685483270731098,5.6484482730232575,45360.294605357136,-338785.38371009676,384145.67831545393,-384143.89671545394,29.657920000000004,1000.0,1.0,dashboard_retrospective,none
2000-06-30,76.0519,30.42076,76.0519,,5.424890371541504,723.1598395300388,1.0,1.5554287707111931,0.9664422334619767,1880387.394059405,1880387.394059405,1880387.394059405,362675.7,145070.28,217605.41999999998,302229.75,181337.85,0.769418925360941,0.7005249382842973,5.586366848743377,758907.6418122947,880883.9834304188,819895.8126213568,758907.6418122947,,1.5520308418952433,0.06273393012348738,1.1148615272325209,0.8073823860093653,1.1148615272325209,0.3,0.3,0.25,0.15,0.3,0.12,0.18,0.25,0.15,1208919.0,1208919.0,1.9070999999999998,1.9070999999999998,0.5721299999999999,0.08009819999999998,0.6255288,0.6121790999999999,0.6655779,0.32099999999999995,0.679,0.3,0.041999999999999996,0.328,0.6699999999999999,0.5,0.35,allocation_proxy,False,-170152.7835483572,-170152.7835483572,5.424890371541504,0.16147647720187308,0.2,-246586.5986329061,-1354307.873919478,-864133.4008904638,-466998.592750697,-1084545.3950082548,-803314.3722403599,556727.7736074538,-550993.501679118,-60819.02865010395,336315.7794896629,-281231.0227678949,1124836.6666666667,758907.6418122947,min_headroom,,,,,12.0,71.834,4.2179,U,17935118.344135925,11273479.806854367,-8541949.879440963,-19815429.686294332,min,19815429.68629533,11273479.806854367,False,False,2694.150287017226,2694.150287017226,0.0,,,,,,,1.9070999999999998,244658.05763147585,78922.36632530787,-244656.1505314745,0.7662957474696975,5.718050749035728,187480.42914719612,451282.09588209883,-263801.6667349027,263803.5738349027,30.42076,1000.0,1.0,dashboard_retrospective,none
2000-09-30,77.6964,31.07856,77.6964,,5.439699469289163,738.7970077810245,1.0,1.5554287707111931,0.9664422334619767,1756355.9484541237,1756355.9484541237,1756355.9484541237,338753.39999999997,135501.36,203252.03999999998,282294.5,169376.69999999998,0.7656071014903281,0.6979416566662715,5.573103577499321,751573.1435138,872971.7623425334,812272.4529281665,751573.1435138,,1.1822968325071528,0.15174424959442376,0.08327799520953823,0.6670205410507882,0.08327799520953823,0.3,0.3,0.25,0.15,0.3,0.12,0.18,0.25,0.15,1129178.0,1129178.0,1.6444999999999936,1.6444999999999936,0.49334999999999807,0.06906899999999973,0.539395999999998,0.527884499999998,0.5739304999999979,0.321,0.679,0.3,0.041999999999999996,0.328,0.6699999999999999,0.5,0.35,allocation_proxy,False,-215940.8254697383,-215940.8254697383,5.439699469289163,0.13340410821015766,0.2,-230321.60324315165,-1264976.9392793463,-807134.6594359855,-436195.0941006358,-1013008.1502934697,-750327.2892705178,520005.6860273661,-514649.6500088285,-56807.37016546773,314132.195169882,-262680.8610229519,1115769.0,751573.1435138,min_headroom,,,,,12.0,72.67148571428571,5.0249142857142886,U,18059151.434241205,11386511.149511907,-8428918.536783423,-19815429.686294332,min,19815429.68629533,11386511.149511907,False,False,126727.2403922975,126727.2403922975,0.0,,,,,,,1.6444999999999936,-124031.44560528127,-7334.498298494727,124033.09010528028,0.7675130134256345,5.579735213121349,-95195.7485760471,-40924.558426689655,-54271.19014935745,54272.83464935745,31.07856,1000.0,1.0,dashboard_retrospective,none
2000-12-31,79.4599,31.783960000000004,79.4599,,5.2733289617604635,755.5657193715466,1.0,1.5554287707111931,0.9664422334619767,1562493.5281877634,1562493.5281877634,1562493.5281877634,301362.6,120545.04,180817.56,251135.5,150681.3,0.7687409028851397,0.7020890918489883,5.425290212398728,712386.0316699405,822446.6877799603,767416.3597249504,712386.0316699405,,0.8950953658911173,0.6245171404915318,1.276494453421366,0.7598062531913246,1.276494453421366,0.3,0.3,0.25,0.15,0.3,0.12,0.18,0.25,0.15,1004542.0,1004542.0,1.7635000000000076,1.7635000000000076,0.5290500000000022,0.07406700000000031,0.5784280000000025,0.5660835000000024,0.6154615000000027,0.32099999999999995,0.679,0.3,0.041999999999999996,0.328,0.6699999999999999,0.5,0.35,allocation_proxy,False,-609813.4498117797,-609813.4498117797,5.2733289617604635,0.15196125063826493,0.2,-204899.2488031843,-1125351.7731815118,-718045.0425523202,-388048.91010809713,-901194.7038572329,-667507.9357004693,462608.686897285,-457843.8374810425,-50537.10685185087,279459.02559237217,-233686.76815676363,1042568.0,712386.0316699405,min_headroom,,,,,12.0,73.5200375,5.939862500000004,U,18253015.618007567,11521594.665512478,-8293835.020782853,-19815429.686294332,min,19815429.68629533,11521594.665512478,False,False,320591.42415865883,320591.42415865883,0.0,,,,,,,1.7635000000000076,-193862.42026636028,-39187.111843859544,193864.18376636133,0.7671740021877339,5.499196894949025,-148726.20882954408,-215497.64377377255,66771.43494422847,-66769.67144422847,31.783960000000004,1000.0,1.0,dashboard_retrospective,none
2001-03-31,81.3605,32.544200000000004,81.3605,,4.989132408827404,773.638082994425,1.0,1.5554287707111931,0.9664422334619767,1529821.7468589747,1529821.7468589747,1529821.7468589747,295061.1,118024.44,177036.66,245884.25,147530.55,0.7764510692453221,0.7100705545071384,5.158446437754615,684741.0444762042,782252.8074285806,733496.9259523923,684741.0444762042,,0.7478735280831842,0.9452667611889297,1.1671189578402503,0.8465701446360568,1.1671189578402503,0.3,0.3,0.25,0.15,0.3,0.12,0.18,0.25,0.15,983537.0,983537.0,1.9005999999999972,1.9005999999999972,0.5701799999999991,0.07982519999999987,0.6233967999999991,0.6100925999999991,0.663309399999999,0.321,0.679,0.3,0.041999999999999996,0.328,0.6699999999999999,0.5,0.35,allocation_proxy,False,-941921.6176104875,-941921.6176104875,4.989132408827404,0.16931402892721137,0.2,-200614.80004831802,-1101820.637603629,-703030.7015702493,-379934.7970527738,-882350.698574705,-653550.326969935,452935.526921617,-448270.31063369394,-49480.3746003143,273615.52991716116,-228800.37160477007,977276.3333333334,684741.0444762042,min_headroom,,,,,12.0,74.3912,6.969300000000004,U,18285689.299936354,11512800.866650663,-8302628.819644668,-19815429.686294332,min,19815429.68629533,11512800.866650663,False,False,353265.1060874462,353265.1060874462,0.0,,,,,,,1.9005999999999972,-32671.781328788726,-27644.987193736248,32673.68192878738,0.7725959860652309,5.291868325076672,-25242.087112223126,-146293.63207768308,121051.54496545997,-121049.64436545997,32.544200000000004,1000.0,1.0,dashboard_retrospective,none
2001-06-30,82.7962,33.11848,82.7962,,5.1907279296066235,787.2898205790649,1.0,1.5554287707111931,0.9664422334619767,1596885.6137369585,1596885.6137369585,1596885.6137369585,307995.89999999997,123198.36,184797.53999999998,256663.25,153997.94999999998,0.7636675237920805,0.7001633017179179,5.307473343210089,679735.9369097752,782254.1801620725,730995.0585359238,679735.9369097752,,1.0479837260028875,0.1194704100317659,0.8509407411510894,0.5837270680173267,0.8509407411510894,0.3,0.3,0.25,0.15,0.3,0.12,0.18,0.25,0.15,1026653.0,1026653.0,1.435699999999997,1.435699999999997,0.4307099999999991,0.06029939999999987,0.47090959999999904,0.46085969999999904,0.501059299999999,0.321,0.679,0.3,0.041999999999999996,0.328,0.6699999999999999,0.5,0.35,allocation_proxy,False,-873120.3502721442,-873120.3502721442,5.1907279296066235,0.11674541360346534,0.2,-209409.29147963505,-1150121.920230432,-733849.9505958607,-396590.264726819,-921030.9238430447,-682200.4701751583,472791.1786955233,-467921.4500552736,-51649.48042070237,285610.20544833934,-238830.45366788632,987290.6666666666,679735.9369097752,min_headroom,,,,,12.0,75.2317,7.564499999999995,U,18218626.868758373,11438230.774123035,-8377198.912172296,-19815429.686294332,min,19815429.68629533,11438230.774123035,False,False,286202.674909465,286202.674909465,0.0,,,,,,,1.435699999999997,67063.86687798379,-5005.107566428953,-67062.4311779812,0.7700592965187013,5.232959890482352,51643.15414988403,-26191.527142672443,77834.68129255647,-77833.24559255647,33.11848,1000.0,1.0,dashboard_retrospective,none
2001-09-30,84.3755,33.7502,84.3755,,5.115222324110669,802.3070171851956,1.0,1.5554287707111931,0.9664422334619767,1510347.7786496705,1510347.7786496705,1510347.7786496705,291305.1,116522.04,174783.06,242754.25,145652.55,0.7624007241637181,0.7006053231627726,5.151928819594771,685014.9934995095,786188.2178885619,735601.6056940357,685014.9934995095,,0.6766510720127306,-0.3095861171717201,1.2477323562594809,0.18353247742050524,1.2477323562594809,0.3,0.3,0.25,0.15,0.3,0.12,0.18,0.25,0.15,971017.0,971017.0,1.5793000000000035,1.5793000000000035,0.47379000000000104,0.06633060000000014,0.5180104000000012,0.5069553000000011,0.5511757000000013,0.321,0.679,0.3,0.041999999999999996,0.328,0.6699999999999999,0.5,0.35,allocation_proxy,False,-849200.6777222707,-849200.6777222707,5.115222324110669,0.03670649548410105,0.2,-198061.0605381573,-1087794.9381304039,-694081.4252505383,-375098.3916515528,-871118.7563639338,-645230.9143869171,447169.85384875984,-442564.02374348673,-48850.51086362114,270132.5227353643,-225887.84197701665,988534.6666666666,685014.9934995095,min_headroom,,,,,12.0,76.06295454545455,8.312545454545457,U,18305166.28314566,11532688.773394924,-8282740.912900407,-19815429.686294332,min,19815429.68629533,11532688.773394924,False,False,372742.0892967507,372742.0892967507,0.0,,,,,,,1.5793000000000035,-86537.83508728794,5279.056589734275,86539.41438728571,0.7630341239778993,5.22970108140243,-66031.32118677266,27607.887956117964,-93639.20914289063,93640.78844289063,33.7502,1000.0,1.0,dashboard_retrospective,none
2001-12-31,85.7714,34.30856,85.7714,,4.814099121118013,815.5803058209822,1.0,1.5554287707111931,0.9664422334619767,1551148.230734196,1551148.230734196,1551148.230734196,299174.39999999997,119669.76,179504.63999999998,249312.0,149587.19999999998,0.7689851268240884,0.7085336116108714,4.947855683153172,687172.092300795,780260.8393116411,733716.465806218,687172.092300795,,0.4688922684776678,0.8686733518739199,1.4014247519109204,0.6687828101757939,1.4014247519109204,0.3,0.3,0.25,0.15,0.3,0.12,0.18,0.25,0.15,997248.0,997248.0,1.3958999999999975,1.3958999999999975,0.41876999999999925,0.05862779999999989,0.4578551999999992,0.4480838999999992,0.48716909999999913,0.321,0.679,0.3,0.041999999999999996,0.328,0.6699999999999999,0.5,0.35,allocation_proxy,False,-945244.3217154823,-945244.3217154823,4.814099121118013,0.1337565620351588,0.2,-203411.47116843093,-1117180.5709484683,-712831.3028178177,-385231.2790380886,-894651.1106874753,-662661.146932056,459249.6757636251,-454519.42401641223,-50170.155885761604,277429.8678939674,-231989.96375541924,966438.3333333334,687172.092300795,min_headroom,124505.31398371747,124505.31398371747,2118351.3072541934,-1019465.8973474529,12.0,76.87199166666666,8.89940833333334,U,18264367.226961136,11495125.365412327,-8320304.320883004,-19815429.686294332,min,19815429.68629533,11495125.365412327,False,False,331943.0331122279,331943.0331122279,0.0,0.010795861782981796,581.999421026691,,,,,1.3958999999999975,40800.45208452549,2157.098801285494,-40799.05618452281,0.7656929254939032,5.049892251373971,31240.617518074145,10893.116522059698,20347.500996014445,-20346.105096014446,34.30856,1000.0,1.0,dashboard_retrospective,none
2002-03-31,87.3253,34.93012,87.3253,,5.135154610075913,830.3559797311111,1.0,1.5554287707111931,0.9664422334619767,1600778.8519500487,1600778.8519500487,1600778.8519500487,308746.8,123498.72,185248.08,257289.0,154373.4,0.7526830690032899,0.6946667900749028,5.232336486192402,711081.2086420715,816632.4724280477,763856.8405350596,711081.2086420715,,0.6475720561591684,0.3242467050057171,0.3133652330379732,0.48590938058244265,0.3133652330379732,0.3,0.3,0.25,0.15,0.3,0.12,0.18,0.25,0.15,1029156.0,1029156.0,1.5538999999999987,1.5538999999999987,0.4661699999999996,0.06526379999999994,0.5096791999999996,0.4988018999999996,0.5423110999999995,0.321,0.679,0.3,0.041999999999999996,0.328,0.6699999999999999,0.5,0.35,allocation_proxy,False,-631251.206153709,-631251.206153709,5.135154610075913,0.09718187611648854,0.2,-209919.83540886288,-1152925.939861541,-735639.0910613749,-397557.1595127021,-923276.4151652141,-683863.688201939,473943.8527930761,-469062.2516596019,-51775.40285943588,286306.5286892369,-239412.7269632751,1027735.0,711081.2086420715,min_headroom,47012.78980144183,47012.78980144183,2180391.402137817,-957425.8024638292,12.0,78.47184166666666,8.853458333333336,U,18214738.15964528,11481359.97260839,-8334069.713686941,-19815429.686294332,min,19815429.68629533,11481359.97260839,False,False,282313.9657963738,282313.9657963738,0.0,0.0040898022689598995,1536.305399130579,,,,,1.5538999999999987,49630.621215852676,23909.116341276444,-49629.06731585413,0.7608340979136892,5.090096084672787,37760.66892165927,121699.69947671737,-83939.0305550581,83940.5844550581,34.93012,1000.0,1.0,dashboard_retrospective,none
2002-06-30,89.6,35.84,89.6,,5.25508443629776,851.9855732978593,1.0,1.5554287707111931,0.9664422334619767,1557565.9298421503,1557565.9298421503,1557565.9298421503,300412.2,120164.87999999999,180247.32,250343.5,150206.1,0.7475960541802883,0.6890659348818954,5.26195941461725,678032.9694862266,782097.5352130398,730065.2523496333,678032.9694862266,,0.7362199592282007,-0.6674701760332998,0.3791889099483358,0.0343748915974504,0.3791889099483358,0.3,0.3,0.25,0.15,0.3,0.12,0.18,0.25,0.15,1001374.0,1001374.0,2.2746999999999957,2.2746999999999957,0.6824099999999987,0.09553739999999981,0.7461015999999986,0.7301786999999986,0.7938702999999985,0.321,0.679,0.3,0.041999999999999996,0.328,0.6699999999999999,0.5,0.35,allocation_proxy,False,-811237.2728635657,-811237.2728635657,5.25508443629776,0.0068749783194900806,0.2,-204253.06295907975,-1121802.77829883,-715780.561132125,-386825.12957206933,-898352.6277451145,-665402.8319414437,461149.768982364,-456399.9463573862,-50377.729190681246,278577.7023693744,-232949.79580367077,990226.6666666666,678032.9694862266,min_headroom,17585.495462425053,17585.495462425053,1994951.088492196,-771985.4888182082,12.0,80.14891666666666,9.45108333333333,U,18257953.35645318,11475002.81068252,-8340426.87561281,-19815429.686294332,min,19815429.68629533,11475002.81068252,False,False,325529.16260427237,325529.16260427237,0.0,0.0015316561369367028,4102.216650106528,,,,,2.2746999999999957,-43212.9221078984,-33048.2391558449,43215.19680789858,0.7501395615917891,5.247147950404826,-32415.722445119034,-173409.0003510801,140993.27790596106,-140991.00320596105,35.839999999999996,1000.0,1.0,dashboard_retrospective,none
2002-09-30,91.8957,36.758280000000006,91.8957,,4.76058413074848,873.8148509833493,1.0,1.5554287707111931,0.9664422334619767,1555926.5079178207,1555926.5079178207,1555926.5079178207,300096.0,120038.4,180057.6,250080.0,150048.0,0.7656201744773748,0.7062264670953001,4.751514431690352,707989.4453029317,802317.5190908434,755153.4821968876,707989.4453029317,,0.07008096812797966,-0.16077795870926137,2.5634596530893146,-0.04534849529064083,2.5634596530893146,0.3,0.3,0.25,0.15,0.3,0.12,0.18,0.25,0.15,1000320.0,1000320.0,2.2957000000000107,2.2957000000000107,0.6887100000000032,0.09641940000000045,0.7529896000000036,0.7369197000000034,0.8011993000000038,0.32099999999999995,0.679,0.3,0.041999999999999996,0.328,0.6699999999999999,0.5,0.35,allocation_proxy,False,-791086.9793323799,-791086.9793323799,4.76058413074848,-0.009069699058128168,0.2,-204038.07562332018,-1120622.020531675,-715027.1635889161,-386417.97531544894,-897407.0632810448,-664702.459668081,460664.38404476084,-455919.56086359406,-50324.70392083505,278284.4843526321,-232704.6036129638,990973.6666666666,707989.4453029317,min_headroom,16586.894031475997,16586.894031475997,1702568.7388780497,-179634.7520859391,12.0,81.90339999999999,9.992300000000014,U,18259595.07407751,11521579.242031908,-8293850.444263423,-19815429.686294332,min,19815429.68629533,11521579.242031908,False,False,327170.8802286014,327170.8802286014,0.0,0.001445480607293152,4346.779386370085,,,,,2.2957000000000107,-1639.4219243295956,29956.475816705148,1641.7176243290305,0.7566081143288316,5.006736923153801,-1240.3999307563597,149984.19355906156,-151224.59348981793,151226.8891898179,36.758280000000006,1000.0,1.0,dashboard_retrospective,none
2002-12-31,93.752,37.5008,93.752,,4.54077637194931,891.4659762033583,1.0,1.5554287707111931,0.9664422334619767,1620083.2784233452,1620083.2784233452,1620083.2784233452,312470.1,124988.04,187482.06,260391.75,156235.05,0.7707908244085857,0.7115234130576951,4.5553959715928825,741815.6087730279,834369.2947375741,788092.451755301,741815.6087730279,,0.031893085917095165,0.11430291051862994,1.6846754534525978,0.07309799821786257,1.6846754534525978,0.3,0.3,0.25,0.15,0.3,0.12,0.18,0.25,0.15,1041567.0,1041567.0,1.8562999999999903,1.8562999999999903,0.5568899999999971,0.07796459999999958,0.6088663999999968,0.5958722999999969,0.6478486999999966,0.321,0.679,0.3,0.041999999999999996,0.328,0.6699999999999999,0.5,0.35,allocation_proxy,False,-639574.3102670084,-639574.3102670084,4.54077637194931,0.014619599643572515,0.2,-212451.34188335208,-1166829.5306093202,-744510.4543524238,-402351.45882856107,-934410.5712976328,-692110.671394258,479659.32951090595,-474718.8592150621,-52399.78295816574,289759.212565697,-242299.89990337472,1019476.6666666666,741815.6087730279,min_headroom,5117.179112510756,5117.179112510756,1521191.8915194517,316559.1679756564,12.0,83.68579999999999,10.06620000000001,U,18195440.159871984,11508163.573031528,-8307266.113263803,-19815429.686294332,min,19815429.68629533,11508163.573031528,False,False,263015.9660230763,263015.9660230763,0.0,0.000444138690106193,14146.899261753766,,,,,1.8562999999999903,64156.77050552447,33826.16347009619,-64154.91420552507,0.7682054994429803,4.653455201641617,49285.583928845095,157408.53635149877,-108122.95242265367,108124.80872265367,37.5008,1000.0,1.0,dashboard_retrospective,none
2003-03-31,95.6576,38.26304,95.6576,,4.152759803416147,909.5858836640324,1.0,1.5554287707111931,0.9664422334619767,1579401.038925394,1579401.038925394,1579401.038925394,304623.6,121849.44,182774.16,253853.0,152311.8,0.7827595561816122,0.7214366523588764,4.142020069533794,766267.861488202,851036.0187699124,808651.9401290572,766267.861488202,,0.1563333901466483,-0.2637307289701737,1.5655513177208242,-0.05369866941176266,1.5655513177208242,0.3,0.3,0.25,0.15,0.3,0.12,0.18,0.25,0.15,1015412.0,1015412.0,1.9056000000000068,1.9056000000000068,0.5716800000000021,0.08003520000000028,0.6250368000000023,0.6116976000000022,0.6650544000000024,0.321,0.679,0.3,0.041999999999999996,0.328,0.6699999999999999,0.5,0.35,allocation_proxy,False,-621807.6467501355,-621807.6467501355,4.152759803416147,-0.010739733882352533,0.2,-207116.43318620723,-1137529.0378200067,-725814.9014656794,-392247.92981347034,-910946.3980929425,-674730.9400756613,467614.5068894541,-462798.09774434543,-51083.961390018114,282483.01026219095,-236215.45801728126,1020572.3333333334,766267.861488202,min_headroom,64188.75280849403,64188.75280849403,1176245.5031406723,-28387.220403123152,12.0,85.47853333333335,10.179066666666657,U,18236124.304969937,11585526.09720224,-8229903.589093091,-19815429.686294332,min,19815429.68629533,11585526.09720224,False,False,303700.11112102866,303700.11112102866,0.0,0.005577671224531019,1126.4890048638333,,,,,1.9056000000000068,-40682.23949795123,24452.25271517411,40684.145097952336,0.776775190295099,4.348708020563338,-31600.95432765186,106335.70750331931,-137936.66183097116,137938.56743097116,38.263040000000004,1000.0,1.0,dashboard_retrospective,none
2003-06-30,97.7119,39.08476,97.7119,,3.956960664502166,929.1197448607488,1.0,1.5554287707111931,0.9664422334619767,1671496.421010433,1671496.421010433,1671496.421010433,322386.3,128954.51999999999,193431.78,268655.25,161193.15,0.7868982376631741,0.7246624214366062,3.9643645873045545,786912.6517318701,868342.4344879134,827627.5431098918,786912.6517318701,,0.06514393843718164,0.00889528958670118,0.19280218957401485,0.03701961401194139,0.19280218957401485,0.3,0.3,0.25,0.15,0.3,0.12,0.18,0.25,0.15,1074621.0,1074621.0,2.054299999999998,2.054299999999998,0.6162899999999993,0.0862805999999999,0.6738103999999993,0.6594302999999992,0.7169506999999992,0.32099999999999995,0.679,0.3,0.041999999999999996,0.328,0.6699999999999999,0.5,0.35,allocation_proxy,False,-565229.0413580871,-565229.0413580871,3.956960664502166,0.0074039228023882785,0.2,-219193.45895754156,-1203858.721534878,-768137.4015945743,-415120.0326410179,-964063.9752780506,-714074.7180012125,494881.2590436709,-489784.00353366556,-54062.68359336187,298954.68536019453,-249989.25727683818,1031202.0,786912.6517318701,min_headroom,72310.07383380923,72310.07383380923,1218998.2501514417,96214.64346102522,12.0,87.28353333333332,10.428366666666676,U,18144030.9771849,11524399.954782704,-8291029.731512627,-19815429.686294332,min,19815429.68629533,11524399.954782704,False,False,211606.7833359912,211606.7833359912,0.0,0.006241414781437609,1006.6924771393508,,,,,2.054299999999998,92095.38208503905,20644.790243668132,-92093.32778503746,0.7848288969223931,4.053192328419175,72279.11713344752,83677.3054374587,-11398.188304011172,11400.242604011171,39.08476,1000.0,1.0,dashboard_retrospective,none
2003-09-30,100.5573,40.22292,100.5573,,4.166390397954706,956.1759920734914,1.0,1.5554287707111931,0.9664422334619767,1694053.2490432868,1694053.2490432868,1694053.2490432868,326736.89999999997,130694.76,196042.13999999998,272280.75,163368.44999999998,0.7763230919137588,0.7165921257724045,4.136139665255628,800365.83503036,889316.1122424622,844840.9736364111,800365.83503036,,0.007519787137673937,-0.3100271141284561,-0.15599910948412346,-0.15125366349539113,-0.15599910948412346,0.3,0.3,0.25,0.15,0.3,0.12,0.18,0.25,0.15,1089123.0,1089123.0,2.845399999999998,2.845399999999998,0.8536199999999994,0.1195067999999999,0.9332911999999993,0.9133733999999993,0.9930445999999993,0.321,0.679,0.3,0.041999999999999996,0.328,0.6699999999999999,0.5,0.35,allocation_proxy,False,-411415.84118576767,-411415.84118576767,4.166390397954706,-0.030250732699078228,0.2,-222151.4725658763,-1220104.7833368517,-778503.4083987634,-420722.07346597855,-977074.0092988657,-723711.1494132672,501559.67684739083,-496393.6339235846,-54792.25898549624,302989.0759472886,-253362.85988559853,1067216.6666666667,800365.83503036,min_headroom,54405.288745493395,54405.288745493395,1057989.3906376134,366201.07149474224,12.0,89.18860833333332,11.368691666666678,U,18121476.994552042,11522025.747097585,-8293403.939197746,-19815429.686294332,min,19815429.68629533,11522025.747097585,False,False,189052.8007031344,189052.8007031344,0.0,0.0047208782200339056,1330.9356891511725,,,,,2.845399999999998,22556.82803285378,13453.183298489894,-22553.982632856816,0.7816106647884664,4.050252126280092,17630.65735427796,54488.78425994451,-36858.12690566655,36860.972305666546,40.22292,1000.0,1.0,dashboard_retrospective,none
2003-12-31,103.8413,41.53652,103.8413,,4.36730332898551,987.4027847376674,1.0,1.5554287707111931,0.9664422334619767,1690503.760588524,1690503.760588524,1690503.760588524,326052.3,130420.92,195631.38,271710.25,163026.15,0.7675975422499266,0.708738032505022,4.294868378803433,798674.6053326196,893204.2924439687,845939.448888294,798674.6053326196,,-0.0421630963525803,-0.682186405468184,-0.4586582012470004,-0.3621747509103821,-0.4586582012470004,0.3,0.3,0.25,0.15,0.3,0.12,0.18,0.25,0.15,1086841.0,1086841.0,3.284000000000006,3.284000000000006,0.9852000000000017,0.13792800000000024,1.077152000000002,1.0541640000000019,1.1461160000000021,0.321,0.679,0.3,0.041999999999999996,0.328,0.6699999999999999,0.5,0.35,allocation_proxy,False,-340495.84804402787,-340495.84804402787,4.36730332898551,-0.07243495018207642,0.2,-221686.0066264045,-1217548.341947243,-776872.2383858577,-419840.54973390297,-975026.7814933561,-722194.7836373529,500508.7770109484,-495353.5583098902,-54677.454748504795,302354.2339034499,-252831.99785600323,1082263.6666666667,798674.6053326196,min_headroom,33159.591494160006,33159.591494160006,918825.1441529307,505365.3179794249,12.0,91.22039166666667,12.620908333333333,U,18125029.767006807,11523041.675005738,-8292388.011289594,-19815429.686294332,min,19815429.68629533,11523041.675005738,False,False,192605.57315789908,192605.57315789908,0.0,0.0028779306887517547,2183.2302396083046,,,,,3.284000000000006,-3549.4884547628462,-1691.229697740404,3552.772454764694,0.7719603170818428,4.215504022029531,-2740.0642330170667,-7129.385593000461,4389.321359983394,-4386.037359983395,41.53652,1000.0,1.0,dashboard_retrospective,none
2004-03-31,107.3632,42.94528,107.3632,,4.153131344466403,1020.89171320416,1.0,1.5554287707111931,0.9664422334619767,1715174.416320774,1715174.416320774,1715174.416320774,330810.6,132324.24,198486.36,275675.5,165405.3,0.7758620255104504,0.7149494601779057,4.1422100693554045,822180.5117665798,913124.8967332753,867652.7042499277,822180.5117665798,,-0.2583798761195915,0.14916712500960233,-0.5835196700357556,-0.0546063755549946,-0.5835196700357556,0.3,0.3,0.25,0.15,0.3,0.12,0.18,0.25,0.15,1102702.0,1102702.0,3.5219000000000023,3.5219000000000023,1.0565700000000007,0.14791980000000007,1.1551832000000009,1.1305299000000006,1.2291431000000008,0.32099999999999995,0.679,0.3,0.041999999999999996,0.328,0.6699999999999999,0.5,0.35,allocation_proxy,False,-278002.81363858207,-278002.81363858207,4.153131344466403,-0.01092127511099892,0.2,-224921.21927581818,-1235316.8418949128,-788209.6562538237,-425967.56459562556,-989256.0015736311,-732734.2567187623,507813.0374429441,-502582.58517615043,-55475.399535061326,306766.6921231368,-256521.74485486874,1095013.6666666667,822180.5117665798,min_headroom,42310.6347058455,42310.6347058455,991794.2052994601,630717.4334112991,12.0,93.38728333333334,13.975916666666663,U,18100362.633174557,11533633.400824426,-8281796.285470905,-19815429.686294332,min,19815429.68629533,11533633.400824426,False,False,167938.4393256493,167938.4393256493,0.0,0.003671828662879884,1711.1869545273298,,,,,3.5219000000000023,24670.655732250074,23505.90643396019,-24667.13383224979,0.7717297838801884,4.218539224079419,19039.07981643188,99160.58828920184,-80121.50847276996,80125.03037276996,42.945280000000004,1000.0,1.0,dashboard_retrospective,none
2004-06-30,111.6182,44.64728,111.6182,,4.35707825901876,1061.351519168249,1.0,1.5554287707111931,0.9664422334619767,1866568.9648604067,1866568.9648604067,1866568.9648604067,360010.5,144004.19999999998,216006.3,300008.75,180005.25,0.768117544691089,0.707135596331408,4.3758106912797725,851458.76115768,951971.7296606757,901715.245409178,851458.76115768,,0.030860381403734136,0.15646394120639284,-0.6332565505719904,0.0936621613050635,-0.6332565505719904,0.3,0.3,0.25,0.15,0.3,0.12,0.18,0.25,0.15,1200035.0,1200035.0,4.2549999999999955,4.2549999999999955,1.2764999999999986,0.17870999999999979,1.3956399999999987,1.3658549999999985,1.4849949999999985,0.321,0.679,0.3,0.041999999999999996,0.328,0.6699999999999999,0.5,0.35,allocation_proxy,False,-31627.58948827049,-31627.58948827049,4.35707825901876,0.0187324322610127,0.2,-244774.50423927448,-1344355.452663876,-857783.1316552951,-463566.75364650786,-1076575.3810625286,-797411.0446534965,552636.540414222,-546944.4080103796,-60372.087001798674,333844.2910069886,-279164.3364090321,1152997.6666666667,851458.76115768,min_headroom,65110.51719838218,65110.51719838218,1088882.685417565,727805.9135294037,12.0,95.78911666666666,15.829083333333344,U,17948972.339634925,11426160.481371444,-8389269.204923887,-19815429.686294332,min,19815429.68629533,11426160.481371444,False,False,16548.14578601718,16548.14578601718,0.0,0.005645273690919296,1112.9992363853682,,,,,4.2549999999999955,151394.5485396327,29278.249391100137,-151390.2935396321,0.7719897851007697,4.259010380317589,116875.04499253909,124696.36807422261,-7821.323081683528,7825.578081683528,44.64728,1000.0,1.0,dashboard_retrospective,none
2004-09-30,115.4229,46.169160000000005,115.4229,,4.207142545454547,1097.529527100463,1.0,1.5554287707111931,0.9664422334619767,1856474.232138491,1856474.232138491,1856474.232138491,358063.5,143225.4,214838.1,298386.25,179031.75,0.7730459422072813,0.7111932192764692,4.194638456922995,887296.769375106,987171.2906945151,937234.0300348104,887296.769375106,,-0.2527172019544402,0.12767631663892454,-0.7591701587854013,-0.06252044265775784,-0.7591701587854013,0.3,0.3,0.25,0.15,0.3,0.12,0.18,0.25,0.15,1193545.0,1193545.0,3.804699999999997,3.804699999999997,1.141409999999999,0.15979739999999984,1.247941599999999,1.221308699999999,1.327840299999999,0.32099999999999995,0.679,0.3,0.041999999999999996,0.328,0.6699999999999999,0.5,0.35,allocation_proxy,False,116808.67572276796,116808.67572276796,4.207142545454547,-0.01250408853155157,0.2,-243450.72073919917,-1337084.9423139377,-853144.0898569785,-461059.7032428398,-1070753.0723606192,-793098.5057027148,549647.7849635156,-543986.4366112229,-60045.58415426372,332038.802459875,-277654.5666579044,1186920.3333333333,887296.769375106,min_headroom,44332.63321075612,44332.63321075612,1231563.4823956667,870486.7105075053,12.0,98.37639999999999,17.04650000000001,U,17959070.87705684,11490016.0311195,-8325413.655175832,-19815429.686294332,min,19815429.68629533,11490016.0311195,False,False,26646.68320793286,26646.68320793286,0.0,0.003879923906463024,1619.4094159200658,,,,,3.804699999999997,-10094.732721915701,35838.00821742602,10098.53742191568,0.7705817434491851,4.285224574101384,-7778.816740507339,153573.9135001613,-161352.73024066864,161356.53494066864,46.169160000000005,1000.0,1.0,dashboard_retrospective,none
2004-12-31,119.762,47.9048,119.762,,3.84581760568417,1138.7890204162748,1.0,1.5554287707111931,0.9664422334619767,1862387.972324735,1862387.972324735,1862387.972324735,359204.1,143681.63999999998,215522.46,299336.75,179602.05,0.7868654210646079,0.7220168636136298,3.7594876879043655,930410.8518530283,1023475.0123464633,976942.9320997457,930410.8518530283,,-0.2251428464655826,-0.6381563313324626,-1.0313064584068163,-0.4316495888990226,-1.0313064584068163,0.3,0.3,0.25,0.15,0.3,0.12,0.18,0.25,0.15,1197347.0,1197347.0,4.339100000000002,4.339100000000002,1.3017300000000005,0.18224220000000008,1.4232248000000007,1.3928511000000006,1.5143459000000008,0.321,0.679,0.3,0.041999999999999996,0.328,0.6699999999999999,0.5,0.35,allocation_proxy,False,209903.11656685808,209903.11656685808,3.84581760568417,-0.08632991777980453,0.2,-244226.22534124638,-1341344.1842785703,-855861.753480584,-462528.3944038176,-1074163.9225431553,-795624.8960094748,551398.6706682284,-545719.2882690956,-60236.85747110925,333096.50160565716,-278539.0265336805,1209603.3333333333,930410.8518530283,min_headroom,65832.35760541959,65832.35760541959,1281331.2082428914,920254.4363547305,12.0,101.20895,18.55305,U,17953161.475970596,11548777.753750138,-8266651.932545193,-19815429.686294332,min,19815429.68629533,11548777.753750138,False,False,20737.282121688128,20737.282121688128,0.0,0.005729527045664652,1096.6324544944544,1.1446117103885318e-07,1.8861016713813525e-06,2.000562842420206e-06,2.000562842420206e-06,4.339100000000002,5913.7401862440165,43114.08247792232,-5909.401086244732,0.7799556816359445,3.97706307241368,4612.455257979829,171467.42532394256,-166854.97006596273,166859.30916596274,47.9048,1000.0,1.0,dashboard_retrospective,none
2005-03-31,124.6986,49.87944,124.6986,,3.6704455910973066,1185.7300023486655,1.0,1.5554287707111931,0.9664422334619767,1982431.2985619127,1982431.2985619127,1982431.2985619127,382357.2,152942.88,229414.31999999998,318631.0,191178.6,0.7930435694341176,0.7261418246239769,3.6930029913990614,985233.2770191372,1077994.7402349804,1031614.0086270588,985233.2770191372,,-0.005906804537136111,0.23148080755468273,-1.1581384467073006,0.1127870015087733,-1.1581384467073006,0.3,0.3,0.25,0.15,0.3,0.12,0.18,0.25,0.15,1274524.0,1274524.0,4.9365999999999985,4.9365999999999985,1.4809799999999995,0.20733719999999992,1.6192047999999997,1.5846485999999995,1.7228733999999997,0.321,0.679,0.3,0.041999999999999996,0.328,0.6699999999999999,0.5,0.35,allocation_proxy,False,413049.7465675798,413049.7465675798,3.6704455910973066,0.02255740030175466,0.2,-259968.23446070912,-1427802.7632118848,-911027.7517654346,-492341.4343119674,-1143400.951616693,-846908.2270733379,586939.9926126287,-580894.5361385469,-64119.52469209675,354566.7927613705,-296492.7245433552,1263517.6666666667,985233.2770191372,min_headroom,77538.35954750306,77538.35954750306,1312204.0141754297,1297945.2429894286,12.0,104.32339166666668,20.37520833333332,U,17833123.086333416,11510973.001862124,-8304456.684433208,-19815429.686294332,min,19815429.68629533,11510973.001862124,False,False,-99301.10751549155,0.0,99301.10751549155,0.006713988371827891,935.8349998853188,6.381582757535049e-08,1.811800775525424e-06,1.8756166031007745e-06,1.8756166031007745e-06,4.9365999999999985,120043.32623717771,54822.42516610888,-120038.38963717967,0.7899544952493627,3.7262453396517135,94828.7651857443,204281.80628361803,-109453.04109787373,109457.97769787374,49.87944,1000.0,1.0,dashboard_retrospective,none
2005-06-30,129.6287,51.85148000000001,129.6287,,3.410829105339103,1232.6091772919222,1.0,1.5554287707111931,0.9664422334619767,2105431.4948922126,2105431.4948922126,2105431.4948922126,406080.6,162432.24,243648.36,338400.5,203040.3,0.8018039980056939,0.7321008747225215,3.4559881385347166,1038273.3214743324,1127237.2143162217,1082755.267895277,1038273.3214743324,,-0.0021135694932535357,0.4537039014493916,-1.0301996640890523,0.22579516597806903,-1.0301996640890523,0.3,0.3,0.25,0.15,0.3,0.12,0.18,0.25,0.15,1353602.0,1353602.0,4.93010000000001,4.93010000000001,1.479030000000003,0.2070642000000004,1.6170728000000034,1.5825621000000032,1.7206049000000037,0.321,0.679,0.3,0.041999999999999996,0.328,0.6699999999999999,0.5,0.35,allocation_proxy,False,557653.0226505211,557653.0226505211,3.410829105339103,0.04515903319561381,0.2,-276097.9958811955,-1516390.9631275155,-967552.5818620881,-522888.8198006061,-1214343.4057814986,-899454.7532905806,623356.7574093852,-616936.2098369349,-68097.82857150747,376565.9334899745,-314888.65249091806,1305165.0,1038273.3214743324,min_headroom,17850.428189225262,17850.428189225262,1351811.22428711,1337552.453101109,12.0,107.65911666666666,21.969583333333347,U,17710127.820103116,11467537.802314617,-8347891.883980714,-19815429.686294332,min,19815429.68629533,11467537.802314617,False,False,-222296.3737457916,0.0,222296.3737457916,0.0015507314791145465,4051.755827364276,1.5553651364411787e-07,3.1036143711065508e-06,3.2591508847506688e-06,3.2591508847506688e-06,4.93010000000001,123000.19633029983,53040.044455195195,-122995.26623030007,0.7974237837199057,3.574495564966889,98083.28195599896,189591.40367074186,-91508.1217147429,91513.0518147429,51.85148000000001,1000.0,1.0,dashboard_retrospective,none
2005-09-30,134.1259,53.650360000000006,134.1259,,3.2623580809649266,1275.372006758832,1.0,1.5554287707111931,0.9664422334619767,2101602.0292587215,2101602.0292587215,2101602.0292587215,405342.0,162136.8,243205.19999999998,337785.0,202671.0,0.8044970918706126,0.7340187947583577,3.2838539268330487,1081070.3739135403,1168765.2492756934,1124917.8115946169,1081070.3739135403,,-0.11083340930434034,0.32579186798556214,-1.2050062744861354,0.10747922934061087,-1.2050062744861354,0.3,0.3,0.25,0.15,0.3,0.12,0.18,0.25,0.15,1351140.0,1351140.0,4.497199999999992,4.497199999999992,1.3491599999999977,0.18888239999999965,1.4750815999999976,1.4436011999999976,1.5695227999999974,0.321,0.679,0.3,0.041999999999999996,0.328,0.6699999999999999,0.5,0.35,allocation_proxy,False,679488.1890146823,679488.1890146823,3.2623580809649266,0.021495845868122174,0.2,-275595.81483694504,-1513632.874301391,-965792.7481321257,-521937.76308352896,-1212134.6963787097,-897818.77934654,622222.964509595,-615814.094954851,-67973.96878558572,375881.016263011,-314315.91703216976,1344155.0,1081070.3739135403,min_headroom,5384.837682764977,5384.837682764977,1338625.375087373,1324366.603901372,12.0,111.1783,22.94760000000001,U,17713961.78293661,11535567.343806919,-8279862.342488411,-19815429.686294332,min,19815429.68629533,11535567.343806919,False,False,-218462.41091229767,0.0,218462.41091229767,0.0004695722635139775,13380.656813416235,1.5122848451948397e-07,4.110703134118367e-06,4.261931618637851e-06,4.261931618637851e-06,4.497199999999992,-3829.465633491054,42797.05243920791,3833.962833493948,0.8031505449381533,3.369921032683883,-3075.6374103602707,144222.6871517618,-147298.32456212208,147302.8217621221,53.650360000000006,1000.0,1.0,dashboard_retrospective,none
2005-12-31,137.8443,55.13772,137.8443,,3.4198654538239537,1310.729408050693,1.0,1.5554287707111931,0.9664422334619767,2185144.1085336194,2185144.1085336194,2185144.1085336194,421455.0,168582.0,252873.0,351212.5,210727.5,0.7929805217860498,0.7267122644405182,3.5061139295686297,1102580.0731579382,1197474.7154386255,1150027.3942982818,1102580.0731579382,,0.05777558952430543,0.8047091679224524,-1.094088080869559,0.431242378723379,-1.094088080869559,0.3,0.3,0.25,0.15,0.3,0.12,0.18,0.25,0.15,1404850.0,1404850.0,3.7184000000000026,3.7184000000000026,1.1155200000000007,0.15617280000000008,1.2196352000000008,1.1936064000000008,1.297721600000001,0.321,0.679,0.3,0.041999999999999996,0.328,0.6699999999999999,0.5,0.35,allocation_proxy,False,806535.4197467057,806535.4197467057,3.4198654538239537,0.08624847574467581,0.2,-286551.19415729103,-1573802.228830698,-1004184.5717049431,-542685.6332192783,-1260319.0107669304,-933508.5277358282,646957.3335785372,-640293.7010948698,-70676.0439691149,390822.8945165499,-326810.4830311022,1387264.0,1102580.0731579382,min_headroom,-4975.549440897303,4975.549440897303,1305314.7508192183,1291055.9796332174,12.0,114.85265833333334,22.991641666666666,U,17630423.42206171,11484293.531798618,-8331136.154496713,-19815429.686294332,min,19815429.68629533,11484293.531798618,False,False,-302000.7717871964,0.0,302000.7717871964,0.0004313224735815459,14567.256964392063,1.45343984199059e-07,4.756541395531588e-06,4.901885379730647e-06,4.901885379730647e-06,3.7184000000000026,83542.07927489793,21509.699244397925,-83538.36087489873,0.7987388068283312,3.394983928200839,66728.30071998983,73025.0832351647,-6296.782515174869,6300.500915174869,55.13772,1000.0,1.0,dashboard_retrospective,none
2006-03-31,140.4214,56.16856000000001,140.4214,,3.5582960356389997,1335.2344529273216,1.0,1.5554287707111931,0.9664422334619767,2226243.2029421213,2226243.2029421213,2226243.2029421213,429381.89999999997,171752.75999999998,257629.13999999998,357818.25,214690.94999999998,0.7814866301412954,0.7193534488526913,3.5486942668395387,1133137.665345554,1235647.6657859248,1184392.6655657394,1133137.665345554,,-0.014552160961005735,-0.08146552703360474,-1.1868094615338676,-0.048008843997305206,-1.1868094615338676,0.3,0.3,0.25,0.15,0.3,0.12,0.18,0.25,0.15,1431273.0,1431273.0,2.5771000000000015,2.5771000000000015,0.7731300000000004,0.10823820000000005,0.8452888000000005,0.8272491000000004,0.8994079000000005,0.32099999999999995,0.679,0.3,0.041999999999999996,0.328,0.6699999999999999,0.5,0.35,allocation_proxy,False,973038.066092635,973038.066092635,3.5582960356389997,-0.009601768799461043,0.2,-291940.7675659952,-1603402.9522477128,-1023071.690570416,-552892.6891231491,-1284023.61212757,-951066.3423269686,659125.5747609733,-652336.6099207442,-72005.34824344749,398173.6532038194,-332957.2698006014,1440667.6666666667,1133137.665345554,min_headroom,-14563.198081380688,14563.198081380688,1329426.4212956047,1315167.6501096035,12.0,118.58297499999999,21.838425000000015,U,17589326.90475321,11489033.40277154,-8326396.283523791,-19815429.686294332,min,19815429.68629533,11489033.40277154,False,False,-343097.2890956998,0.0,343097.2890956998,0.0012680969918660609,4954.814456214111,1.418251340577775e-07,4.553421906429892e-06,4.69524704048767e-06,4.69524704048767e-06,2.5771000000000015,41099.09440850187,30557.59218761581,-41096.51730850339,0.7872335759636726,3.527404098204084,32354.58706007351,107788.97591384512,-75434.38885377161,75436.9659537716,56.16856000000001,1000.0,1.0,dashboard_retrospective,none
2006-06-30,139.4207,55.76828,139.4207,,4.049007141897233,1325.7190292309024,1.0,1.5554287707111931,0.9664422334619767,2383030.4230298097,2383030.4230298097,2383030.4230298097,459621.89999999997,183848.75999999998,275773.14,383018.25,229810.94999999998,0.7515471516433471,0.69769464138489,4.048652344550331,1128734.3989277862,1249486.2659518577,1189110.332439822,1128734.3989277862,,0.23133998223506133,-0.23488795570407758,-0.7913704886556902,-0.0017739867345081262,-0.7913704886556902,0.3,0.3,0.25,0.15,0.3,0.12,0.18,0.25,0.15,1532073.0,1532073.0,0.0,-1.0006999999999948,0.0,0.0,0.0,0.0,0.0,,,0.3,0.041999999999999996,0.328,0.6699999999999999,0.5,0.35,allocation_proxy,False,1132639.0639748864,1132639.0639748864,4.049007141897233,-0.0003547973469016253,0.2,-312501.2262420496,-1716325.516696682,-1095123.3721220824,-591831.1607240341,-1374453.3066040669,-1018046.916477783,705545.6902357334,-698278.600218899,-77076.45564429939,426215.75575374893,-356406.39012628386,1490990.0,1128734.3989277862,min_headroom,99861.90377893392,99861.90377893392,1291664.2076346977,1243952.2952506216,12.0,122.05870833333334,17.36199166666667,U,17432538.68396552,11325640.2823572,-8489789.403938131,-19815429.686294332,min,19815429.68629533,11325640.2823572,False,False,-499885.5098833889,0.0,499885.5098833889,0.008691932582844078,722.8755224794521,3.0546001757087733e-07,5.285461882154731e-06,5.590921899725608e-06,5.590921899725608e-06,-1.0006999999999948,156787.22008768842,-4403.2664177678525,-156788.2207876891,0.7665168908923212,3.798673305694935,120180.05247326502,-16726.570599037703,136906.62307230273,-136907.62377230273,55.768280000000004,1000.0,1.0,dashboard_retrospective,none
2006-09-30,138.3961,55.35844,138.3961,,3.9681064982746768,1315.9763459898195,1.0,1.5554287707111931,0.9664422334619767,2366681.3112208643,2366681.3112208643,2366681.3112208643,456468.6,182587.44,273881.16,380390.5,228234.3,0.7466143081087571,0.6968597737063774,4.020977838075149,1169519.8788117461,1291375.5858744977,1230447.732343122,1169519.8788117461,,0.2143314683092518,0.3143819296954726,-0.9107323480371828,0.2643566990023622,-0.9107323480371828,0.3,0.3,0.25,0.15,0.3,0.12,0.18,0.25,0.15,1521562.0,1521562.0,0.0,-1.0246000000000208,0.0,0.0,0.0,0.0,0.0,,,0.3,0.041999999999999996,0.328,0.6699999999999999,0.5,0.35,allocation_proxy,False,1288535.350631631,1288535.350631631,3.9681064982746768,0.05287133980047244,0.2,-310357.2680957797,-1704550.4266676828,-1087610.125844408,-587770.8206943029,-1365023.6784429313,-1011062.463949021,700705.1958532413,-693487.9627186619,-76547.66189538711,423291.64325471804,-353961.2144939103,1535087.0,1169519.8788117461,min_headroom,126302.58166849264,126302.58166849264,1449096.6917839313,1415643.550585856,12.0,125.21194166666668,13.184158333333315,U,17448886.771174468,11403166.589392085,-8412263.096903246,-19815429.686294332,min,19815429.68629533,11403166.589392085,False,False,-483537.42267443985,0.0,483537.42267443985,0.011151915346035107,563.4175935000687,3.9297741903525375e-07,5.268723686244557e-06,5.66170110527981e-06,5.66170110527981e-06,-1.0246000000000208,-16349.111808945425,40785.47988395998,16348.08720894903,0.749080729876052,4.0348150913127405,-12246.804606670019,164561.86974223395,-176808.67434890397,176807.64974890396,55.35844,1000.0,1.0,dashboard_retrospective,none
2006-12-31,138.3649,55.345960000000005,138.3649,,3.8626508044733066,1315.679672441975,1.0,1.5554287707111931,0.9664422334619767,2423788.878537526,2423788.878537526,2423788.878537526,467483.1,186993.24,280489.86,389569.25,233741.55,0.7448377190136031,0.6975260655984682,3.8664723566492762,1183759.9979635302,1302805.9986423536,1243282.9983029421,1183759.9979635302,,-0.010862660013405733,0.049078181773102046,-1.3073668698774676,0.01910776087984813,-1.3073668698774676,0.3,0.3,0.25,0.15,0.3,0.12,0.18,0.25,0.15,1558277.0,1558277.0,0.0,-0.03119999999998413,0.0,0.0,0.0,0.0,0.0,,,0.3,0.041999999999999996,0.328,0.6699999999999999,0.5,0.35,allocation_proxy,False,1285823.3104804724,1285823.3104804724,3.8626508044733066,0.0038215521759696262,0.2,-317846.12960660644,-1745680.9023992692,-1113853.950131803,-601953.6181628198,-1397961.4386880165,-1035459.207797703,717613.0781910965,-710221.6946015662,-78394.74233410007,433505.5896348832,-362502.2308903135,1540898.0,1183759.9979635302,min_headroom,75245.56076968624,75245.56076968624,1406095.218783049,1372642.0775849735,12.0,128.08890833333334,10.27599166666667,U,17391779.172657803,11367419.1696031,-8448010.51669223,-19815429.686294332,min,19815429.68629533,11367419.1696031,False,False,-540645.0211911052,0.0,540645.0211911052,0.006598654871856754,952.1918374572605,4.227616709378368e-07,5.501819393172224e-06,5.924581064110061e-06,5.924581064110061e-06,-0.03119999999998413,57107.56731666159,14240.119151784107,-57107.5985166654,0.7457260135611801,3.943725097362212,42586.598519230785,56159.11528831928,-13572.516769088492,13572.485569088492,55.345960000000005,1000.0,1.0,dashboard_retrospective,none
2007-03-31,137.0322,54.81288,137.0322,,4.08101498063241,1303.0073379159253,1.0,1.5554287707111931,0.9664422334619767,2450155.3513750453,2450155.3513750453,2450155.3513750453,472568.47709999996,189027.39083999998,283541.08626,393807.06425,236284.23854999998,0.7277623753284734,0.6853707868564423,4.091254731531131,1181194.4449786241,1308859.1348746384,1245026.7899266314,1181194.4449786241,,0.0746085782557533,0.027788930731457866,-1.0551521310482654,0.05119875449360565,-1.0551521310482654,0.3,0.3,0.25,0.15,0.3,0.12,0.18,0.25,0.15,1575228.257,1575228.257,0.0,-1.3327000000000169,0.0,0.0,0.0,0.0,0.0,,,0.3,0.041999999999999996,0.328,0.6699999999999999,0.5,0.35,allocation_proxy,False,1350069.9694846596,1350069.9694846596,4.08101498063241,0.010239750898721131,0.2,-321303.72503374604,-1764670.7775091256,-1125970.6819895853,-608501.7931558138,-1413168.750111653,-1046723.1455599848,725419.4205262389,-717947.6319491408,-79247.53642960044,438221.352404171,-366445.60455166816,1564188.5146666665,1181194.4449786241,min_headroom,158209.0793049368,158209.0793049368,1291606.8359509013,1237737.724268676,12.0,130.56132499999998,6.470875000000007,U,17365411.367120285,11337203.034588221,-8478226.651707109,-19815429.686294332,min,19815429.68629533,11337203.034588221,False,False,-567012.8267286234,0.0,567012.8267286234,0.013917765936527946,451.45070953442456,4.6947348575679156e-07,5.618216519176748e-06,6.0876900049335395e-06,6.0876900049335395e-06,-1.3327000000000169,26366.472837519366,-2565.5529849061277,-26367.805537518114,0.7363000471710383,3.978863544090203,19413.63519399941,-10207.985242074794,29621.620436074205,-29622.953136074204,54.81288,1000.0,1.0,dashboard_retrospective,none
2007-06-30,132.9505,53.180200000000006,132.9505,,4.426577668046927,1264.195401369833,1.0,1.5554287707111931,0.9664422334619767,2566071.618013747,2566071.618013747,2566071.618013747,494925.5793,197970.23172,296955.34758,412437.98275,247462.78965,0.7020343281770477,0.6660448710872159,4.500160918611469,1187954.1055750602,1331280.976716707,1259617.5411458835,1187954.1055750602,,0.14067699589324287,0.5951555097521779,-0.8389629640526953,0.3679162528227104,-0.8389629640526953,0.3,0.3,0.25,0.15,0.3,0.12,0.18,0.25,0.15,1649751.931,1649751.931,0.0,-4.081699999999984,0.0,0.0,0.0,0.0,0.0,,,0.3,0.041999999999999996,0.328,0.6699999999999999,0.5,0.35,allocation_proxy,False,1542407.63513143,1542407.63513143,4.426577668046927,0.07358325056454208,0.2,-336504.5278081979,-1848156.9320749887,-1179240.0870204207,-637289.8681919508,-1480025.4274041736,-1096243.3684999463,759738.8406917484,-751913.5635750424,-82996.71852047439,458953.5003079955,-383782.05890422734,1617934.7189999998,1187954.1055750602,min_headroom,193876.27183315763,193876.27183315763,1167070.4493696764,1113201.3376874514,12.0,132.33901666666668,0.6114833333333252,U,17249491.018781584,11231422.177144174,-8584007.509151157,-19815429.686294332,min,19815429.68629533,11231422.177144174,False,False,-682933.1750673242,0.0,682933.1750673242,0.017100890867144943,367.4185956739333,5.508762358051845e-07,5.457534887788876e-06,6.008411123594061e-06,6.008411123594061e-06,-4.081699999999984,115916.26663870178,6759.660596436122,-115920.34833870083,0.7148983517527605,4.2957078250712994,82868.34796134141,29037.52691893678,53830.82104240463,-53834.90274240463,53.180200000000006,1000.0,1.0,dashboard_retrospective,none
2007-09-30,129.3009,51.72036000000001,129.3009,,4.474714115415019,1229.49220328604,1.0,1.5554287707111931,0.9664422334619767,2655721.16768371,2655721.16768371,2655721.16768371,512216.5445999999,204886.61783999996,307329.92675999994,426847.12049999996,256108.27229999995,0.6902114152165568,0.6589694262173338,4.4070997956115034,1226228.1932523884,1376218.8863904811,1301223.5398214348,1226228.1932523884,,0.0879909590976989,-0.7641341571328563,0.4154979681287505,-0.3380715990175786,0.4154979681287505,0.3,0.3,0.25,0.15,0.3,0.12,0.18,0.25,0.15,1707388.4819999998,1707388.4819999998,0.0,-3.6495999999999924,0.0,0.0,0.0,0.0,0.0,,,0.3,0.041999999999999996,0.328,0.6699999999999999,0.5,0.35,allocation_proxy,False,1769476.4811060587,1769476.4811060587,4.474714115415019,-0.06761431980351572,0.2,-348260.8167473427,-1912725.0585126253,-1220438.6030758605,-659554.5428376497,-1531732.3291661676,-1134542.270067929,786281.4533205864,-778182.7884446962,-85896.33300793148,474987.72723027936,-397190.0590982386,1676200.2726666667,1226228.1932523884,min_headroom,95716.54770547361,95716.54770547361,1166061.6628162293,1112192.5511340043,12.0,133.49551666666667,-4.194616666666661,U,17159837.819511622,11199180.109390203,-8616249.576905128,-19815429.686294332,min,19815429.68629533,11199180.109390203,False,False,-772586.3743372858,0.0,772586.3743372858,0.00852221082920877,737.2717517906017,5.676907885777158e-07,5.184937123176125e-06,5.752627911753841e-06,5.752627911753841e-06,-3.6495999999999924,89649.54966996284,38274.08767732815,-89653.19926996157,0.6961228716968022,4.453630357111486,62407.10196257964,170458.63877049528,-108051.53680791563,108047.88720791563,51.72036000000001,1000.0,1.0,dashboard_retrospective,none
2007-12-31,125.1598,50.06392,125.1598,,4.344505711274233,1190.115445946935,1.0,1.5554287707111931,0.9664422334619767,3183043.4881269,3183043.4881269,3183043.4881269,613922.7102,245569.08408,368353.62612,511602.2585,306961.3551,0.6856646569854135,0.65862180195957,4.293075870323352,1389073.9976172398,1552395.7037448268,1470734.850681033,1389073.9976172398,,-0.27426100538250014,-0.24003740412630792,0.5097195332507921,-0.25714920475440406,0.5097195332507921,0.3,0.3,0.25,0.15,0.3,0.12,0.18,0.25,0.15,2046409.034,2046409.034,0.0,-4.141100000000009,0.0,0.0,0.0,0.0,0.0,,,0.3,0.041999999999999996,0.328,0.6699999999999999,0.5,0.35,allocation_proxy,False,2641732.7869020607,2641732.7869020607,4.344505711274233,-0.051429840950880816,0.2,-417411.7894629095,-2292517.420940652,-1462769.960736318,-790516.2703790024,-1835874.441652411,-1359817.9766342586,942406.1871713491,-932699.4443063934,-102951.98410205939,569301.7062552562,-476056.46501815226,1879039.1160000002,1389073.9976172398,min_headroom,-3752.3759320927784,3752.3759320927784,1670173.4087499455,1616304.2970677204,12.0,133.94533333333334,-8.785533333333333,U,16632511.357968431,10916122.35439429,-8899307.33190104,-19815429.686294332,min,19815429.68629533,10916122.35439429,False,False,-1299912.835880477,0.0,1299912.835880477,0.0003350580931318816,18752.525117208475,4.1770103820381306e-07,3.692353877693751e-06,4.110054915897564e-06,4.110054915897564e-06,-4.141100000000009,527322.3204431902,162845.80436485144,-527326.4615431912,0.6879380361009851,4.350087832967427,362765.0815179026,708393.5522173342,-345628.47069943155,345624.32959943154,50.06392,1000.0,1.0,dashboard_retrospective,none
2008-03-31,120.2914,48.11656,120.2914,,4.147209498274673,1143.822961962077,1.0,1.5554287707111931,0.9664422334619767,3138690.1520866053,3138690.1520866053,3138690.1520866053,605368.1553,242147.26212,363220.89318,504473.46275,302684.07765,0.683335633521921,0.6595959395503989,3.9435020613814475,1483336.7585498795,1647072.5181443642,1565204.638347122,1483336.7585498795,,-0.7318199200404489,-1.3052544488918068,1.1471661100251287,-1.0185371844661277,1.1471661100251287,0.3,0.3,0.25,0.15,0.3,0.12,0.18,0.25,0.15,2017893.851,2017893.851,0.0,-4.868400000000008,0.0,0.0,0.0,0.0,0.0,,,0.3,0.041999999999999996,0.328,0.6699999999999999,0.5,0.35,allocation_proxy,False,3003819.807351481,3003819.807351481,4.147209498274673,-0.20370743689322557,0.2,-411595.46762053226,-2260572.9011976793,-1442387.3527511645,-779501.0159798007,-1810292.9011104328,-1340869.927731922,929274.4601113896,-919702.9734657574,-101517.42501924257,561368.9117521212,-469422.9733785109,1974544.0373333332,1483336.7585498795,min_headroom,-168292.91114589293,168292.91114589293,1868783.2933188765,1814914.1816366515,12.0,133.57806666666667,-13.286666666666676,U,16676859.825608725,11101864.963433545,-8713564.722861785,-19815429.686294332,min,19815429.68629533,11101864.963433545,False,False,-1255564.3682401832,0.0,1255564.3682401832,0.015416913230012168,407.5514477793183,4.060944559703149e-07,3.5030688105969284e-06,3.909163266567244e-06,3.909163266567244e-06,-4.868400000000008,-44353.33604029473,94262.7609326397,44348.46764029376,0.6845001452536672,4.1182889658524,-30359.864962066455,388201.2882396727,-418561.1532017392,418556.2848017392,48.11656,1000.0,1.0,dashboard_retrospective,none
2008-06-30,114.8515,45.9406,114.8515,,4.505089677489177,1092.0962173171772,1.0,1.5554287707111931,0.9664422334619767,3264228.6028541084,3264228.6028541084,3264228.6028541084,629581.1157,251832.44628,377748.66942,524650.92975,314790.55785,0.654352102485991,0.6368371624630906,4.503892721284393,1486629.204782255,1670447.7836326144,1578538.4942074346,1486629.204782255,,-0.801270219646358,0.7893006575985196,0.25293541360764027,-0.005984781023919074,0.25293541360764027,0.3,0.3,0.25,0.15,0.3,0.12,0.18,0.25,0.15,2098603.719,2098603.719,0.0,-5.439899999999994,0.0,0.0,0.0,0.0,0.0,,,0.3,0.041999999999999996,0.328,0.6699999999999999,0.5,0.35,allocation_proxy,False,3207260.8518022113,3207260.8518022113,4.505089677489177,-0.0011969562047838148,0.2,-428058.08573326835,-2350989.2233296023,-1500078.6395290713,-810678.7828749313,-1882699.3366707342,-1394500.8136275215,966442.7278942531,-956488.4097020808,-105577.82590154978,583822.0307525902,-488198.5230432127,2038084.9413333333,1486629.204782255,min_headroom,-105403.07819154672,105403.07819154672,1738466.9027299026,1684597.7910476779,12.0,132.34663333333333,-17.495133333333328,U,16551315.934941221,10981259.742114604,-8834169.944180727,-19815429.686294332,min,19815429.68629533,10981259.742114604,False,False,-1381108.258907687,0.0,1381108.258907687,0.009494177648414492,661.7935265018835,3.9398996312388987e-07,3.2855640955006386e-06,3.6795540586245287e-06,3.6795540586245287e-06,-5.439899999999994,125538.45076750312,3292.446232375456,-125543.8906675037,0.6688438680039559,4.223697391332919,83965.62299456097,13906.296562788113,70059.32643177285,-70064.76633177284,45.9406,1000.0,1.0,dashboard_retrospective,none
2008-09-30,109.7655,43.906200000000005,109.7655,,4.60495022470042,1043.7346255114528,1.0,1.5554287707111931,0.9664422334619767,3854958.885505742,3854958.885505742,3854958.885505742,743516.9565,297406.7826,446110.1739,619597.46375,371758.47825,0.6378318581287789,0.6243648520411128,4.543374951297862,1622213.14123368,1828258.5128224536,1725235.8270280669,1622213.14123368,,-0.6258559184264704,0.010103184400894824,0.9658161262995991,-0.3078763670127877,0.9658161262995991,0.3,0.3,0.25,0.15,0.3,0.12,0.18,0.25,0.15,2478389.855,2478389.855,0.0,-5.0859999999999985,0.0,0.0,0.0,0.0,0.0,,,0.3,0.041999999999999996,0.328,0.6699999999999999,0.5,0.35,allocation_proxy,False,4054334.51089539,4054334.51089539,4.60495022470042,-0.06157527340255754,0.2,-505524.12893729965,-2776449.783044731,-1771549.172552978,-957388.0256432432,-2223413.0692589213,-1646864.8358874347,1141340.706950135,-1129584.9471572961,-124684.33666554326,689476.8102441914,-576548.2333714867,2240349.256,1622213.14123368,min_headroom,-133514.4885986126,133514.4885986126,2278773.9020839506,2224904.7904017256,12.0,130.3166,-20.55109999999999,U,15960580.566289589,10593900.278140109,-9221529.408155221,-19815429.686294332,min,19815429.68629533,10593900.278140109,False,False,-1971843.6275593191,0.0,1971843.6275593191,0.012158394549813501,516.7775466931171,2.6945723602642564e-07,2.4887552239471142e-06,2.75821245997354e-06,2.75821245997354e-06,-5.0859999999999985,590730.2826516335,135583.93645142508,-590735.3686516322,0.6460919803073849,4.523633836291127,381666.0981459351,613332.0825892125,-231665.98444327735,231660.89844327734,43.906200000000005,1000.0,1.0,dashboard_retrospective,none
2008-12-31,104.1256,41.65024,104.1256,,4.166797692028987,990.1061273547276,1.0,1.5554287707111931,0.9664422334619767,4639728.943078459,4639728.943078459,4639728.943078459,894877.8042,357951.12168,536926.68252,745731.5035,447438.9021,0.645187389891972,0.631836393947087,3.8677198149232317,2142405.1409905264,2379956.413104795,2261180.7770476607,2142405.1409905264,,-1.1581505023369933,-1.8326282687205593,5.467414510409459,-1.4953893855287763,5.467414510409459,0.3,0.3,0.25,0.15,0.3,0.12,0.18,0.25,0.15,2982926.014,2982926.014,0.0,-5.639899999999997,0.0,0.0,0.0,0.0,0.0,,,0.3,0.041999999999999996,0.328,0.6699999999999999,0.5,0.35,allocation_proxy,False,6803955.397957943,6803955.397957943,4.166797692028987,-0.2990778771057553,0.2,-608435.7841723659,-3341663.2446668823,-2132190.825921716,-1152287.4988460317,-2676042.540595382,-1982123.9788404754,1373688.1946681095,-1359539.265826407,-150066.84708124073,829836.4799944437,-693918.5617549066,2855058.9573333333,2142405.1409905264,min_headroom,-562235.158461059,562235.158461059,4358677.029462553,4304807.917780329,12.0,127.50670833333334,-23.38110833333333,U,15175804.868816871,10589412.58030266,-9226017.105992671,-19815429.686294332,min,19815429.68629533,10589412.58030266,False,False,-2756619.3250320368,0.0,2756619.3250320368,0.05307159249187933,118.39074375130157,3.058587635984242e-07,2.3939438993715054e-06,2.6998026629699295e-06,2.6998026629699295e-06,-5.639899999999997,784770.0575727173,520191.99975684634,-784775.6974727176,0.6415096240103755,4.205547383110546,503437.5445680746,2187692.103292447,-1684254.5587243724,1684248.9188243723,41.650240000000004,1000.0,1.0,dashboard_retrospective,none
2009-03-31,101.1033,40.441320000000005,101.1033,,4.146118191710916,961.3677791607752,1.0,1.5554287707111931,0.9664422334619767,4329682.374008791,4329682.374008791,4329682.374008791,835078.2348,334031.29391999997,501046.94087999995,695898.529,417539.1174,0.6379802476365668,0.6258099262801704,4.075287640334612,2105946.69316336,2338382.524664462,2222164.608913911,2105946.69316336,,-1.6240567694121355,0.9157512556490955,3.1651949587746735,-0.3541527568815199,3.1651949587746735,0.3,0.3,0.25,0.15,0.3,0.12,0.18,0.25,0.15,2783594.116,2783594.116,0.0,-3.0223000000000013,0.0,0.0,0.0,0.0,0.0,,,0.3,0.041999999999999996,0.328,0.6699999999999999,0.5,0.35,allocation_proxy,False,6452016.295315627,6452016.295315627,4.146118191710916,-0.070830551376304,0.2,-567777.4979456945,-3118358.987735926,-1989708.698562736,-1075286.7106573065,-2497217.911274348,-1849669.9612352022,1281892.4632895077,-1268689.026500724,-140038.73732753377,774383.2505778957,-647547.9500391458,2803254.187666667,2105946.69316336,min_headroom,-207332.6114994455,207332.6114994455,4486745.320312671,4176739.62693021,12.0,124.23020000000001,-23.126900000000006,U,15485848.415586539,10844768.455331579,-8970661.230963752,-19815429.686294332,min,19815429.68629533,10844768.455331579,False,False,-2446575.7782623693,0.0,2446575.7782623693,0.019579236329416837,320.9106423491814,2.500089365375668e-07,1.973652448767891e-06,2.223661385305458e-06,2.223661385305458e-06,-3.0223000000000013,-310046.56906966865,-36458.44782716641,310043.5467696674,0.6415838187642694,3.971503727628922,-198920.86177847782,-144794.86144915596,-54126.00032932186,54122.978029321865,40.441320000000005,1000.0,1.0,dashboard_retrospective,none
2009-06-30,101.0975,40.439,101.0975,,4.182477704052153,961.3126283089324,1.0,1.5554287707111931,0.9664422334619767,4500462.613953275,4500462.613953275,4500462.613953275,868017.1086,347206.84344,520810.26516,723347.5905,434008.5543,0.6346937728164179,0.6232122223400125,4.063773340867032,2066745.0683741954,2297794.940249464,2182270.00431183,2066745.0683741954,,-1.0943556663633132,-0.09268796548790036,1.5798918885233337,-0.5935218159256067,1.5798918885233337,0.3,0.3,0.25,0.15,0.3,0.12,0.18,0.25,0.15,2893390.362,2893390.362,0.0,-0.005800000000007799,0.0,0.0,0.0,0.0,0.0,,,0.3,0.041999999999999996,0.328,0.6699999999999999,0.5,0.35,allocation_proxy,False,6143202.3424733905,6143202.3424733905,4.182477704052153,-0.11870436318512134,0.2,-590172.9461467749,-3241359.7185413814,-2068190.8826139306,-1117700.3813592389,-2595718.317826395,-1922628.4492975443,1332455.5031507695,-1318731.269243837,-145562.4333163863,804928.0679383054,-673089.8685288506,2759894.6840000004,2066745.0683741954,min_headroom,-225724.3452815595,225724.3452815595,4481715.657931035,3852645.549827377,12.0,121.0366,-19.93910000000001,U,15315068.169842057,10615185.772403348,-9200243.913891982,-19815429.686294332,min,19815429.68629533,10615185.772403348,False,False,-2617356.024006851,0.0,2617356.024006851,0.020814123068767537,301.87124801850376,2.5475902881466206e-07,1.9883218583100195e-06,2.2430808871246815e-06,2.2430808871246815e-06,-0.005800000000007799,170780.23994448408,-39201.624789164634,-170780.24574448168,0.6363370102264924,4.069530490600822,108673.787292036,-159532.2073605985,268205.9946526345,-268206.0004526345,40.439,1000.0,1.0,dashboard_retrospective,none
2009-09-30,101.3868,40.55472,101.3868,,3.9490500667976995,964.0635147637878,1.0,1.5554287707111931,0.9664422334619767,4272375.072528253,4272375.072528253,4272375.072528253,824025.2115,329610.0846,494415.1269,686687.67625,412012.60575,0.6458691560906002,0.63163041198814,3.8109973068824132,2086768.556852626,2302758.439457306,2194763.498154966,2086768.556852626,,-0.7552960203784783,-0.6252315787743832,0.640149017040661,-0.6902637995764307,0.640149017040661,0.3,0.3,0.25,0.15,0.3,0.12,0.18,0.25,0.15,2746750.705,2746750.705,0.2892999999999972,0.2892999999999972,0.08678999999999916,0.012150599999999883,0.0948903999999991,0.0928652999999991,0.10096569999999903,0.32099999999999995,0.679,0.3,0.041999999999999996,0.328,0.6699999999999999,0.5,0.35,allocation_proxy,False,5915121.881699806,5915121.881699806,3.9490500667976995,-0.13805275991528615,0.2,-560262.4440830915,-3077084.6578433933,-1963373.0862943912,-1061054.308743584,-2464164.950954884,-1825187.8895838684,1264925.445500777,-1251896.7682595248,-138185.19671052275,764133.5808402845,-638977.0613710154,2734738.2046666667,2086768.556852626,min_headroom,-408916.2158165537,408916.2158165537,4504396.732310464,3875326.6242068047,12.0,117.95249166666667,-16.56569166666668,U,15543156.000567079,10873308.835846018,-8942120.850449312,-19815429.686294332,min,19815429.68629533,10873308.835846018,False,False,-2389268.1932818294,0.0,2389268.1932818294,0.03852181436896063,163.10720068892527,2.288344062692011e-07,1.8880622053145865e-06,2.1168966115837875e-06,2.1168966115837875e-06,0.2892999999999972,-228087.54142502137,20023.488478430547,228087.83072502166,0.6402814644535091,3.9373853238747225,-146040.2250472131,78840.18966774704,-224880.41471496015,224880.70401496015,40.55472,1000.0,1.0,dashboard_retrospective,none
2009-12-31,101.9814,40.79256,101.9814,,3.8368195978419664,969.7174279544454,1.0,1.5554287707111931,0.9664422334619767,4401851.956047208,4401851.956047208,4401851.956047208,848997.7887,339599.11548000004,509398.67322,707498.15725,424498.89435,0.6514785581270199,0.6357449357634344,3.746476204564829,2102399.3431926267,2312017.6789061963,2207208.5110494117,2102399.3431926267,,-0.7987300740656513,-0.10470385870572058,0.34362447950396424,-0.451716966385686,0.34362447950396424,0.3,0.3,0.25,0.15,0.3,0.12,0.18,0.25,0.15,2829992.629,2829992.629,0.5945999999999998,0.5945999999999998,0.17837999999999993,0.02497319999999999,0.19502879999999995,0.19086659999999991,0.20751539999999993,0.32099999999999995,0.679,0.3,0.041999999999999996,0.328,0.6699999999999999,0.5,0.35,allocation_proxy,False,5783061.528878047,5783061.528878047,3.8368195978419664,-0.0903433932771372,0.2,-577241.5327588579,-3170337.5499837324,-2022874.282720939,-1093210.1945935546,-2538842.9445556356,-1880501.300922544,1303259.7681636862,-1289836.2490611884,-142372.98179839505,787291.1063289894,-658341.6436330916,2731254.3503333335,2102399.3431926267,min_headroom,-334521.17170519335,334521.17170519335,4553253.373932213,3944599.2363127028,12.0,114.92053333333332,-12.93913333333333,U,15413679.711648121,10767278.726437062,-9048150.959858268,-19815429.686294332,min,19815429.68629533,10767278.726437062,False,False,-2518744.4822007865,0.0,2518744.4822007865,0.030765351812907033,204.22926886679033,2.2948477020969596e-07,1.8856053753526233e-06,2.1150901455623194e-06,2.1150901455623194e-06,0.5945999999999998,129476.88351895474,15630.786340000806,-129476.28891895711,0.6486738571088101,3.778736755723621,83988.26943866849,59064.62686382374,24923.64257484475,-24923.04797484475,40.79256,1000.0,1.0,dashboard_retrospective,none
2010-03-31,101.0489,40.41956,101.0489,,4.0647765994982,960.8505022055588,1.0,1.5554287707111931,0.9664422334619767,4481110.006518376,4481110.006518376,4481110.006518376,864284.5157999999,345713.80632,518570.70947999996,720237.0965,432142.25789999997,0.6358055647733959,0.6239028006850652,4.030289275026903,2162244.1244396414,2394702.415737539,2278473.2700885898,2162244.1244396414,,-0.5209851959086403,0.17611195119567782,5.785315321919319e-05,-0.17243662235648127,5.785315321919319e-05,0.3,0.3,0.25,0.15,0.3,0.12,0.18,0.25,0.15,2880948.386,2880948.386,0.0,-0.9324999999999903,0.0,0.0,0.0,0.0,0.0,,,0.3,0.041999999999999996,0.328,0.6699999999999999,0.5,0.35,allocation_proxy,False,6159912.295416972,6159912.295416972,4.0647765994982,-0.03448732447129626,0.2,-587635.1214106989,-3227421.4265103047,-2059297.377726773,-1112894.1161892498,-2584556.372505324,-1914360.8828684702,1326725.7614577713,-1313060.5436418345,-144936.49485830287,801466.7666792204,-670195.4896368538,2859618.9983333335,2162244.1244396414,min_headroom,7305.116180132609,7305.116180132609,4756915.261481027,4148261.1238615173,12.0,111.921925,-10.873024999999998,U,15334420.728676954,10777786.915336415,-9037642.770958915,-19815429.686294332,min,19815429.68629533,10777786.915336415,False,False,-2598003.4651719537,0.0,2598003.4651719537,0.0006784551942726482,9261.017323208209,2.2143562222524025e-07,1.804499829235785e-06,2.025935451461025e-06,2.025935451461025e-06,-0.9324999999999903,79258.05047116801,59844.781247014645,-79258.98297116719,0.6436420614502079,3.8883827397958663,51013.8149917872,232699.41446775108,-181685.59947596389,181684.6669759639,40.419560000000004,1000.0,1.0,dashboard_retrospective,none
2010-06-30,101.3723,40.54892,101.3723,,3.8470206689136166,963.9256376341804,1.0,1.5554287707111931,0.9664422334619767,5273483.443219529,5273483.443219529,5273483.443219529,1017111.8489999999,406844.7396,610267.1094,847593.2075,508555.92449999996,0.6465617591191679,0.631835833619443,3.7907200046939673,2468675.049370537,2714562.5663581355,2591618.8078643363,2468675.049370537,,-0.6433185799912142,0.08031193779471928,0.754164822687998,-0.28150332109824755,0.754164822687998,0.3,0.3,0.25,0.15,0.3,0.12,0.18,0.25,0.15,3390372.83,3390372.83,0.32339999999999236,0.32339999999999236,0.0970199999999977,0.013582799999999678,0.1060751999999975,0.10381139999999754,0.11286659999999733,0.321,0.679,0.3,0.041999999999999996,0.328,0.6699999999999999,0.5,0.35,allocation_proxy,False,7446047.70952896,7446047.70952896,3.8470206689136166,-0.056300664219649514,0.2,-691543.8538455595,-3798111.05557251,-2423433.169529577,-1309681.9063230853,-3041571.222007103,-2252868.241455567,1561324.3876100075,-1545242.8141169432,-170564.92807400972,943186.3351324818,-788702.9805515357,3206337.600333333,2468675.049370537,min_headroom,-83424.31987369433,83424.31987369433,5784756.176449524,5176102.038830015,12.0,109.29040833333333,-7.918108333333336,U,14542047.615375802,10445060.189431608,-9370369.496863723,-19815429.686294332,min,19815429.68629533,10445060.189431608,False,False,-3390376.578473106,0.0,3390376.578473106,0.007740394250603009,811.7397000404857,2.3504141838875705e-07,1.7443486034666942e-06,1.9793900218554514e-06,1.9793900218554514e-06,0.32339999999999236,792373.4367011534,306430.9249308957,-792373.1133011524,0.6411836619462818,3.9105046398604357,508056.9017730059,1198299.5537389924,-690242.6519659865,690242.9753659865,40.54892,1000.0,1.0,dashboard_retrospective,none
2010-09-30,99.2172,39.68688,99.2172,,3.5134612003627166,943.433292667504,1.0,1.5554287707111931,0.9664422334619767,4703976.704611642,4703976.704611642,4703976.704611642,907269.4539000001,362907.78156000003,544361.67234,756057.8782500001,453634.72695000004,0.6584458428357214,0.6382216197145462,3.311808665162297,2424300.958750174,2640168.1007223385,2532234.5297362558,2424300.958750174,,-1.185263531465581,-0.8312618205386175,0.4793487711607151,-1.0082626760020992,0.4793487711607151,0.3,0.3,0.25,0.15,0.3,0.12,0.18,0.25,0.15,3024231.5130000003,3024231.5130000003,0.0,-2.1550999999999902,0.0,0.0,0.0,0.0,0.0,,,0.3,0.041999999999999996,0.328,0.6699999999999999,0.5,0.35,allocation_proxy,False,6779951.702038856,6779951.702038856,3.5134612003627166,-0.20165253520041984,0.2,-616860.9826374782,-3387936.2890411317,-2161715.9316784693,-1168243.5801929752,-2713098.529233966,-2009571.062556804,1392710.0799193257,-1378365.2264843278,-152144.86912166537,841327.4823638287,-703527.4666771621,3071902.384666667,2424300.958750174,min_headroom,-373733.60747888964,373733.60747888964,5233946.7496471545,4310124.361197716,12.0,106.78343333333333,-7.566233333333329,U,15111552.198883688,10948003.63700895,-8867426.04928638,-19815429.686294332,min,19815429.68629533,10948003.63700895,False,False,-2820871.99496522,0.0,2820871.99496522,0.03578089553347296,175.60167831187115,2.0488031989755599e-07,1.6662345564456346e-06,1.8711148763431906e-06,1.8711148763431906e-06,-2.1550999999999902,-569506.7386078872,-44374.09062036313,569504.5835078862,0.6525038009774446,3.551264334928132,-371605.3116239144,-157584.12541496454,-214021.18620894986,214019.03110894986,39.68688,1000.0,1.0,dashboard_retrospective,none
2010-12-31,98.3616,39.34464,98.3616,,3.70035947488261,935.297591143914,1.0,1.5554287707111931,0.9664422334619767,4996729.207785582,4996729.207785582,4996729.207785582,963733.4672999999,385493.38691999996,578240.0803799999,803111.22275,481866.73364999995,0.6440608942163563,0.6282943164451783,3.578470082515641,2426713.7726876005,2658125.6824584003,2542419.727573,2426713.7726876005,,-1.1528382462890658,-0.06605567738062303,-0.13542593774075537,-0.6094469618348444,-0.13542593774075537,0.3,0.3,0.25,0.15,0.3,0.12,0.18,0.25,0.15,3212444.891,3212444.891,0.0,-0.8556000000000097,0.0,0.0,0.0,0.0,0.0,,,0.3,0.041999999999999996,0.328,0.6699999999999999,0.5,0.35,allocation_proxy,False,6816677.811738382,6816677.811738382,3.70035947488261,-0.12188939236696889,0.2,-655251.3931597954,-3598784.8734395755,-2296250.5584187405,-1240949.3468017015,-2881948.5120606464,-2134636.936776092,1479385.5436162963,-1464147.9366634837,-161613.6216426487,893687.5899743903,-747311.5752845546,3120949.502,2426713.7726876005,min_headroom,-382207.7424872448,382207.7424872448,4854057.941705057,3930235.5532556185,12.0,104.55025,-6.18865000000001,U,14818798.840109749,10658869.49914115,-9156560.187154181,-19815429.686294332,min,19815429.68629533,10658869.49914115,False,False,-3113625.353739159,0.0,3113625.353739159,0.03491118154137423,179.97630070850525,2.105646018681859e-07,1.6819553090461088e-06,1.8925199109142947e-06,1.8925199109142947e-06,-0.8556000000000097,292752.5031739399,2412.8139374265447,-292753.3587739393,0.6512533685260389,3.445139373838969,190656.05383645825,8312.480297575623,182343.57353888263,-182344.42913888264,39.34464,1000.0,1.0,dashboard_retrospective,none
2011-03-31,96.6866,38.67464,96.6866,,4.298450716288527,919.3704054823752,1.0,1.5554287707111931,0.9664422334619767,4726232.778048249,4726232.778048249,4726232.778048249,911562.0465,364624.8186,546937.2279,759635.0387500001,455781.02325,0.6070514397967781,0.5999616309811349,4.215881556069282,2289567.357732199,2554719.385599244,2422143.3716657218,2289567.357732199,,-0.654003417314995,-0.1716881848774595,-0.23989020204299305,-0.4128458010962272,-0.23989020204299305,0.3,0.3,0.25,0.15,0.3,0.12,0.18,0.25,0.15,3038540.1550000003,3038540.1550000003,0.0,-1.6749999999999972,0.0,0.0,0.0,0.0,0.0,,,0.3,0.041999999999999996,0.328,0.6699999999999999,0.5,0.35,allocation_proxy,False,6547404.916520508,6547404.916520508,4.298450716288527,-0.08256916021924544,0.2,-619779.5564723139,-3403965.738926273,-2171943.726488199,-1173770.9279128583,-2725935.097928744,-2019079.0095456778,1399299.4530733638,-1384886.729380595,-152864.71694252128,845308.0816328195,-706856.088383066,3085023.4413333335,2289567.357732199,min_headroom,118874.16157340631,118874.16157340631,5374635.337209109,3381845.5646259906,12.0,102.58318333333334,-5.896583333333339,U,15089293.594847081,10723644.63144538,-9091785.05484995,-19815429.686294332,min,19815429.68629533,10723644.63144538,False,False,-2843130.5990018267,0.0,2843130.5990018267,0.011152605028421142,563.3827514887872,1.957888102095721e-07,1.6169917649798993e-06,1.8127805751894713e-06,1.8127805751894713e-06,-1.6749999999999972,-270496.4297373332,-137146.41495540133,270494.75473733246,0.6255561670065672,3.8971758192924613,-169210.7097754474,-534483.69206684,365272.98229139263,-365274.6572913926,38.674640000000004,1000.0,1.0,dashboard_retrospective,none
2011-06-30,97.2152,38.88608,97.2152,,4.467424803015683,924.39674001413,1.0,1.5554287707111931,0.9664422334619767,4880706.402053231,4880706.402053231,4880706.402053231,941355.8166,376542.32664,564813.48996,784463.1805,470677.9083,0.5991643200413056,0.5933273120449702,4.373282617327631,2275892.410664488,2553559.939442992,2414726.1750537404,2275892.410664488,,-0.8370487502008016,-0.10437310667970784,-0.37049951419191673,-0.4707109284402547,-0.37049951419191673,0.3,0.3,0.25,0.15,0.3,0.12,0.18,0.25,0.15,3137852.722,3137852.722,0.5285999999999973,0.5285999999999973,0.1585799999999992,0.022201199999999883,0.1733807999999991,0.16968059999999913,0.18448139999999905,0.321,0.679,0.3,0.041999999999999996,0.328,0.6699999999999999,0.5,0.35,allocation_proxy,False,6519067.5237444015,6519067.5237444015,4.467424803015683,-0.09414218568805094,0.2,-640036.6192681113,-3515221.9864228014,-2242932.193269573,-1212134.8125332997,-2815030.3865347616,-2085071.1996057094,1445034.580337598,-1430150.786817092,-157860.99366386374,872936.3870724097,-729959.1869290522,3108894.997,2275892.410664488,min_headroom,204531.8032886628,204531.8032886628,4820031.437333438,2709785.2993232375,12.0,101.11349166666668,-3.8982916666666796,U,14934820.4994421,10548659.115438832,-9266770.570856499,-19815429.686294332,min,19815429.68629533,10548659.115438832,False,False,-2997603.6944068074,0.0,2997603.6944068074,0.01907297475047857,329.42870157272824,1.9260951705535974e-07,1.6104400066404312e-06,1.8030495236957909e-06,1.8030495236957909e-06,0.5285999999999973,154473.6240049824,-13674.947067711037,-154473.0954049807,0.6031078799190419,4.2945820866984565,93164.25987705616,-58728.182713541406,151892.44259059755,-151891.91399059756,38.88608,1000.0,1.0,dashboard_retrospective,none
2011-09-30,97.5814,39.03256,97.5814,,4.278557747342167,927.8788506942828,1.0,1.5554287707111931,0.9664422334619767,6110655.026592824,6110655.026592824,6110655.026592824,1178579.529,471431.8116,707147.7174,982149.6075,589289.7645,0.6086949388059815,0.6014249226861038,4.0734508066502135,2665718.7428145222,2970922.4937652373,2818320.61828988,2665718.7428145222,,-1.56255999508031,-0.48850941183922253,1.2388516507819662,-1.0255347034597662,1.2388516507819662,0.3,0.3,0.25,0.15,0.3,0.12,0.18,0.25,0.15,3928598.43,3928598.43,0.3662000000000063,0.3662000000000063,0.10986000000000189,0.015380400000000263,0.12011360000000207,0.11755020000000202,0.1278038000000022,0.321,0.679,0.3,0.041999999999999996,0.328,0.6699999999999999,0.5,0.35,allocation_proxy,False,8499254.00412566,8499254.00412566,4.278557747342167,-0.20510694069195323,0.2,-801327.238837569,-4401065.569501926,-2808155.982368411,-1517595.4206134551,-3524424.164144297,-2610513.6750931316,1809186.4362555626,-1790551.8944087946,-197642.30727527943,1092918.2544796765,-913910.4890511655,3581329.9956666664,2665718.7428145222,min_headroom,-90611.4503527307,90611.4503527307,4278718.888700181,2168472.7506899806,12.0,100.09814999999999,-2.5167499999999876,U,13704872.241102505,9903450.35532429,-9911979.33097104,-19815429.686294332,min,19815429.68629533,9903450.35532429,False,False,-4227551.9527464025,0.0,4227551.9527464025,0.008589854820515849,731.4658324810035,8.84838762038684e-08,1.1496908496152724e-06,1.2381747258191408e-06,1.2381747258191408e-06,0.3662000000000063,1229948.6245395923,389826.33215003414,-1229948.258339595,0.6039296294236436,4.223366711988922,742802.4170283162,1646379.5546591913,-903577.1376308751,903577.5038308752,39.032560000000004,1000.0,1.0,dashboard_retrospective,none
2011-12-31,97.4842,38.993680000000005,97.4842,,4.187376432477077,926.9545984875352,1.0,1.5554287707111931,0.9664422334619767,7311076.755460265,7311076.755460265,7311076.755460265,1410108.3044999999,564043.3217999999,846064.9826999999,1175090.25375,705054.1522499999,0.6122380276648698,0.6042565993306879,4.019337541100079,3255413.4595549772,3619523.4708144288,3437468.465184703,3255413.4595549772,,-1.9344571629220642,0.25406824915207965,1.173251391608,-0.8401944568849921,1.173251391608,0.3,0.3,0.25,0.15,0.3,0.12,0.18,0.25,0.15,4700361.015,4700361.015,0.0,-0.09720000000000084,0.0,0.0,0.0,0.0,0.0,,,0.3,0.041999999999999996,0.328,0.6699999999999999,0.5,0.35,allocation_proxy,False,11608413.332152471,11608413.332152471,4.187376432477077,-0.16803889137699843,0.2,-958745.8175738524,-5265643.052080949,-3359810.6649865727,-1815722.9553222652,-4216787.802734985,-3123342.058539725,2164596.2409658725,-2142300.993541224,-236468.60644684779,1307619.1032174597,-1093445.74419526,4347743.493333333,3255413.4595549772,min_headroom,-47153.56209472148,47153.56209472148,6520061.2934345575,4699404.878322668,12.0,99.54469999999999,-2.0604999999999905,U,12504450.415035065,9587570.604367532,-10227859.081927799,-19815429.686294332,min,19815429.68629533,9587570.604367532,False,False,-5427973.778813843,0.0,5427973.778813843,0.004761326649087587,1319.6291223547187,2.7727588127757284e-08,1.0146256818203792e-06,1.0423532699481365e-06,1.0423532699481365e-06,-0.09720000000000084,1200421.7288674414,589694.716740455,-1200421.8260674402,0.6104664832354256,4.0463941738751465,732817.2312210966,2386137.266183532,-1653320.0349624353,1653319.9377624353,38.993680000000005,1000.0,1.0,dashboard_retrospective,none
2012-03-31,98.3609,39.34436,98.3609,,3.6437300425974435,935.2909350066228,1.0,1.5554287707111931,0.9664422334619767,8147698.308111662,8147698.308111662,8147698.308111662,1571469.8985,628587.9593999999,942881.9391,1309558.24875,785734.94925,0.642860542452865,0.6269877961612456,3.542677797549385,3858431.1148219053,4216822.903992382,4037627.0094071436,3858431.1148219053,,-1.8313446776255182,0.8208222271449345,-0.28885221504982633,-0.5052612252402919,-0.28885221504982633,0.3,0.3,0.25,0.15,0.3,0.12,0.18,0.25,0.15,5238232.995,5238232.995,0.8766999999999996,0.8766999999999996,0.26300999999999986,0.036821399999999976,0.28755759999999986,0.28142069999999986,0.30596829999999986,0.321,0.679,0.3,0.041999999999999996,0.328,0.6699999999999999,0.5,0.35,allocation_proxy,False,13829473.938308598,13829473.938308598,3.6437300425974435,-0.10105224504805839,0.2,-1068457.0737027961,-5868201.418418693,-3744280.710805265,-2023499.868200656,-4699323.505303125,-3480752.5152861075,2412295.441583311,-2387448.903132586,-263528.1955191572,1457252.6470854515,-1218570.9900170173,4933606.482333333,3858431.1148219053,min_headroom,-324765.28114224365,324765.28114224365,8640543.465376431,7138951.464985739,12.0,99.31616666666666,-0.9552666666666596,U,11667829.739083668,9655476.411316525,-10159953.274978805,-19815429.686294332,min,19815429.68629533,9655476.411316525,False,False,-6264594.45476524,0.0,6264594.45476524,0.03387357387431387,185.48929411738538,5.208630612850169e-08,9.299740324029443e-07,9.82060338531446e-07,9.82060338531446e-07,0.8766999999999996,836621.552651397,603017.655266928,-836620.675951397,0.6275492850588673,3.781007669324732,525021.2572312236,2280014.3793024723,-1754993.1220712487,1754993.9987712486,39.34436,1000.0,1.0,dashboard_retrospective,none
2012-06-30,100.872,40.3488,100.872,,3.43780539094545,959.1684012243488,1.0,1.5554287707111931,0.9664422334619767,8668109.060591623,8668109.060591623,8668109.060591623,1671843.0102,668737.2040799999,1003105.80612,1393202.5085,835921.5051,0.6590968775132804,0.6390774308153735,3.208032165945555,4299337.307675269,4671803.4876724025,4485570.397673837,4299337.307675269,,-1.8900785096733446,-0.40765374032560425,-0.07086116850659858,-1.1488661249994745,-0.07086116850659858,0.3,0.3,0.25,0.15,0.3,0.12,0.18,0.25,0.15,5572810.034,5572810.034,2.511099999999999,2.511099999999999,0.7533299999999997,0.10546619999999994,0.8236407999999997,0.8060630999999997,0.8763738999999997,0.321,0.679,0.3,0.041999999999999996,0.328,0.6699999999999999,0.5,0.35,allocation_proxy,False,15313277.442468526,15313277.442468526,3.43780539094545,-0.22977322499989491,0.2,-1136701.6906106942,-6243015.875260189,-3983435.8523581163,-2152745.0917265457,-4999479.253473967,-3703075.5526859025,2566373.862075208,-2539940.3225742867,-280360.29967221385,1550330.4609593567,-1296403.7007880649,5416735.847666666,4299337.307675269,min_headroom,-783283.5535077583,783283.5535077583,10049918.190239597,8548326.189848904,12.0,99.29737499999999,1.5746250000000117,U,11147421.497703707,9796427.459216613,-10019002.227078717,-19815429.686294332,min,19815429.68629533,9796427.459216613,False,False,-6785002.696145201,0.0,6785002.696145201,0.0811232424108794,77.45234436459053,1.1206280816557518e-07,8.615392818907057e-07,9.736020900562807e-07,9.736020900562807e-07,2.511099999999999,520410.75247996114,440906.19285336416,-520408.2413799614,0.6509787099830726,3.3753549817474697,338776.3203107252,1488214.9145309133,-1149438.5942201882,1149441.1053201882,40.348800000000004,1000.0,1.0,dashboard_retrospective,none
2012-09-30,102.8943,41.157720000000005,102.8943,,2.8919013459005067,978.3979818591732,1.0,1.5554287707111931,0.9664422334619767,8538734.821372677,8538734.821372677,8538734.821372677,1646890.2303000002,658756.09212,988134.1381800001,1372408.5252500002,823445.1151500001,0.6950169546105258,0.6603021019449217,2.6858677746180857,4606259.646623685,4929074.663082457,4767667.154853071,4606259.646623685,,-1.956103058716458,-0.10423265410775295,-0.5503025124799961,-1.0301678564121055,-0.5503025124799961,0.3,0.3,0.25,0.15,0.3,0.12,0.18,0.25,0.15,5489634.101000001,5489634.101000001,2.0223000000000013,2.0223000000000013,0.6066900000000004,0.08493660000000004,0.6633144000000004,0.6491583000000004,0.7057827000000004,0.321,0.679,0.3,0.041999999999999996,0.328,0.6699999999999999,0.5,0.35,allocation_proxy,False,15550078.052020937,15550078.052020937,2.8919013459005067,-0.2060335712824211,0.2,-1119736.062304258,-6149836.910430868,-3923981.8261946375,-2120614.69782776,-4924860.461718139,-3647805.991695133,2528069.9293908747,-2502030.918735735,-276175.8344995044,1527191.293867373,-1277054.4700230062,5574704.696,4606259.646623685,min_headroom,-1340900.9668830056,1340900.9668830056,10895338.341018636,9393746.340627942,12.0,99.42299999999999,3.4713000000000136,U,11276797.759222655,10386187.229158182,-9429242.457137149,-19815429.686294332,min,19815429.68629533,10386187.229158182,False,False,-6655626.434626253,0.0,6655626.434626253,0.13687652692425825,45.90403810184662,1.3016051598625968e-07,7.149378453613164e-07,8.450983613475761e-07,8.450983613475761e-07,2.0223000000000013,-129374.23921894655,306922.3389484156,129376.26151894778,0.6770569160619031,2.9469499702818203,-87593.72342343486,904484.7776428601,-992078.501066295,992080.5233662949,41.157720000000005,1000.0,1.0,dashboard_retrospective,none
2012-12-31,105.1661,42.06644,105.1661,,2.21716678113301,1000.0,1.0,1.5554287707111931,0.9664422334619767,8225220.2869809745,8225220.2869809745,8225220.2869809745,1586421.7845,634568.7138,951853.0707,1322018.15375,793210.89225,0.7418697075451047,0.6810976992072413,2.132575013432772,4672744.661138206,4911900.687758804,4792322.674448505,4672744.661138206,,-1.8153990532927706,0.9694813762903892,-0.47222282796679255,-0.42295883850119087,-0.47222282796679255,0.3,0.3,0.25,0.15,0.3,0.12,0.18,0.25,0.15,5288072.615,5288072.615,2.271799999999999,2.271799999999999,0.6815399999999997,0.09541559999999995,0.7451503999999997,0.7292477999999997,0.7928581999999996,0.321,0.679,0.3,0.041999999999999996,0.328,0.6699999999999999,0.5,0.35,allocation_proxy,False,14705543.958008204,14705543.958008204,2.21716678113301,-0.08459176770023819,0.2,-1078623.0007607352,-5924034.927362762,-3779905.992837964,-2042752.6323670142,-4744035.624444243,-3513870.435554544,2435247.4347938085,-2410164.4918082184,-266035.5572834201,1471117.8031875298,-1230165.1888896986,5390212.741,4672744.661138206,min_headroom,-1585286.99362145,1585286.99362145,10822816.045901358,9321224.045510665,12.0,99.68839166666667,5.477708333333325,U,11590314.565414356,10799431.557121664,-9015998.129173666,-19815429.686294332,min,19815429.68629533,10799431.557121664,False,False,-6342109.628434552,0.0,6342109.628434552,0.1526341629169668,41.164999939087345,1.3933859174989457e-07,7.050243904432661e-07,8.443629821931607e-07,8.443629821931607e-07,2.271799999999999,-313514.53439170215,66485.01451452076,313516.80619170144,0.7184433310778153,2.409221394025429,-225242.4264296848,160177.1193504746,-385419.5457801594,385421.8175801594,42.06644,1000.0,1.0,dashboard_retrospective,none
2013-03-31,107.8121,43.124840000000006,107.8121,,2.7596494628016264,1025.1601989614524,1.0,1.5554287707111931,0.9664422334619767,7272425.918380294,7272425.918380294,7272425.918380294,1402653.6069,561061.44276,841592.16414,1168878.00575,701326.80345,0.705216797922687,0.6697160913244053,2.778660613523325,4014203.790836372,4279095.206113136,4146649.4984747544,4014203.790836372,,-1.4206171884809138,1.6107286956979017,-0.8767987165382144,0.0950557536084939,-0.8767987165382144,0.3,0.3,0.25,0.15,0.3,0.12,0.18,0.25,0.15,4675512.023,4675512.023,2.646000000000001,2.646000000000001,0.7938000000000002,0.11113200000000002,0.8678880000000003,0.8493660000000002,0.9234540000000003,0.32099999999999995,0.679,0.3,0.041999999999999996,0.328,0.6699999999999999,0.5,0.35,allocation_proxy,False,13122517.083680391,13122517.083680391,2.7596494628016264,0.01901115072169878,0.2,-953677.2989909397,-5237805.632432021,-3342048.644565304,-1806123.929833152,-4194495.275407516,-3106830.1562457867,2153152.857254847,-2130975.4761862345,-235218.4883195171,1300706.2264126346,-1087665.1191617297,4808878.036666666,4014203.790836372,min_headroom,-1429216.5202134433,1429216.5202134433,11241641.184178885,6505799.799755152,12.0,100.25199166666665,7.560108333333346,U,12543111.580015037,10764417.266269594,-9051012.420025736,-19815429.686294332,min,19815429.68629533,10764417.266269594,False,False,-5389312.613833871,0.0,5389312.613833871,0.13234182860957613,47.47694189503545,1.3084337088012554e-07,6.697181255778984e-07,8.00561496458024e-07,8.00561496458024e-07,2.646000000000001,-952794.3686006805,-658540.8703018338,952797.0146006811,0.7235432527338959,2.4556178134780486,-689387.9366438749,-1617124.6920165205,927736.7553726457,-927734.1093726457,43.124840000000006,1000.0,1.0,dashboard_retrospective,none
2013-06-30,110.6074,44.24296,110.6074,,2.8699781657272365,1051.7400569194826,1.0,1.5554287707111931,0.9664422334619767,6843005.526279224,6843005.526279224,6843005.526279224,1319830.0665,527932.0266,791898.0399,1099858.38875,659915.03325,0.7007960465210601,0.6695009883105839,2.7602352113974606,3735730.327881027,3994602.012920685,3865166.170400856,3735730.327881027,,-1.472363874727949,0.37493433143018834,-0.6938980888923624,-0.5487147716488804,-0.6938980888923624,0.3,0.3,0.25,0.15,0.3,0.12,0.18,0.25,0.15,4399433.555,4399433.555,2.7952999999999975,2.7952999999999975,0.8385899999999992,0.11740259999999988,0.9168583999999992,0.8972912999999991,0.9755596999999991,0.32099999999999995,0.679,0.3,0.041999999999999996,0.328,0.6699999999999999,0.5,0.35,allocation_proxy,False,12041740.563612428,12041740.563612428,2.8699781657272365,-0.10974295432977609,0.2,-897364.7996589715,-4928524.991601638,-3144708.1896088766,-1699476.3744181339,-3946819.7643680386,-2923378.823931132,2026014.0242721606,-2005146.1676705056,-221329.36567774462,1223902.449512998,-1023440.9404369066,4512345.383,3735730.327881027,min_headroom,-1910637.8393270094,1910637.8393270094,11855274.809421217,5892166.17451282,12.0,101.02158333333334,9.585816666666659,U,12972534.767416107,10776130.259237647,-9039299.427057683,-19815429.686294332,min,19815429.68629533,10776130.259237647,False,False,-4959889.426432801,0.0,4959889.426432801,0.17749570571869333,35.399083497476745,1.2713628302841587e-07,7.051571359298426e-07,8.322934189582584e-07,8.322934189582584e-07,2.7952999999999975,-429420.3921010699,-278473.46295534493,429423.1874010693,0.7030064222218735,2.769447912460393,-301885.29348008725,-771217.7506572966,469332.4571772094,-469329.6618772094,44.242960000000004,1000.0,1.0,dashboard_retrospective,none
2013-09-30,113.381,45.3524,113.381,,3.2017818016585733,1078.1135746214798,1.0,1.5554287707111931,0.9664422334619767,6693386.565009367,6693386.565009367,6693386.565009367,1290972.6291,516389.05163999996,774583.57746,1075810.52425,645486.31455,0.6840023848887723,0.660770945709742,3.1631104549894036,3506780.4800840705,3784642.563167158,3645711.521625614,3506780.4800840705,,-0.6895905696278808,0.3028771029361848,-0.767465891626534,-0.19335673334584805,-0.767465891626534,0.3,0.3,0.25,0.15,0.3,0.12,0.18,0.25,0.15,4303242.097,4303242.097,2.773600000000002,2.773600000000002,0.8320800000000005,0.11649120000000006,0.9097408000000007,0.8903256000000005,0.9679864000000007,0.32099999999999995,0.679,0.3,0.041999999999999996,0.328,0.6699999999999999,0.5,0.35,allocation_proxy,False,11307330.771345679,11307330.771345679,3.2017818016585733,-0.03867134666916961,0.2,-877744.3582185111,-4820765.208710315,-3075950.686634606,-1662318.1566048332,-3860524.485020928,-2859460.5790378386,1981716.2208193275,-1961304.629672476,-216490.1075967676,1197142.4224330054,-1001063.9059830895,4340366.729333334,3506780.4800840705,min_headroom,-1565100.8029356287,1565100.8029356287,12525036.873507658,5205779.149831228,12.0,102.20190000000001,11.179099999999991,U,13122156.502285965,10582327.222412068,-9233102.463883262,-19815429.686294332,min,19815429.68629533,10582327.222412068,False,False,-4810267.691562943,0.0,4810267.691562943,0.14523773982724214,43.2613817500419,1.2378836301996045e-07,7.199832489423845e-07,8.43771611962345e-07,8.43771611962345e-07,2.773600000000002,-149618.96126985736,-228949.84779695654,149621.73486985825,0.6923992157049161,2.961672833193432,-103596.05143783346,-678074.5443840174,574478.4929461839,-574475.7193461839,45.3524,1000.0,1.0,dashboard_retrospective,none
2013-12-31,115.5643,46.22572,115.5643,,3.215694074488083,1098.8740668333237,1.0,1.5554287707111931,0.9664422334619767,6335307.849985786,6335307.849985786,6335307.849985786,1221908.9622,488763.58488,733145.37732,1018257.4685,610954.4811,0.6853742305876014,0.6621568777353289,3.2180210324171754,3349050.955670811,3615839.5547805405,3482445.2552256756,3349050.955670811,,-0.5520950240647986,0.575364603355723,-0.776445147944107,0.011634789645462199,-0.776445147944107,0.3,0.3,0.25,0.15,0.3,0.12,0.18,0.25,0.15,4073029.874,4073029.874,2.1833000000000027,2.1833000000000027,0.6549900000000007,0.0916986000000001,0.7161224000000009,0.7008393000000008,0.761971700000001,0.321,0.679,0.3,0.041999999999999996,0.328,0.6699999999999999,0.5,0.35,allocation_proxy,False,10469803.996667562,10469803.996667562,3.215694074488083,0.00232695792909244,0.2,-830787.3255030933,-4562866.849695851,-2911395.351506658,-1573388.4729990584,-3653996.499002623,-2706486.899741457,1875699.5742383637,-1856379.9499543943,-204908.45176520105,1133098.4267423984,-947509.5992611661,4149416.753,3349050.955670811,min_headroom,-1298967.4939471148,1298967.4939471148,12493799.598804377,5237016.424534509,12.0,103.63545833333335,11.928841666666656,U,13480237.400609545,10703813.83411576,-9111615.85217957,-19815429.686294332,min,19815429.68629533,10703813.83411576,False,False,-4452186.793239363,0.0,4452186.793239363,0.12274875522617193,51.187364756591144,1.2487885457444143e-07,7.145444274543928e-07,8.394232820288343e-07,8.394232820288343e-07,2.1833000000000027,-358078.71502358094,-157729.5244132597,358080.8983235806,0.6846883077381869,3.1905657437032895,-245172.30942656012,-503246.4173635581,258074.10793699796,-258071.92463699795,46.22572,1000.0,1.0,dashboard_retrospective,none
2014-03-31,117.0856,46.83424,117.0856,,3.0621992813862136,1113.339754921025,1.0,1.5554287707111931,0.9664422334619767,6091587.437481299,6091587.437481299,6091587.437481299,1174901.9085,469960.76339999994,704941.1451,979084.92375,587450.95425,0.6949164256133096,0.6686710280993143,3.0026079619512274,3244929.641433142,3488539.3309554285,3366734.486194285,3244929.641433142,,-0.5038080296295885,-0.09210516472027364,-0.6837132861250615,-0.297956597174931,-0.6837132861250615,0.3,0.3,0.25,0.15,0.3,0.12,0.18,0.25,0.15,3916339.695,3916339.695,1.5212999999999965,1.5212999999999965,0.45638999999999896,0.06389459999999984,0.4989863999999989,0.48833729999999886,0.5309336999999988,0.321,0.679,0.3,0.041999999999999996,0.328,0.6699999999999999,0.5,0.35,allocation_proxy,False,9701976.776871912,9701976.776871912,3.0621992813862136,-0.059591319434986204,0.2,-798826.7902821305,-4387332.555681486,-2799393.4578600153,-1512859.940408492,-3513426.6079863766,-2602367.8704437003,1803541.0801615699,-1784964.6852377853,-197025.587416315,1089507.9300352084,-911058.7375426763,3975758.7099999995,3244929.641433142,min_headroom,-1398138.2834102642,1398138.2834102642,12758921.449230127,4971894.574108758,12.0,105.335375,11.750225,U,13723959.334414031,10791353.796563745,-9024075.889731586,-19815429.686294332,min,19815429.68629533,10791353.796563745,False,False,-4208464.859434877,0.0,4208464.859434877,0.130620571796012,48.10257083388009,1.2290927337266815e-07,7.101993802115497e-07,8.331086535842179e-07,8.331086535842179e-07,1.5212999999999965,-243720.41250448674,-104121.31423766864,243721.93380448595,0.6901453281004555,3.110314497184201,-168202.50405268735,-323850.03313929256,155647.5290866052,-155646.00778660522,46.83424,1000.0,1.0,dashboard_retrospective,none
2014-06-30,117.8463,47.13852,117.8463,,2.4799969721209467,1120.5730744032537,1.0,1.5554287707111931,0.9664422334619767,5810967.7220161045,5810967.7220161045,5810967.7220161045,1120777.9806,448311.19224,672466.78836,933981.6505,560388.9903,0.7294012264984312,0.6876876939098097,2.419650303131939,3276557.6366251535,3467767.9744167686,3372162.805520961,3276557.6366251535,,-0.6148414868367922,0.011374796946714361,-0.9483894584230024,-0.3017333449450389,-0.9483894584230024,0.3,0.3,0.25,0.15,0.3,0.12,0.18,0.25,0.15,3735926.602,3735926.602,0.7606999999999999,0.7606999999999999,0.22820999999999997,0.031949399999999996,0.2495096,0.24418469999999998,0.2654843,0.321,0.679,0.3,0.041999999999999996,0.328,0.6699999999999999,0.5,0.35,allocation_proxy,False,9123416.693838852,9123416.693838852,2.4799969721209467,-0.060346668989007785,0.2,-762027.4257658046,-4185222.34614051,-2670434.4625764126,-1443167.3799103936,-3351574.4167210017,-2482485.2062228243,1720457.7804570198,-1702737.1399176857,-187949.2563535883,1039317.8263124307,-869089.2104981774,3850188.65,3276557.6366251535,min_headroom,-1428143.248968557,1428143.248968557,11198289.473739885,3411262.598618515,12.0,107.05463333333331,10.791666666666686,U,14004579.810579225,11119416.265516955,-8696013.420778375,-19815429.686294332,min,19815429.68629533,11119416.265516955,False,False,-3927844.3832696825,0.0,3927844.3832696825,0.13234143517964503,47.47708303639419,1.3013869032802324e-07,8.142359757478447e-07,9.443746660758679e-07,9.443746660758679e-07,0.7606999999999999,-280619.71546519455,31627.995192011353,280620.47616519406,0.7121588260558704,2.711129132541583,-199845.80713382535,85747.57916894711,-285593.38630277244,285594.1470027724,47.13852,1000.0,1.0,dashboard_retrospective,none
2014-09-30,119.3937,47.75748,119.3937,,1.9989944768393,1135.286941324248,1.0,1.5554287707111931,0.9664422334619767,5790207.691079743,5790207.691079743,5790207.691079743,1116773.934,446709.57359999995,670064.3603999999,930644.945,558386.967,0.760658859482802,0.7010373691821531,2.0015149652073974,3241897.9892148455,3389093.892587675,3315495.9409012594,3241897.9892148455,,-0.6673698486494709,0.6925747323304448,-0.8940815191018029,0.012602441840486941,-0.8940815191018029,0.3,0.3,0.25,0.15,0.3,0.12,0.18,0.25,0.15,3722579.78,3722579.78,1.5473999999999961,1.5473999999999961,0.4642199999999988,0.06499079999999983,0.5075471999999988,0.4967153999999987,0.5400425999999987,0.32099999999999995,0.679,0.3,0.041999999999999996,0.328,0.6699999999999999,0.5,0.35,allocation_proxy,False,8527525.547065113,8527525.547065113,1.9989944768393,0.0025204883680973885,0.2,-759305.0370536254,-4170270.388129757,-2660894.17519079,-1438011.5778329228,-3339600.7159700873,-2473616.3788354364,1714311.3417818109,-1696654.0092943204,-187277.79635535367,1035604.8010025136,-865984.3371346509,3683485.699333333,3241897.9892148455,min_headroom,-989194.6444989657,989194.6444989657,8888770.222228024,948507.3177633116,12.0,108.872325,10.521374999999992,U,14025341.388915587,11088188.372737855,-8727241.313557476,-19815429.686294332,min,19815429.68629533,11088188.372737855,False,False,-3907082.8049333207,0.0,3907082.8049333207,0.08896102285212693,70.6285191619665,1.483368920915328e-07,9.335564286346504e-07,1.0818933207261832e-06,1.0818933207261832e-06,1.5473999999999961,-20760.03093636129,-34659.64741030801,20761.578336361796,0.7450300429906166,2.2105826341696684,-15466.846741003783,-76618.01467167061,61151.16793066682,-61149.62053066682,47.75748,1000.0,1.0,dashboard_retrospective,none
2014-12-31,121.2202,48.48808,121.2202,,1.5842081158724302,1152.6547052709952,1.0,1.5554287707111931,0.9664422334619767,6072674.027201142,6072674.027201142,6072674.027201142,1171254.0249126,468501.60996504,702752.4149475599,976045.0207605,585627.0124563,0.7885104910842312,0.7104888982993618,1.6404366167303943,3407182.9885746106,3526262.473832185,3466722.7312033973,3407182.9885746106,,-0.7868587112984491,1.3491437198780902,-0.5239802402339625,0.2811425042898206,-0.5239802402339625,0.3,0.3,0.25,0.15,0.3,0.12,0.18,0.25,0.15,3904180.083042,3904180.083042,1.82650000000001,1.82650000000001,0.5479500000000029,0.0767130000000004,0.5990920000000033,0.5863065000000032,0.6374485000000035,0.32099999999999995,0.679,0.3,0.041999999999999996,0.328,0.6699999999999999,0.5,0.35,allocation_proxy,False,8518765.143385671,8518765.143385671,1.5842081158724302,0.05622850085796413,0.2,-796346.560131542,-4373710.585790596,-2790701.7863462293,-1508162.7508757107,-3502517.977090398,-2594287.9320468954,1797941.3719153535,-1779422.6537437006,-196413.85429933388,1086125.1811711846,-908230.0450435025,3764421.444347333,3407182.9885746106,min_headroom,-138908.2546898285,138908.2546898285,6909735.825369992,-1030527.0790947187,12.0,110.850325,10.369875000000008,U,13742876.879294189,11053651.362156104,-8761778.324139226,-19815429.686294332,min,19815429.68629533,11053651.362156104,False,False,-4189547.3145547193,0.0,4189547.3145547193,0.012527587917910685,501.5478916094071,1.6661821010363963e-07,1.0675446973555569e-06,1.2341629074591965e-06,1.2341629074591965e-06,1.82650000000001,282466.33612139896,165284.9993597651,-282464.5096213985,0.7745846752835166,1.820975790968896,218794.09524311847,300979.9824444417,-82185.88720132323,82187.71370132323,48.488080000000004,1000.0,1.0,dashboard_retrospective,none
2015-03-31,122.7684,49.10736,122.7684,,1.1417279626686283,1167.3761792060368,1.0,1.5554287707111931,0.9664422334619767,6486142.013783933,6486142.013783933,6486142.013783933,1251000.7791906,500400.31167624,750600.46751436,1042500.6493255,625500.3895953,0.81923447095213,0.7179125032507874,1.0525068363464776,3775313.9991049417,3867624.6502746274,3821469.3246897846,3775313.9991049417,,-1.0297557023988586,0.13754443917735157,-0.4322680986245178,-0.44610563161075345,-0.4322680986245178,0.3,0.3,0.25,0.15,0.3,0.12,0.18,0.25,0.15,4170002.597302,4170002.597302,1.5481999999999942,1.5481999999999942,0.46445999999999826,0.06502439999999975,0.5078095999999981,0.49697219999999814,0.540321799999998,0.321,0.679,0.3,0.041999999999999996,0.328,0.6699999999999999,0.5,0.35,allocation_proxy,False,8804363.762461003,8804363.762461003,1.1417279626686283,-0.08922112632215069,0.2,-850567.1238181253,-4671501.855617102,-2980711.301690721,-1610848.4891930604,-3740992.667065656,-2770924.2874769326,1920357.1636588073,-1900577.5681401696,-209787.01421378832,1160075.7982838722,-970068.3795887232,4052245.952614,3775313.9991049417,min_headroom,906753.1241475213,906753.1241475213,5917198.908180193,-2023063.9962845184,12.0,112.88428333333333,9.88411666666667,U,13329410.440911397,11192381.43956881,-8623048.24672652,-19815429.686294332,min,19815429.68629533,11192381.43956881,False,False,-4603013.752937511,0.0,4603013.752937511,0.08203199960258668,76.59432096766128,1.851142722213912e-07,1.233768836309169e-06,1.41888310853056e-06,1.41888310853056e-06,1.5481999999999942,413467.9865827905,368131.0105303312,-413466.43838279136,0.8038724810181805,1.3464717265384358,332375.5361958996,495677.9973411141,-163302.4611452145,163304.0093452145,49.10736,1000.0,1.0,dashboard_retrospective,none
2015-06-30,124.1867,49.67468,124.1867,,1.2797938522736236,1180.862464235148,1.0,1.5554287707111931,0.9664422334619767,6832069.265555477,6832069.265555477,6832069.265555477,1317720.7585851,527088.30343404,790632.45515106,1098100.63215425,658860.37929255,0.7993413230896322,0.7150243824127247,1.2288540048406045,3958542.5534954485,4068852.4961366323,4013697.52481604,3958542.5534954485,,-0.8760952931710951,0.3666968188409027,-0.8008697463422423,-0.2546992371650961,-0.8008697463422423,0.3,0.3,0.25,0.15,0.3,0.12,0.18,0.25,0.15,4392402.528617,4392402.528617,1.4183000000000021,1.4183000000000021,0.42549000000000065,0.05956860000000008,0.46520240000000074,0.4552743000000007,0.4949867000000008,0.321,0.679,0.3,0.041999999999999996,0.328,0.6699999999999999,0.5,0.35,allocation_proxy,False,8899124.53446247,8899124.53446247,1.2797938522736236,-0.05093984743301923,0.2,-895930.6614903414,-4920648.389122702,-3139682.4230024354,-1696760.3285734958,-3940512.09008559,-2918706.778454913,2022776.1169645714,-2001941.6106677894,-220975.64454752253,1221946.449881417,-1021805.311630677,4289472.381419,3958542.5534954485,min_headroom,1450727.44374208,1450727.44374208,5221719.355024243,-2718543.5494404677,12.0,114.82717500000001,9.35952499999999,U,12983484.607439853,11121298.437683027,-8694131.248612303,-19815429.686294332,min,19815429.68629533,11121298.437683027,False,False,-4948939.586409055,0.0,4948939.586409055,0.12961740551597656,48.474857849281086,1.9404740615395357e-07,1.3095530343503593e-06,1.5036004405043128e-06,1.5036004405043128e-06,1.4183000000000021,345927.2517715441,183228.55439050682,-345925.8334715441,0.8092878970208811,1.140680420593541,279954.7381084058,209005.22448690984,70949.51362149595,-70948.09532149594,49.67468,1000.0,1.0,dashboard_retrospective,none
2015-09-30,125.9502,50.38008,125.9502,,1.4657418684280266,1197.63117582567,1.0,1.5554287707111931,0.9664422334619767,7204554.799966341,7204554.799966341,7204554.799966341,1389563.1099852,555825.24399408,833737.86599112,1157969.258321,694781.5549926,0.7791417578738576,0.7108847699309115,1.3510935477120727,4159614.638698911,4293268.796814941,4226441.717756926,4159614.638698911,,-0.7961403022895884,-0.3503429048699496,-0.06023115831851541,-0.573241603579769,-0.06023115831851541,0.3,0.3,0.25,0.15,0.3,0.12,0.18,0.25,0.15,4631877.033284,4631877.033284,1.7634999999999934,1.7634999999999934,0.529049999999998,0.07406699999999972,0.5784279999999978,0.5660834999999979,0.6154614999999977,0.321,0.679,0.3,0.041999999999999996,0.328,0.6699999999999999,0.5,0.35,allocation_proxy,False,9068100.212633025,9068100.212633025,1.4657418684280266,-0.11464832071595382,0.2,-944776.9477718339,-5188922.944550721,-3310858.4225064996,-1789267.979358337,-4155349.4540930027,-3077835.149656079,2133058.201884245,-2111087.794894642,-233023.2728504208,1288567.170297742,-1077514.304436924,4560577.113047,4159614.638698911,min_headroom,1725555.4882616156,1725555.4882616156,5320919.952727436,-2619342.9517372753,12.0,116.74850000000002,9.201699999999974,U,12611000.83652899,11050422.794577356,-8765006.891717974,-19815429.686294332,min,19815429.68629533,11050422.794577356,False,False,-5321423.3573199175,0.0,5321423.3573199175,0.15515773611602782,40.49546909140892,1.9531770127623322e-07,1.3484131649420753e-06,1.5437308662183084e-06,1.5437308662183084e-06,1.7634999999999934,372485.5344108641,201072.08520346228,-372483.77091086283,0.789241540481745,1.2899737762763386,293981.0569855964,259377.71705366793,34603.339931928494,-34601.57643192849,50.38008,1000.0,1.0,dashboard_retrospective,none
2015-12-31,127.8253,51.130120000000005,127.8253,,1.1826365742434202,1215.4610658757908,1.0,1.5554287707111931,0.9664422334619767,7564949.848420391,7564949.848420391,7564949.848420391,1459073.5347453,583629.4138981199,875444.12084718,1215894.61228775,729536.76737265,0.7984505729032297,0.7172223847996358,1.1277690703232182,4465892.755723357,4579575.801290017,4522734.278506688,4465892.755723357,,-0.7268037292213592,0.1781286900193393,-0.3708012046671045,-0.2743375196010099,-0.3708012046671045,0.3,0.3,0.25,0.15,0.3,0.12,0.18,0.25,0.15,4863578.449151,4863578.449151,1.8751000000000033,1.8751000000000033,0.562530000000001,0.07875420000000014,0.6150328000000012,0.601907100000001,0.6544099000000012,0.32099999999999995,0.679,0.3,0.041999999999999996,0.328,0.6699999999999999,0.5,0.35,allocation_proxy,False,9247845.380418288,9247845.380418288,1.1826365742434202,-0.05486750392020198,0.2,-992037.7353325157,-5448489.592032454,-3476478.230354905,-1878772.9297712538,-4363213.424793643,-3231798.3824569546,2239760.647124439,-2216691.2095754994,-244679.84789795056,1353025.4526857007,-1131415.0423366884,4806941.892423333,4465892.755723357,min_headroom,1504853.162363905,1504853.162363905,4083405.948217985,-622607.5722136854,12.0,118.63676666666667,9.188533333333325,U,12250607.663174938,11149446.796759974,-8665982.889535356,-19815429.686294332,min,19815429.68629533,11149446.796759974,False,False,-5681816.53067397,0.0,5681816.53067397,0.1361805960132461,46.13862393852666,1.9588842331927137e-07,1.36178026199596e-06,1.5576686853152315e-06,1.5576686853152315e-06,1.8751000000000033,360395.04845405,306278.1170244464,-360393.173354052,0.7887961653885437,1.2394313090176454,284278.232245573,379610.68750706915,-95332.45526149613,95334.33036149613,51.130120000000005,1000.0,1.0,dashboard_retrospective,none
2016-03-31,129.372,51.74880000000001,129.372,,1.0290089498573727,1230.168276659494,1.0,1.5554287707111931,0.9664422334619767,7982440.984555932,7982440.984555932,7982440.984555932,1539596.2453952997,615838.4981581199,923757.7472371799,1282996.8711627498,769798.1226976499,0.8064409065680136,0.7198894222769057,0.8674403831364219,4765024.835999292,4869441.9100715285,4817233.37303541,4765024.835999292,,-0.6985112385663775,-0.9171744286431306,0.1107883425512249,-0.8078428336047541,0.1107883425512249,0.3,0.3,0.25,0.15,0.3,0.12,0.18,0.25,0.15,5131987.484650999,5131987.484650999,1.5467000000000155,1.5467000000000155,0.46401000000000464,0.06496140000000064,0.5073176000000051,0.49649070000000495,0.5397983000000055,0.321,0.679,0.3,0.041999999999999996,0.328,0.6699999999999999,0.5,0.35,allocation_proxy,False,9383778.181118159,9383778.181118159,1.0290089498573727,-0.16156856672095082,0.2,-1046785.8790098702,-5749178.447289739,-3668336.587015975,-1982457.826658532,-4604008.5346646365,-3410153.45492775,2363367.5759178796,-2339024.992361989,-258183.13208822487,1427695.628269218,-1193855.0797368865,5078276.058216,4765024.835999292,min_headroom,1419947.5277007874,1419947.5277007874,3610603.774760485,447025.755643408,12.0,120.43342500000001,8.938575,U,11833118.073739398,11180655.327738337,-8634774.358556993,-19815429.686294332,min,19815429.68629533,11180655.327738337,False,False,-6099306.12010951,0.0,6099306.12010951,0.1273558727697076,49.3356542618275,1.935804959532269e-07,1.3806450231100426e-06,1.5742255190632696e-06,1.5742255190632696e-06,1.5467000000000155,417491.1361355409,299132.0802759351,-417489.58943554014,0.8024457397356217,0.99760472672982,335013.9835693493,298415.57719979685,36598.406369552424,-36596.859669552425,51.74880000000001,1000.0,1.0,dashboard_retrospective,none
2016-06-30,130.8244,52.32976,130.8244,,0.9384871408019831,1243.9788106623712,1.0,1.5554287707111931,0.9664422334619767,8673524.793144392,8673524.793144392,8673524.793144392,1672887.5580419998,669155.0232168,1003732.5348251999,1394072.965035,836443.7790209999,0.8086424239901794,0.7210770190656148,0.7812873145810346,5127406.7248229245,5229311.772750729,5178359.248786827,5127406.7248229245,,-0.7223913606112697,-0.8496069015982153,-0.549371643612537,-0.7859991311047425,-0.549371643612537,0.3,0.3,0.25,0.15,0.3,0.12,0.18,0.25,0.15,5576291.86014,5576291.86014,1.452399999999983,1.452399999999983,0.4357199999999949,0.06100079999999928,0.47638719999999446,0.46622039999999454,0.5068875999999941,0.321,0.679,0.3,0.041999999999999996,0.328,0.6699999999999999,0.5,0.35,allocation_proxy,False,9561242.13220684,9561242.13220684,0.9384871408019831,-0.15719982622094852,0.2,-1137411.8884526452,-6246916.438124219,-3985924.656209877,-2154090.101530827,-5002602.869288059,-3705389.190721126,2567977.302268481,-2541527.247403093,-280535.4654887514,1551299.0891902987,-1297213.6785669331,5433121.868606333,5127406.7248229245,min_headroom,1772362.443872855,1772362.443872855,3231263.759003813,1423834.8286547705,12.0,122.11817500000001,8.70622499999999,U,11142035.717550939,11033145.804785326,-8782283.881510004,-19815429.686294332,min,19815429.68629533,11033145.804785326,False,False,-6790388.476297969,0.0,6790388.476297969,0.15852044374141125,39.63643526906298,1.9400013294191516e-07,1.3865672948367084e-06,1.5805674277786235e-06,1.5805674277786235e-06,1.452399999999983,691083.8085884601,362381.88882363215,-691082.3561884593,0.8075416652790965,0.8243638488587283,558078.9696349455,298734.52862734516,259344.44100760034,-259342.98860760033,52.32976,1000.0,1.0,dashboard_retrospective,none
2016-09-30,132.6423,53.056920000000005,132.6423,,0.6549271960193727,1261.26479920811,1.0,1.5554287707111931,0.9664422334619767,9295457.99397226,9295457.99397226,9295457.99397226,1792841.5950006,717136.63800024,1075704.95700036,1494034.6625005,896420.7975003,0.831701195479231,0.7264122892061986,0.5209426906641389,5568695.758552168,5644763.057416667,5606729.407984417,5568695.758552168,,-0.942225719930646,-0.3976193336216913,-0.8585393113359574,-0.6699225267761687,-0.8585393113359574,0.3,0.3,0.25,0.15,0.3,0.12,0.18,0.25,0.15,5976138.650002,5976138.650002,1.8179000000000087,1.8179000000000087,0.5453700000000026,0.07635180000000036,0.5962712000000029,0.5835459000000027,0.634447100000003,0.32099999999999995,0.679,0.3,0.041999999999999996,0.328,0.6699999999999999,0.5,0.35,allocation_proxy,False,9711416.187364995,9711416.187364995,0.6549271960193727,-0.13398450535523374,0.2,-1218969.7594815206,-6694850.216873279,-4271734.513080838,-2308548.661766408,-5361313.415365725,-3971083.313313554,2752113.5538320336,-2723766.903559725,-300651.1997672841,1662534.651547146,-1390230.1020521708,5796897.655145667,5568695.758552168,min_headroom,1935174.541677421,1935174.541677421,3015347.25199419,2214411.1563722636,12.0,123.72328333333333,8.919016666666678,U,10520104.33462307,11073147.972451322,-8742281.713844009,-19815429.686294332,min,19815429.68629533,11073147.972451322,False,False,-7412319.8592258375,0.0,7412319.8592258375,0.17539644412549063,35.822763331987304,1.9312186868472587e-07,1.3872442036142386e-06,1.5803660722989644e-06,1.5803660722989644e-06,1.8179000000000087,621933.2008278687,441289.0337292431,-621931.3829278685,0.8201718097347053,0.6511150026225867,510092.0788570909,287329.91035393486,222762.16850315605,-222760.35060315605,53.056920000000005,1000.0,1.0,dashboard_retrospective,none
2016-12-31,134.7082,53.883280000000006,134.7082,,1.0918382834490712,1280.9089621085122,1.0,1.5554287707111931,0.9664422334619767,9631092.09721922,9631092.09721922,9631092.09721922,1857576.3053712,743030.52214848,1114545.78322272,1547980.254476,928788.1526856,0.7817430024861087,0.7157468993112103,1.2146628184964736,5702267.761028669,5835901.296611668,5769084.528820168,5702267.761028669,,-0.4648263536741575,1.6930717041481813,-0.7425166725182882,0.614122675237012,-0.7425166725182882,0.3,0.3,0.25,0.15,0.3,0.12,0.18,0.25,0.15,6191921.017904,6191921.017904,2.065899999999999,2.065899999999999,0.6197699999999997,0.08676779999999995,0.6776151999999998,0.6631538999999997,0.7209990999999998,0.321,0.679,0.3,0.041999999999999996,0.328,0.6699999999999999,0.5,0.35,allocation_proxy,False,9717772.882664626,9717772.882664626,1.0918382834490712,0.12282453504740241,0.2,-1262983.4941865825,-6936583.335388802,-4425975.410467141,-2391904.1737160482,-5554896.089996608,-4114468.500751036,2851485.0065644537,-2822114.834637766,-311506.9097161051,1722564.327034988,-1440427.5892455718,6103168.367777667,5702267.761028669,min_headroom,2527454.7835297864,2527454.7835297864,2807411.3705388126,2654175.3411954716,12.0,125.31860833333333,9.389591666666675,U,10184472.297276111,10937873.938819114,-8877555.747476216,-19815429.686294332,min,19815429.68629533,10937873.938819114,False,False,-7747951.896572797,0.0,7747951.896572797,0.22825079099618228,27.527551075539005,1.887530463236291e-07,1.3913239974120363e-06,1.5800770437356654e-06,1.5800770437356654e-06,2.065899999999999,335634.1032469589,133572.00247650128,-335632.0373469591,0.8067220989826699,0.8678027545803063,270763.44826155284,115914.1516839153,154849.29657763755,-154847.23067763756,53.883280000000006,1000.0,1.0,dashboard_retrospective,none
2017-03-31,136.5246,54.60984,136.5246,,1.3992216973588232,1298.1806875029122,1.0,1.5554287707111931,0.9664422334619767,10688606.31592624,10688606.31592624,10688606.31592624,2061542.1002607,824616.84010428,1236925.26015642,1717951.75021725,1030771.05013035,0.7547350440836393,0.7057591298048256,1.3477177205752666,6016714.869264923,6200797.5095768375,6108756.189420882,6016714.869264923,,-0.20271861595436805,-0.3123211518811983,-1.0534828778572158,-0.25751988391778313,-1.0534828778572158,0.3,0.3,0.25,0.15,0.3,0.12,0.18,0.25,0.15,6871807.000869,6871807.000869,1.8163999999999874,1.8163999999999874,0.5449199999999962,0.07628879999999946,0.5957791999999958,0.5830643999999959,0.6339235999999956,0.321,0.679,0.3,0.041999999999999996,0.328,0.6699999999999999,0.5,0.35,allocation_proxy,False,10031989.607629813,10031989.607629813,1.3992216973588232,-0.05150397678355663,0.2,-1401661.744753849,-7698234.810878048,-4911956.842372258,-2654540.295139882,-6164835.392758291,-4566245.817180466,3164584.072426617,-3131988.993697582,-345711.0251917923,1911705.5220405841,-1598589.5755778253,6568962.7902006665,6016714.869264923,min_headroom,2190296.0317060417,2190296.0317060417,3124530.366725847,2971294.337382506,12.0,126.93852500000001,9.58607499999998,U,9126959.894969089,10352032.198866475,-9463397.487428855,-19815429.686294332,min,19815429.68629533,10352032.198866475,False,False,-8805464.298879819,0.0,8805464.298879819,0.2002487909403089,31.37689509971877,1.881783402035214e-07,1.4277871401238716e-06,1.615965480327393e-06,1.615965480327393e-06,1.8163999999999874,1057514.2187070213,314447.1082362542,-1057512.4023070224,0.768239023284874,1.2811902695358701,812423.6904893487,402866.5753559814,409557.1151333673,-409555.2987333673,54.60984,1000.0,1.0,dashboard_retrospective,none
2017-06-30,138.4751,55.39004,138.4751,,1.1690189718067634,1316.727538626991,1.0,1.5554287707111931,0.9664422334619767,10872705.20094372,10872705.20094372,10872705.20094372,2097049.7792655,838819.9117062,1258229.8675593,1747541.48272125,1048524.88963275,0.7708806157158478,0.7131048514406807,1.1124807211267276,6482806.320527862,6645776.577818018,6564291.44917294,6482806.320527862,,-0.36918714464383057,-0.196195362156528,-1.0669112396027318,-0.2826912534001793,-1.0669112396027318,0.3,0.3,0.25,0.15,0.3,0.12,0.18,0.25,0.15,6990165.930885,6990165.930885,1.9505000000000052,1.9505000000000052,0.5851500000000015,0.08192100000000022,0.6397640000000018,0.6261105000000016,0.6807245000000018,0.32099999999999995,0.679,0.3,0.041999999999999996,0.328,0.6699999999999999,0.5,0.35,allocation_proxy,False,10394892.373816805,10394892.373816805,1.1690189718067634,-0.056538250680035866,0.2,-1425803.7476262297,-7830828.004358632,-4996559.619498337,-2700261.6823932463,-6271017.554265354,-4644894.12162836,3219090.3740021302,-3185933.8827302717,-351665.4978699768,1944632.4392351136,-1626123.432636994,6971717.092398333,6482806.320527862,min_headroom,1424836.1986585013,1424836.1986585013,3621251.083098028,3621251.083098028,12.0,128.65759166666666,9.817508333333336,U,8942862.96045161,10867072.441243403,-8948357.245051928,-19815429.686294332,min,19815429.68629533,10867072.441243403,False,False,-8989561.233397298,0.0,8989561.233397298,0.13763830823618553,45.64997483402457,1.792851022133164e-07,1.4440346686627584e-06,1.6233197708760749e-06,1.6233197708760749e-06,1.9505000000000052,184098.88501747884,466091.4512629388,-184096.93451747857,0.7628078298997436,1.230099220850997,140432.07096714547,573338.7310438515,-432906.660076706,432908.61057670595,55.39004,1000.0,1.0,dashboard_retrospective,none
2017-09-30,140.5983,56.23932,140.5983,,1.1223076422977367,1336.9165539085311,1.0,1.5554287707111931,0.9664422334619767,11129219.102773046,11129219.102773046,11129219.102773046,2146524.3498776997,858609.73995108,1287914.60992662,1788770.29156475,1073262.1749388499,0.7727057501803393,0.7144293289721281,1.0844960508448862,6622396.324080187,6781735.084303123,6702065.704191655,6622396.324080187,,-0.39315326651525173,0.015037351986746494,-1.135565362465755,-0.18905795726425265,-1.135565362465755,0.3,0.3,0.25,0.15,0.3,0.12,0.18,0.25,0.15,7155081.166259,7155081.166259,2.123199999999997,2.123199999999997,0.6369599999999991,0.08917439999999986,0.6964095999999991,0.681547199999999,0.740996799999999,0.32099999999999995,0.679,0.3,0.041999999999999996,0.328,0.6699999999999999,0.5,0.35,allocation_proxy,False,10337442.021864787,10337442.021864787,1.1223076422977367,-0.03781159145285053,0.2,-1459441.9706615363,-8015576.529111979,-5114440.770512083,-2763967.507880982,-6418966.307731528,-4754478.617179622,3295036.6465180856,-3261097.9119323567,-359962.1533324607,1990511.10929864,-1664487.690551906,7100412.604748999,6622396.324080187,min_headroom,907010.8272158797,907010.8272158797,3473609.0983555326,3473609.0983555326,12.0,130.42464166666667,10.173658333333321,U,8686351.181822285,10819945.667942565,-8995484.018352766,-19815429.686294332,min,19815429.68629533,10819945.667942565,False,False,-9246073.012026623,0.0,9246073.012026623,0.08346413738566191,75.28006044256989,1.748117564652922e-07,1.4640253271312274e-06,1.6388370835965196e-06,1.6388370835965196e-06,2.123199999999997,256513.90182932653,139590.00355232507,-256511.77862932533,0.7717931829480935,1.098488385985807,197975.6807632907,153337.99770194665,44637.683061344054,-44635.55986134405,56.23932,1000.0,1.0,dashboard_retrospective,none
2017-12-31,142.836,57.13440000000001,142.836,,0.992387361964865,1358.194323075592,1.0,1.5554287707111931,0.9664422334619767,11455973.01093813,11455973.01093813,11455973.01093813,2209546.3116,883818.5246400001,1325727.78696,1841288.593,1104773.1558,0.7817215306509585,0.7184548110469887,0.9945478588146555,6852399.5755004445,6996846.174940075,6924622.875220259,6852399.5755004445,,-0.2539222132321705,0.27552718173007473,-1.1997626946462647,0.010802484248952101,-1.1997626946462647,0.3,0.3,0.25,0.15,0.3,0.12,0.18,0.25,0.15,7365154.372,7365154.372,2.237700000000018,2.237700000000018,0.6713100000000054,0.09398340000000074,0.733965600000006,0.7183017000000058,0.7809573000000064,0.321,0.679,0.3,0.041999999999999996,0.328,0.6699999999999999,0.5,0.35,allocation_proxy,False,10338686.830677474,10338686.830677474,0.992387361964865,0.0021604968497904204,0.2,-1502291.1915502674,-8250913.881436281,-5264600.767759982,-2845117.602681109,-6607427.178890823,-4894070.124463692,3391778.932913425,-3356843.7569725886,-370530.64329628926,2048952.521782583,-1713357.054427131,7285739.3738193335,6852399.5755004445,min_headroom,-67543.29226150061,67543.29226150061,3217024.530548008,3217024.530548008,12.0,132.22595833333335,10.61004166666666,U,8359599.511357199,10838198.874607868,-8977230.811687462,-19815429.686294332,min,19815429.68629533,10838198.874607868,False,False,-9572824.682491709,0.0,9572824.682491709,0.00624247979928573,1006.5207272114062,1.7898807842551114e-07,1.552795249778385e-06,1.731783328203896e-06,1.731783328203896e-06,2.237700000000018,326753.9081650842,230003.2514202576,-326751.67046508566,0.7772136404156489,1.039521954829771,253957.5944850257,239093.4295335895,14864.164951436222,-14861.927251436222,57.13440000000001,1000.0,1.0,dashboard_retrospective,none
2018-03-31,145.0396,58.01584,145.0396,,1.1563302845623966,1379.1478432688862,1.0,1.5554287707111931,0.9664422334619767,11732691.82614811,11732691.82614811,11732691.82614811,2262917.8617,905167.1446799999,1357750.7170199999,1885764.88475,1131458.93085,0.7658230675761998,0.7126024443204904,1.09449123457866,6956710.041343258,7129692.400006616,7043201.220674937,6956710.041343258,,0.15484393653438036,-0.773234436371747,-0.2431404928688049,-0.30919524991868325,-0.2431404928688049,0.3,0.3,0.25,0.15,0.3,0.12,0.18,0.25,0.15,7543059.539,7543059.539,2.2035999999999945,2.2035999999999945,0.6610799999999983,0.09255119999999976,0.7227807999999982,0.7073555999999982,0.7690563999999981,0.321,0.679,0.3,0.041999999999999996,0.328,0.6699999999999999,0.5,0.35,allocation_proxy,False,10320385.062540103,10320385.062540103,1.1563302845623966,-0.061839049983736655,0.2,-1538579.0073673313,-8450214.552927969,-5391767.101481013,-2913841.3655073014,-6767029.459620982,-5012286.29738092,3473707.290013588,-3437928.2555470495,-379480.80410009343,2098444.931873618,-1754743.1622400628,7475657.117333333,6956710.041343258,min_headroom,365915.4533774599,365915.4533774599,3116973.6265589506,3116973.6265589506,12.0,134.08189166666668,10.95770833333333,U,8082882.899747221,10717947.961762108,-9097481.724533223,-19815429.686294332,min,19815429.68629533,10717947.961762108,False,False,-9849541.294101687,0.0,9849541.294101687,0.03376164781721621,186.10422516094064,2.0061999934567267e-07,1.7964723359177737e-06,1.9970923352634465e-06,1.9970923352634465e-06,2.2035999999999945,276718.8152099792,104310.46584281325,-276716.6116099786,0.7737722991135791,1.0445195466966577,214117.35385301124,108954.3204978525,105163.03335515874,-105160.82975515875,58.015840000000004,1000.0,1.0,dashboard_retrospective,none
2018-06-30,146.7299,58.69196,146.7299,,1.2163592698391599,1395.22051307408,1.0,1.5554287707111931,0.9664422334619767,12002316.00720569,12002316.00720569,12002316.00720569,2314921.0494,925968.41976,1388952.62964,1929100.8745,1157460.5247,0.7591835440407285,0.7097290836873043,1.301740223820687,7109306.181726448,7295945.905150965,7202626.0434387075,7109306.181726448,,0.344546690420064,0.5092628493952072,-0.528352171376209,0.42690476990763554,-0.528352171376209,0.3,0.3,0.25,0.15,0.3,0.12,0.18,0.25,0.15,7716403.498,7716403.498,1.6902999999999793,1.6902999999999793,0.5070899999999937,0.07099259999999913,0.5544183999999932,0.5425862999999933,0.5899146999999928,0.32099999999999995,0.679,0.3,0.041999999999999996,0.328,0.6699999999999999,0.5,0.35,allocation_proxy,False,10337806.173163647,10337806.173163647,1.2163592698391599,0.08538095398152712,0.2,-1573936.4607975213,-8644405.46941623,-5515673.090893444,-2980803.159403199,-6922539.789499122,-5127471.594001903,3553535.133204382,-3516933.8754143277,-388201.4968915405,2146668.4345987043,-1795068.1954972185,7669225.351999999,7109306.181726448,min_headroom,872096.924960468,872096.924960468,3040423.745513545,3040423.745513545,12.0,135.96049166666666,10.769408333333331,U,7813260.408989642,10677219.681579314,-9138210.004716016,-19815429.686294332,min,19815429.68629533,10677219.681579314,False,False,-10119163.784859266,0.0,10119163.784859266,0.08136790065335314,77.21945947637839,2.5606531165864925e-07,2.417562220937928e-06,2.6736275325965776e-06,2.6736275325965776e-06,1.6902999999999793,269624.1810575798,152596.14038319048,-269622.490757579,0.7625033058084641,1.1981157291996736,205589.32938230448,182827.836008262,22761.493374042475,-22759.803074042477,58.691959999999995,1000.0,1.0,dashboard_retrospective,none
2018-09-30,148.1939,59.27756000000001,148.1939,,1.2936110291922533,1409.1413487806435,1.0,1.5554287707111931,0.9664422334619767,12010537.053320691,12010537.053320691,12010537.053320691,2316506.6661,926602.66644,1389903.99966,1930422.22175,1158253.33305,0.7515481872162055,0.7059644082789251,1.3486284481655424,7074243.004749678,7272664.076166452,7173453.540458065,7074243.004749678,,0.2848432388003797,0.2653309509325103,-0.8517928793172094,0.27508709486644495,-0.8517928793172094,0.3,0.3,0.25,0.15,0.3,0.12,0.18,0.25,0.15,7721688.887,7721688.887,1.464000000000027,1.464000000000027,0.4392000000000081,0.06148800000000113,0.4801920000000089,0.46994400000000863,0.5109360000000095,0.32099999999999995,0.679,0.3,0.041999999999999996,0.328,0.6699999999999999,0.5,0.35,allocation_proxy,False,10131391.684879417,10131391.684879417,1.2936110291922533,0.05501741897328899,0.2,-1575014.5364138049,-8650326.497987565,-5519451.078642499,-2982844.875370224,-6927281.417598918,-5130983.681202603,3555969.144788798,-3519342.816784962,-388467.3974398961,2148138.8058323786,-1796297.7363963155,7669506.2190000005,7074243.004749678,min_headroom,615308.1569124542,615308.1569124542,2707278.2309062458,2614347.8851067056,12.0,137.81413333333333,10.379766666666683,U,7805040.82687464,10616405.333999157,-9199024.352296174,-19815429.686294332,min,19815429.68629533,10616405.333999157,False,False,-10127383.366974268,0.0,10127383.366974268,0.05762812560408435,109.02983987968317,2.725914076390041e-07,2.6080941903887915e-06,2.8806855980277957e-06,2.8806855980277957e-06,1.464000000000027,8221.046115001664,-35063.17697677016,-8219.582115001976,0.755365865628467,1.3251843359931148,6209.897615029777,-46465.17289977024,52675.07051480001,-52673.60651480001,59.27756000000001,1000.0,1.0,dashboard_retrospective,none
2018-12-31,149.4542,59.78168,149.4542,,1.3899108670509233,1421.125248535412,1.0,1.5554287707111931,0.9664422334619767,12092616.489817338,12092616.489817338,12092616.489817338,2332337.562,932935.0248,1399402.5372,1943614.635,1166168.781,0.7429543791950782,0.7012453605707024,1.4369306236968418,7070205.561373337,7284463.192248891,7177334.376811114,7070205.561373337,,0.43049136496579327,0.039706201493392136,0.25961408046025625,0.23509878322959274,0.25961408046025625,0.3,0.3,0.25,0.15,0.3,0.12,0.18,0.25,0.15,7774458.54,7774458.54,1.2602999999999724,1.2602999999999724,0.3780899999999917,0.05293259999999884,0.413378399999991,0.40455629999999115,0.43984469999999043,0.321,0.679,0.3,0.041999999999999996,0.328,0.6699999999999999,0.5,0.35,allocation_proxy,False,9985000.013841465,9985000.013841465,1.3899108670509233,0.04701975664591855,0.2,-1585778.1105195212,-8709442.416061396,-5557170.743657854,-3003229.4947623773,-6974622.12790071,-5166048.578580372,3580270.468060851,-3543393.8374810237,-391122.16507748235,2162819.0838179947,-1808573.5493203383,7712978.454,7070205.561373337,min_headroom,345686.775136549,345686.775136549,2414485.9222184974,2310309.0393948597,12.0,139.61654166666668,9.837658333333309,U,7722962.650677992,10528270.992737997,-9287158.693557333,-19815429.686294332,min,19815429.68629533,10528270.992737997,False,False,-10209461.543170916,0.0,10209461.543170916,0.032561565262536014,192.96324536366066,2.7315196786954075e-07,2.5939007017569596e-06,2.8670526696265005e-06,2.8670526696265005e-06,1.2602999999999724,82079.43649664707,-4037.4433763409033,-82078.17619664781,0.7472512832056419,1.392779535931192,61333.96424691553,-5623.2685120485485,66957.23275896408,-66955.97245896408,59.781679999999994,1000.0,1.0,dashboard_retrospective,none
2019-03-31,150.5962,60.23848000000001,150.5962,,1.104797496278732,1431.984261087936,1.0,1.5554287707111931,0.9664422334619767,12086373.8853261,12086373.8853261,12086373.8853261,2331133.533,932453.4132,1398680.1197999998,1942611.2774999999,1165566.7665,0.7622388237488167,0.7113571310467327,1.1086761354568542,7204193.188806023,7374611.874426238,7289402.531616132,7204193.188806023,,0.13016633981331702,-0.09137994803209558,-0.3803258939223145,0.019393195890610736,-0.3803258939223145,0.3,0.3,0.25,0.15,0.3,0.12,0.18,0.25,0.15,7770445.109999999,7770445.109999999,1.1420000000000243,1.1420000000000243,0.3426000000000073,0.04796400000000102,0.374576000000008,0.3665820000000078,0.3985580000000085,0.321,0.679,0.3,0.041999999999999996,0.328,0.6699999999999999,0.5,0.35,allocation_proxy,False,9788734.193752354,9788734.193752354,1.104797496278732,0.0038786391781221474,0.2,-1584959.4799474552,-8704946.316777304,-5554301.950202597,-3001679.1293846276,-6971021.59963977,-5163381.6951903505,3578422.2152428953,-3541564.6215869533,-390920.2550122468,2161702.565805723,-1807639.9044494191,7715449.245666667,7204193.188806023,min_headroom,-219589.1605545797,219589.1605545797,2286291.2986089597,2182114.4157853215,12.0,141.385225,9.210975000000019,U,7729206.3971692305,10735496.180378266,-9079933.505917065,-19815429.686294332,min,19815429.68629533,10735496.180378266,False,False,-10203217.796679677,0.0,10203217.796679677,0.020857096165746873,301.2492850034568,2.6596379995222597e-07,2.517125864836786e-06,2.7830896647890123e-06,2.7830896647890123e-06,1.1420000000000243,-6242.604491237551,133987.62743268628,6243.746491238475,0.7525966014719474,1.2728033795768479,-4698.162924438896,170539.90501780665,-175238.06794224554,175239.20994224554,60.23848000000001,1000.0,1.0,dashboard_retrospective,none
2019-06-30,152.1008,60.84032,152.1008,,0.79916608527289,1446.2911527574,1.0,1.5554287707111931,0.9664422334619767,12046534.014721218,12046534.014721218,12046534.014721218,2323449.5031,929379.80124,1394069.70186,1936207.91925,1161724.75155,0.7870690794236865,0.7217358398250844,0.7508649988884095,7355218.014774996,7478642.042294442,7416930.028534718,7355218.014774996,,-0.14846428349212326,-0.334546580352682,-0.5444691666842809,-0.24150543192240262,-0.5444691666842809,0.3,0.3,0.25,0.15,0.3,0.12,0.18,0.25,0.15,7744831.677,7744831.677,1.5045999999999822,1.5045999999999822,0.4513799999999946,0.06319319999999924,0.4935087999999942,0.48297659999999426,0.5251053999999938,0.321,0.679,0.3,0.041999999999999996,0.328,0.6699999999999999,0.5,0.35,allocation_proxy,False,9604052.617659146,9604052.617659146,0.79916608527289,-0.048301086384480524,0.2,-1579735.036190031,-8676252.5217505,-5535993.50855616,-2991784.8046478056,-6948043.277013935,-5146361.829631687,3566626.793441656,-3529890.6921188133,-389631.678924473,2154577.0249838815,-1801681.447382248,7725490.097333333,7355218.014774996,min_headroom,-899146.5720192264,899146.5720192264,2139379.8263533437,2035202.9435297062,12.0,143.15825833333332,8.94254166666667,U,7769047.772374112,11001874.794536605,-8813554.891758725,-19815429.686294332,min,19815429.68629533,11001874.794536605,False,False,-10163376.421474796,0.0,10163376.421474796,0.08375454258580388,75.0190391254619,2.407345830685907e-07,2.291538420533501e-06,2.532273003602092e-06,2.532273003602092e-06,1.5045999999999822,-39839.87060488202,151024.8259689724,39841.37520488165,0.7746539515862516,0.9297705671726318,-30862.113194756803,140418.4380983195,-171280.55129307628,171282.05589307626,60.84032,1000.0,1.0,dashboard_retrospective,none
2019-09-30,153.8868,61.55472,153.8868,,0.16820434622651612,1463.2738116180024,1.0,1.5554287707111931,0.9664422334619767,12176717.884168467,12176717.884168467,12176717.884168467,2348558.4387,939423.3754799999,1409135.06322,1957132.03225,1174279.21935,0.8752637726544771,0.7400157959060784,0.1042571103193866,7701811.352492176,7727855.502994783,7714833.42774348,7701811.352492176,,-0.6088195486120839,-0.03065281045921142,-0.43766877831693146,-0.3197361795356476,-0.43766877831693146,0.3,0.3,0.25,0.15,0.3,0.12,0.18,0.25,0.15,7828528.129,7828528.129,1.7860000000000014,1.7860000000000014,0.5358000000000004,0.07501200000000005,0.5858080000000004,0.5733060000000004,0.6233140000000005,0.321,0.679,0.3,0.041999999999999996,0.328,0.6699999999999999,0.5,0.35,allocation_proxy,False,9455489.120891362,9455489.120891362,0.16820434622651612,-0.06394723590712952,0.2,-1596806.836216602,-8770014.605035422,-5595819.600882631,-3024116.272101147,-7023129.036767176,-5201977.270200596,3605170.433983994,-3568037.334834826,-393842.3306820346,2177860.998099449,-1821151.7665665802,7779943.8040000005,7701811.352492176,min_headroom,-748859.6591802044,748859.6591802044,2171655.4876624714,2067478.6048388337,12.0,144.92863333333332,8.95816666666667,U,7638865.688926864,11391582.717665128,-8423846.968630202,-19815429.686294332,min,19815429.68629533,11391582.717665128,False,False,-10293558.504922044,0.0,10293558.504922044,0.06806654985312856,92.30944304856361,2.2922879673970495e-07,1.7666038232677246e-06,1.9958326200074295e-06,1.9958326200074295e-06,1.7860000000000014,130183.86944724806,346593.33771718014,-130182.08344724774,0.8311664260390819,0.42756105460389804,108204.46149640759,148189.81299304252,-39985.35149663493,39987.13749663493,61.55472,1000.0,1.0,dashboard_retrospective,none
2019-12-31,156.163,62.46520000000001,156.163,,0.26629064146095166,1484.9176683360893,1.0,1.5554287707111931,0.9664422334619767,11989987.599442167,11989987.599442167,11989987.599442167,2312543.2341,925017.29364,1387525.94046,1927119.3617500002,1156271.61705,0.8423466393572652,0.7366898550869903,0.21315572486402096,7530326.125450037,7571157.899266693,7550742.012358365,7530326.125450037,,-0.7515561021921924,0.22020693622288537,-0.7076454389895184,-0.26567458298465346,-0.7076454389895184,0.3,0.3,0.25,0.15,0.3,0.12,0.18,0.25,0.15,7708477.447000001,7708477.447000001,2.276200000000017,2.276200000000017,0.6828600000000051,0.09560040000000071,0.7465936000000056,0.7306602000000055,0.794393800000006,0.321,0.679,0.3,0.041999999999999996,0.328,0.6699999999999999,0.5,0.35,allocation_proxy,False,9244996.805506755,9244996.805506755,0.26629064146095166,-0.0531349165969307,0.2,-1572319.7619478211,-8635526.203494871,-5510007.562097668,-2977741.37059595,-6915429.170745797,-5122204.813776421,3549885.0518286005,-3513321.3897184497,-387802.74832124636,2144463.443180471,-1793224.356969376,7652821.4469,7530326.125450037,min_headroom,-456118.41518042143,456118.41518042143,1796004.718360247,1637396.223429094,12.0,146.71653333333333,9.44646666666668,U,7825598.249853164,11321087.43802822,-8494342.24826711,-19815429.686294332,min,19815429.68629533,11321087.43802822,False,False,-10106825.943995744,0.0,10106825.943995744,0.04003995111874231,156.92290154266666,2.0382705292948384e-07,1.4423812688922336e-06,1.6462083218217175e-06,1.6462083218217175e-06,2.276200000000017,-186730.28472629935,-171485.22704213858,186732.56092629954,0.8588052060058711,0.15870641759170379,-160364.94064190448,-27215.80605375778,-133149.1345881467,133151.4107881467,62.46520000000001,1000.0,1.0,dashboard_retrospective,none
2020-03-31,158.487,63.3948,158.487,,0.2735881753226703,1507.0160441435023,1.0,1.5554287707111931,0.9664422334619767,13072313.91685114,13072313.91685114,13072313.91685114,2521294.6094999993,1008517.8437999998,1512776.7656999996,2101078.8412499996,1260647.3047499997,0.8338859104576838,0.7358508898435615,0.13766540448613035,7774002.55222652,7817705.374262124,7795853.963244322,7774002.55222652,,-1.2163727192747618,-0.14285498909063787,1.4589020934435748,-0.6796138541826998,1.4589020934435748,0.3,0.3,0.25,0.15,0.3,0.12,0.18,0.25,0.15,8404315.364999998,8404315.364999998,2.323999999999984,2.323999999999984,0.6971999999999952,0.0976079999999993,0.7622719999999947,0.7460039999999948,0.8110759999999944,0.321,0.679,0.3,0.041999999999999996,0.328,0.6699999999999999,0.5,0.35,allocation_proxy,False,9127279.22120751,9127279.22120751,0.2735881753226703,-0.13592277083653997,0.2,-1714251.7734386013,-9415048.050135657,-6007391.412090825,-3246539.634572754,-7539679.273224979,-5584582.028692564,3870330.2552539627,-3830466.021443093,-422809.3833982609,2338042.39411981,-1955097.2445324147,7905111.018333334,7774002.55222652,min_headroom,-299708.92877211096,299708.92877211096,1265409.4069352632,1106800.9120041106,12.0,148.54673333333332,9.940266666666673,U,6743274.25644419,10604278.08478397,-9211151.601511361,-19815429.686294332,min,19815429.68629533,10604278.08478397,False,False,-11189149.937404718,0.0,11189149.937404718,0.02647351064221715,237.33857560847363,1.7293368741381877e-07,1.1098970862718732e-06,1.282830773685692e-06,1.282830773685692e-06,2.323999999999984,1082326.3174089734,243676.42677648272,-1082323.9934089743,0.8381162749074744,0.17541056467507565,907115.3013811335,42743.419618867556,864371.8817622659,-864369.5577622659,63.394800000000004,1000.0,1.0,dashboard_retrospective,none
2020-06-30,159.8154,63.92616000000001,159.8154,,0.461457060991042,1519.6474909690482,1.0,1.5554287707111931,0.9664422334619767,15222770.201497106,15222770.201497106,15222770.201497106,2936059.2696,1174423.70784,1761635.5617600002,2446716.058,1468029.6348,0.7971842768406369,0.7264499986194509,0.26210630158945736,8921153.581858844,9005089.493461452,8963121.53766015,8921153.581858844,,-2.0151432024939377,0.021635608478090766,1.9504025672722214,-0.9967537970079233,1.9504025672722214,0.3,0.3,0.25,0.15,0.3,0.12,0.18,0.25,0.15,9786864.232,9786864.232,1.3284000000000162,1.3284000000000162,0.39852000000000487,0.05579280000000068,0.43571520000000535,0.4264164000000052,0.4636116000000057,0.321,0.679,0.3,0.041999999999999996,0.328,0.6699999999999999,0.5,0.35,allocation_proxy,False,9291602.486486679,9291602.486486679,0.461457060991042,-0.19935075940158467,0.2,-1996254.142958237,-10963867.13285051,-6995635.168982701,-3780610.4658675487,-8779991.491892014,-6503271.680510202,4507017.537551966,-4460595.452340307,-492363.48847249895,2722661.2146426537,-2276719.8113818113,9172961.316666666,8921153.581858844,min_headroom,364993.789076725,364993.789076725,1341370.6713545574,1182762.1764234041,12.0,150.32509166666668,9.490308333333331,U,4592819.300198225,10174549.672986489,-9640880.013308842,-19815429.686294332,min,19815429.68629533,10174549.672986489,False,False,-13339604.893650683,0.0,13339604.893650683,0.034419484868135716,182.5473371042902,1.4501697814190203e-07,8.655315788472518e-07,1.010548556989154e-06,1.010548556989154e-06,1.3284000000000162,2150456.2846459653,1147151.0296323234,-2150454.9562459644,0.8155350936491603,0.19988585303779385,1753772.5674871728,229299.2621212405,1524473.3053659322,-1524471.9769659322,63.92616000000001,1000.0,1.0,dashboard_retrospective,none
2020-09-30,164.9115,65.9646,164.9115,,0.16814031146870667,1568.1051213271196,1.0,1.5554287707111931,0.9664422334619767,16081097.024281736,16081097.024281736,16081097.024281736,3101607.2211899995,1240642.888476,1860964.3327139998,2584672.684325,1550803.6105949997,0.849322576466855,0.7407648272570436,-0.05713379967997459,9944669.121129425,9978304.58756406,9961486.854346743,9944669.121129425,,-2.039561493704611,-0.21317961778220126,0.820506981052119,-1.1263705557434063,0.820506981052119,0.3,0.3,0.25,0.15,0.3,0.12,0.18,0.25,0.15,10338690.7373,10338690.7373,5.0960999999999785,5.0960999999999785,1.5288299999999935,0.21403619999999907,1.671520799999993,1.635848099999993,1.7785388999999925,0.32099999999999995,0.679,0.3,0.041999999999999996,0.328,0.6699999999999999,0.5,0.35,allocation_proxy,False,9508444.422606148,9508444.422606148,0.16814031146870667,-0.22527411114868126,0.2,-2108811.742745659,-11582058.245046822,-7390079.887550602,-3993777.9331814335,-9275046.077986376,-6869954.777302179,4761143.034556519,-4712103.467744644,-520125.1102484232,2876176.844120745,-2405091.300684198,10045575.520433333,9944669.121129425,min_headroom,400803.456049731,400803.456049731,1207173.51223473,1048565.0173035769,12.0,152.35119166666667,12.560308333333325,U,3734497.5735135935,10851501.255207732,-8963928.431087598,-19815429.686294332,min,19815429.68629533,10851501.255207732,False,False,-14197926.620335314,0.0,14197926.620335314,0.03939274650295997,159.50107227754398,1.5065887122974552e-07,8.594245533381648e-07,1.0100834245679103e-06,1.0100834245679103e-06,5.0960999999999785,858326.8227846306,1023515.5392705817,-858321.7266846318,0.8232534266537459,0.10248625095474138,706620.4980462696,104896.2704137623,601724.2276325073,-601719.1315325074,65.9646,1000.0,1.0,dashboard_retrospective,none
2020-12-31,171.033,68.4132,171.033,,-0.04885451390072563,1626.313041940321,1.0,1.5554287707111931,0.9664422334619767,16610115.83082011,16610115.83082011,16610115.83082011,3203640.5929199997,1281456.2371679998,1922184.3557519997,2669700.4941,1601820.2964599999,0.9833251955411256,0.7506964415528088,-0.24651209506903451,10453706.548666537,10453731.369344356,10453718.959005445,10453706.548666537,,-1.7841437338131279,-0.19243207786996108,0.78863188844614,-0.9882879058415445,0.78863188844614,0.3,0.3,0.25,0.15,0.3,0.12,0.18,0.25,0.15,10678801.9764,10678801.9764,6.1214999999999975,6.1214999999999975,1.8364499999999992,0.25710299999999986,2.0078519999999993,1.9650014999999992,2.1364034999999992,0.321,0.679,0.3,0.041999999999999996,0.328,0.6699999999999999,0.5,0.35,allocation_proxy,False,9386911.332430698,9386911.332430698,-0.04885451390072563,-0.1976575811683089,0.2,-2178185.1859676545,-11963072.464462385,-7633190.866635678,-4125160.9869992626,-9580166.667667286,-7095955.234346454,4917770.048378799,-4867117.230115931,-537235.6322892243,2970794.2473471914,-2484211.4333208324,10453781.0107,10453706.548666537,min_headroom,620362.910340975,620362.910340975,1175502.7543094975,862327.1342331043,12.0,154.70094166666667,16.332058333333322,U,3205484.8884752207,11086044.711475026,-8729384.974820305,-19815429.686294332,min,19815429.68629533,11086044.711475026,False,False,-14726939.305373687,0.0,14726939.305373687,0.05716839502214104,109.90662418887462,2.0270565675051398e-07,8.474729270112641e-07,1.050178583761778e-06,1.050178583761778e-06,6.1214999999999975,529018.8065383732,509037.42753711157,-529012.6850383729,0.9163238860039904,-0.15182294737450455,484752.5685764354,-77283.56257262007,562036.1311490554,-562030.0096490554,68.4132,1000.0,1.0,dashboard_retrospective,none
2021-03-31,176.438,70.5752,176.438,,0.049102948989801165,1677.7079305974073,1.0,1.5554287707111931,0.9664422334619767,17226096.406423744,17226096.406423744,17226096.406423744,3322446.53001,1328978.612004,1993467.9180059999,2768705.441675,1661223.265005,0.7460850263034384,0.7027514202204899,-0.022531841681561374,10710200.889485138,10725586.79635676,10717893.84292095,10710200.889485138,,-1.3652241118012611,0.6488762050876357,0.4893060446537357,-0.3581739533568127,0.4893060446537357,0.3,0.3,0.25,0.15,0.3,0.12,0.18,0.25,0.15,11074821.7667,11074821.7667,5.405000000000001,5.405000000000001,1.6215000000000004,0.22701000000000002,1.7728400000000004,1.7350050000000004,1.8863450000000004,0.321,0.679,0.3,0.041999999999999996,0.328,0.6699999999999999,0.5,0.35,allocation_proxy,False,9184390.82424615,9184390.82424615,0.049102948989801165,-0.07163479067136254,0.2,-2258962.4531637146,-12406718.995149082,-7916265.190235414,-4278141.1988840345,-9935443.935955733,-7359106.354677595,5100143.90151388,-5047612.640471486,-557158.8355578184,3080965.1557935607,-2576337.581278138,10756358.610100001,10710200.889485138,min_headroom,1658152.172061867,1658152.172061867,1027179.0419052785,644995.1746207996,12.0,157.317475,19.120524999999986,U,2589509.7178715877,10854811.052099295,-8960618.634196036,-19815429.686294332,min,19815429.68629533,10854811.052099295,False,False,-15342914.47597732,0.0,15342914.47597732,0.14957112434749018,42.008010132906506,1.7651544315885498e-07,8.177292400634675e-07,9.942446832223226e-07,9.942446832223226e-07,5.405000000000001,615980.5756036341,256494.34081860073,-615975.1706036329,0.8647051109222821,-0.13452196837529795,532641.5519533117,-34504.1236040427,567145.6755573543,-567140.2705573543,70.5752,1000.0,1.0,dashboard_retrospective,none
2021-06-30,184.7261,73.89044,184.7261,,0.29534783775269835,1756.5175470042152,1.0,1.5554287707111931,0.9664422334619767,18029079.49478627,18029079.49478627,18029079.49478627,3477320.1770999995,1390928.07084,2086392.1062599998,2897766.81425,1738660.0885499998,0.7086107008843294,0.6689380856454112,0.2127760272649426,11127084.900102278,11194134.406479297,11160609.653290788,11127084.900102278,,-1.0277352003525293,0.20201709547497174,-0.18898740903568,-0.41285905243877874,-0.18898740903568,0.3,0.3,0.25,0.15,0.3,0.12,0.18,0.25,0.15,11591067.257,11591067.257,8.288100000000014,8.288100000000014,2.4864300000000044,0.3481002000000006,2.718496800000005,2.6604801000000045,2.892546900000005,0.321,0.679,0.3,0.041999999999999996,0.328,0.6699999999999999,0.5,0.35,allocation_proxy,False,9028783.747342654,9028783.747342654,0.29534783775269835,-0.08257181048775575,0.2,-2364262.4935408235,-12985049.993659908,-8285276.655211399,-4477563.920740497,-10398578.082411073,-7702146.22911274,5337883.735571916,-5282903.764547168,-583130.4260986596,3224582.3083722424,-2696431.8532983335,11328233.419233331,11127084.900102278,min_headroom,2432947.5097459937,2432947.5097459937,1020368.748546804,731115.2270618656,12.0,160.483825,24.242275000000006,U,1786534.917609062,10677162.267762477,-9138267.418532854,-19815429.686294332,min,19815429.68629533,10677162.267762477,False,False,-16145889.276239846,0.0,16145889.276239846,0.2241354085362423,28.032988398455597,1.7271944507877091e-07,8.163395579795986e-07,9.890590030583695e-07,9.890590030583695e-07,8.288100000000014,802983.0883625261,416884.0106171407,-802974.8002625257,0.7273478635938839,0.09512209279169061,584048.0338225024,39654.87954129579,544393.1542812065,-544384.8661812065,73.89044,1000.0,1.0,dashboard_retrospective,none
2021-09-30,192.4834,76.99336,192.4834,,0.13997170347633844,1830.279909590638,1.0,1.5554287707111931,0.9664422334619767,18677889.92185643,18677889.92185643,18677889.92185643,3602458.10163,1440983.240652,2161474.860978,3002048.418025,1801229.050815,0.7314105247406639,0.6879157013783069,0.018028191308219338,11716154.688445985,11749277.028375102,11732715.858410543,11716154.688445985,,-1.2552368261420022,0.0358017044608113,-0.1546797900562932,-0.6097175608405955,-0.1546797900562932,0.3,0.3,0.25,0.15,0.3,0.12,0.18,0.25,0.15,12008193.6721,12008193.6721,7.7572999999999865,7.7572999999999865,2.327189999999996,0.3258065999999994,2.544394399999996,2.4900932999999954,2.7072976999999954,0.32099999999999995,0.679,0.3,0.041999999999999996,0.328,0.6699999999999999,0.5,0.35,allocation_proxy,False,8992127.614914162,8992127.614914162,0.13997170347633844,-0.1219435121681191,0.2,-2449344.938187195,-13452341.506482301,-8583437.9610405,-4638697.502767783,-10772790.525621088,-7979322.486819774,5529977.548632579,-5473019.019662527,-604115.4742207266,3340624.9840519913,-2793468.0388013143,11815521.708233334,11716154.688445985,min_headroom,2575113.9265839336,2575113.9265839336,1082725.3761266188,804718.3916657779,12.0,164.17461666666668,28.30878333333331,U,1137732.2478388995,10911964.28050788,-8903465.405787451,-19815429.686294332,min,19815429.68629533,10911964.28050788,False,False,-16794691.94601001,0.0,16794691.94601001,0.24117961889171313,26.05189168161288,1.5374376186289391e-07,7.867714629782408e-07,9.405152248411347e-07,9.405152248411347e-07,7.7572999999999865,648810.4270701595,589069.7883437071,-648802.6697701626,0.7200106128124967,0.11540210928658097,467150.39319392317,67979.8960918636,399170.49710205954,-399162.73980205954,76.99336,1000.0,1.0,dashboard_retrospective,none
2021-12-31,199.9369,79.97476,199.9369,,0.31437868627984566,1901.1535085925975,1.0,1.5554287707111931,0.9664422334619767,19594347.975562137,19594347.975562137,19594347.975562137,3779217.9901500004,1511687.1960600002,2267530.7940900004,3149348.3251250004,1889608.9950750002,0.7155564510238067,0.6703191195539826,0.25456510844796765,12066538.097354906,12143723.492014384,12105130.794684647,12066538.097354906,,-1.0640336854176484,0.4658979070988684,-0.03160662820667944,-0.2990678891593901,-0.03160662820667944,0.3,0.3,0.25,0.15,0.3,0.12,0.18,0.25,0.15,12597393.300500002,12597393.300500002,7.4535000000000196,7.4535000000000196,2.236050000000006,0.3130470000000008,2.4447480000000064,2.3925735000000063,2.601271500000007,0.321,0.679,0.3,0.041999999999999996,0.328,0.6699999999999999,0.5,0.35,allocation_proxy,False,8879831.567723647,8879831.567723647,0.31437868627984566,-0.05981357783187802,0.2,-2569525.6386997425,-14112400.365721468,-9004596.929253168,-4866301.996792638,-11301373.287346063,-8370839.643562617,5801314.004862875,-5741560.722158851,-633757.2856905516,3504537.646769979,-2930533.6437834464,12298094.281333335,12066538.097354906,min_headroom,2632339.9892571038,2632339.9892571038,959941.5559159643,681934.5714551231,12.0,168.38150833333333,31.55539166666668,U,221281.64763319492,10521088.793665554,-9294340.892629776,-19815429.686294332,min,19815429.68629533,10521088.793665554,False,False,-17711142.546215713,0.0,17711142.546215713,0.24123429307400426,26.045987189939336,1.6333670792550592e-07,8.176569044405096e-07,9.809936123660156e-07,9.809936123660156e-07,7.4535000000000196,916458.0537057072,350383.40890892036,-916450.6002057046,0.7234834878822354,0.13629664987809348,663042.26919277,47756.08480715198,615286.1843856181,-615278.7308856181,79.97476,1000.0,1.0,dashboard_retrospective,none
2022-03-31,208.3062,83.32248,208.3062,,0.844055865469472,1980.735236925207,1.0,1.5554287707111931,0.9664422334619767,19724224.659492884,19724224.659492884,19724224.659492884,3804267.678,1521707.0712,2282560.6067999997,3170223.065,1902133.839,0.6949821208992956,0.6436503693545983,0.826400837897785,11943303.531013353,12156072.242131123,12049687.886572236,11943303.531013353,,-0.7502385633209651,0.5736882876040946,0.7566002955774532,-0.08827513785843526,0.7566002955774532,0.3,0.3,0.25,0.15,0.3,0.12,0.18,0.25,0.15,12680892.26,12680892.26,8.369299999999981,8.369299999999981,2.5107899999999943,0.3515105999999992,2.745130399999994,2.686545299999994,2.9208856999999937,0.321,0.679,0.3,0.041999999999999996,0.328,0.6699999999999999,0.5,0.35,allocation_proxy,False,8791366.13002732,8791366.13002732,0.844055865469472,-0.017655027571687052,0.2,-2586557.155627255,-14205941.205359964,-9064281.85425108,-4898557.174006865,-11376281.87263069,-8426323.85237517,5839766.696747916,-5779617.3529847935,-637958.001875909,3527766.678368305,-2949958.020255519,12581609.664366668,11943303.531013353,min_headroom,3143405.321965304,3143405.321965304,886129.3026315974,474909.94854285114,12.0,173.19067499999997,35.11552500000002,U,91413.33300244808,10206368.629522476,-9609061.056772854,-19815429.686294332,min,19815429.68629533,10206368.629522476,False,False,-17841010.86084646,0.0,17841010.86084646,0.29877186511892745,21.03004345699866,1.7618833503768769e-07,9.113275227484281e-07,1.0875158577861158e-06,1.0875158577861158e-06,8.369299999999981,129876.68393074721,-123234.56634155288,-129868.31463074684,0.7052692859615511,0.5404829731728763,91598.03613889214,-66606.18481395257,158204.2209528447,-158195.85165284472,83.32248,1000.0,1.0,dashboard_retrospective,none
2022-06-30,214.0905,85.6362,214.0905,,1.9602504776005734,2035.7368011174703,1.0,1.5554287707111931,0.9664422334619767,19785129.350879233,19785129.350879233,19785129.350879233,3816014.540189999,1526405.8160759998,2289608.7241139994,3180012.1168249995,1908007.2700949996,0.6746976816362555,0.6159142119078006,2.149860098302837,11194913.599236697,11692501.009291133,11443707.304263914,11194913.599236697,,0.25256905910647665,1.64352714791616,1.0121268127954537,0.9480481035113183,1.0121268127954537,0.3,0.3,0.25,0.15,0.3,0.12,0.18,0.25,0.15,12720048.467299998,12720048.467299998,5.784300000000002,5.784300000000002,1.7352900000000004,0.24294060000000006,1.8972504000000006,1.8567603000000004,2.0187207000000007,0.32099999999999995,0.679,0.3,0.041999999999999996,0.328,0.6699999999999999,0.5,0.35,allocation_proxy,False,8705064.576151008,8705064.576151008,1.9602504776005734,0.18960962070226367,0.2,-2594543.9570370032,-14249806.476614043,-9092270.64967916,-4913682.996089696,-11411409.688731851,-8452342.753630351,5857798.796593348,-5797463.722983692,-639927.8960488085,3538659.7575406553,-2959066.9351015,12687675.829399997,11194913.599236697,min_headroom,4723912.666878434,4723912.666878434,1851641.3491349095,-786981.723946546,12.0,178.35648333333333,35.73401666666666,U,30514.42591609806,9022884.824771143,-10792544.861524187,-19815429.686294332,min,19815429.68629533,9022884.824771143,False,False,-17901909.76793281,0.0,17901909.76793281,0.4628397070838946,13.575294450786377,1.259285430568536e-07,1.0664704310316291e-06,1.1923989740884826e-06,1.1923989740884826e-06,5.784300000000002,60904.6913863495,-748389.9317766558,-60898.907086350024,0.6848399012677755,1.488130468100311,41709.96283577193,-1113701.8594963546,1155411.8223321266,-1155406.0380321266,85.6362,1000.0,1.0,dashboard_retrospective,none
2022-09-30,212.9463,85.17852,212.9463,,2.321103783621407,2024.8568692763165,1.0,1.5554287707111931,0.9664422334619767,19815642.632594332,19815642.632594332,19815642.632594332,3821899.72419,1528759.889676,2293139.834514,3184916.436825,1910949.862095,0.6660496974652059,0.608496683596578,2.456004625282784,10923109.298967944,11512494.49007863,11217801.894523287,10923109.298967944,,0.44832471055793893,0.900683706055832,0.6832431616364824,0.6745042083068856,0.6832431616364824,0.3,0.3,0.25,0.15,0.3,0.12,0.18,0.25,0.15,12739665.7473,12739665.7473,0.0,-1.1441999999999837,0.0,0.0,0.0,0.0,0.0,,,0.3,0.041999999999999996,0.328,0.6699999999999999,0.5,0.35,allocation_proxy,False,8537998.707686843,8537998.707686843,2.321103783621407,0.13490084166137714,0.2,-2598545.348651851,-14271783.000077473,-9106293.0505866,-4921261.040734207,-11429008.742668957,-8465378.236543817,5866832.887891967,-5806404.763533656,-640914.8140427824,3544117.19580961,-2963630.506125139,12691264.872299999,10923109.298967944,min_headroom,5913653.998755769,5913653.998755769,2450372.462244512,-1385712.8370561486,12.0,183.27810833333334,29.668191666666672,U,9.98377799987793e-07,8584663.948452916,-11230765.737842415,-19815429.686294332,min,19815429.68629533,8584663.948452916,False,False,-17932424.19384791,0.0,17932424.19384791,0.6554061271535474,9.58670516930882,1.0247229122893211e-07,1.0582376327435433e-06,1.1607099239724754e-06,1.1607099239724754e-06,-1.1441999999999837,30513.28171509877,-271804.3002687525,-30514.42591509968,0.6703736895507307,2.30293236179281,20455.30124365161,-625946.9191633604,646402.220407012,-646403.364607012,85.17852,1000.0,1.0,dashboard_retrospective,none
2022-12-31,213.6837,85.47348,213.6837,,3.0403896897838334,2031.868634474417,1.0,1.5554287707111931,0.9664422334619767,18314502.157779735,18314502.157779735,18314502.157779735,3532370.46324,1412948.185296,2119422.277944,2943642.0527,1766185.23162,0.6563506006170007,0.5977082812342908,3.0726026697784117,9979461.061750544,10722143.864067027,10350802.462908788,9979461.061750544,,1.1164216933526079,-0.794291893406824,0.7020484282370328,0.1610648999728919,0.7020484282370328,0.3,0.3,0.25,0.15,0.3,0.12,0.18,0.25,0.15,11774568.2108,11774568.2108,0.7373999999999796,0.7373999999999796,0.2212199999999939,0.030970799999999143,0.24186719999999332,0.23670539999999346,0.2573525999999929,0.321,0.679,0.3,0.041999999999999996,0.328,0.6699999999999999,0.5,0.35,allocation_proxy,False,7244392.235889846,7244392.235889846,3.0403896897838334,0.03221297999457838,0.2,-2401691.6976838936,-13190619.421059987,-8416442.848541008,-4548449.304453559,-10563200.455310674,-7824080.745409824,5422389.047725931,-5366538.675650163,-592362.1031311844,3275631.4409562647,-2739119.7099008504,12207509.4687,9979461.061750544,min_headroom,7577043.041920913,7577043.041920913,5016159.306751523,-4036986.5208008946,12.0,188.07150000000001,25.612199999999973,U,1501141.212215595,8670332.80484141,-11145096.88145392,-19815429.686294332,min,19815429.68629533,8670332.80484141,False,False,-16431282.981633313,0.0,16431282.981633313,0.8826254687915197,7.118744619711063,9.769549298781898e-08,1.1407198851059155e-06,1.2384153780937345e-06,1.2384153780937345e-06,0.7373999999999796,-1501140.4748145975,-943648.2372174002,1501141.2122145966,0.6612001490411032,2.764303647530598,-992554.3056790443,-2608530.2641258785,1615975.9584468342,-1615975.2210468343,85.47348,1000.0,1.0,dashboard_retrospective,none
2023-03-31,215.9207,86.36828000000001,215.9207,,3.1660830374035505,2053.1397475041863,1.0,1.5554287707111931,0.9664422334619767,17868159.53707044,17868159.53707044,17868159.53707044,3446283.084162162,1378513.233664865,2067769.8504972972,2871902.570135135,1723141.542081081,0.6543552056657554,0.5959104041429208,3.2321063123727534,9332430.259906998,10061811.418564858,9697120.839235926,9332430.259906998,,0.7740511176979727,-0.11381836800594368,0.12720127249158433,0.3301163748460146,0.12720127249158433,0.3,0.3,0.25,0.15,0.3,0.12,0.18,0.25,0.15,11487610.28054054,11487610.28054054,2.237000000000023,2.237000000000023,0.6711000000000069,0.09395400000000097,0.7337360000000076,0.7180770000000074,0.7807130000000081,0.321,0.679,0.3,0.041999999999999996,0.328,0.6699999999999999,0.5,0.35,allocation_proxy,False,5010952.071563774,5010952.071563774,3.1660830374035505,0.06602327496920292,0.2,-2343160.0839253054,-12869150.915366866,-8211325.771063034,-4437599.074115695,-10305764.761253424,-7633400.121144866,5290240.03721956,-5235750.794222,-577925.6499181688,3195801.04702917,-2672364.6401085583,11520573.735880576,9332430.259906998,min_headroom,7024500.315110039,7024500.315110039,6826530.498686021,-6305956.236977873,12.0,192.85764166666664,23.063058333333373,U,1947486.069924891,8146131.459785387,-11669298.226509944,-19815429.686294332,min,19815429.68629533,8146131.459785387,False,False,-15984938.123924017,0.0,15984938.123924017,0.810176549530791,7.755328527860324,8.687337427644246e-08,1.1195423798954637e-06,1.2064157541719062e-06,1.2064157541719062e-06,2.237000000000023,-446342.6207092963,-647030.8018435463,446344.85770929605,0.6553529031413781,3.1523544910755827,-292511.9322775683,-2039670.4540557386,1747158.5217781703,-1747156.2847781703,86.36828000000001,1000.0,1.0,dashboard_retrospective,none
2023-06-30,218.7755,87.5102,218.7755,,3.1875586339692834,2080.2853771319847,1.0,1.5554287707111931,0.9664422334619767,16792051.100492556,16792051.100492556,16792051.100492556,3238730.96923905,1295492.38769562,1943238.58154343,2698942.474365875,1619365.484619525,0.6538343389168347,0.5955689234417593,3.3371307180011742,9030972.958513042,9742968.274686882,9386970.616599962,9030972.958513042,,0.7483689755768342,0.7473518647420739,-0.419949887005705,0.7478604201594541,-0.419949887005705,0.3,0.3,0.25,0.15,0.3,0.12,0.18,0.25,0.15,10795769.8974635,10795769.8974635,2.854799999999983,2.854799999999983,0.8564399999999949,0.11990159999999928,0.9363743999999945,0.9163907999999945,0.9963251999999941,0.32099999999999995,0.679,0.3,0.041999999999999996,0.328,0.6699999999999999,0.5,0.35,allocation_proxy,False,3791159.1187488,3791159.1187488,3.1875586339692834,0.14957208403189082,0.2,-2202043.4608431514,-12094107.361334955,-7716799.35274905,-4170345.0353380097,-9685100.927243907,-7173679.227501815,4971635.766658664,-4920428.13383314,-543120.1252472345,3003334.1921638055,-2511421.699742092,11166958.90703457,9030972.958513042,min_headroom,5902564.442256689,5902564.442256689,7711806.461969143,-7401024.741088521,12.0,197.77098333333333,21.00451666666666,U,3023597.3613027744,8770056.799072336,-11045372.887222994,-19815429.686294332,min,19815429.68629533,8770056.799072336,False,False,-14908826.832546134,0.0,14908826.832546134,0.7245849728052627,8.671426462039307,8.801271309461902e-08,1.1703373815470274e-06,1.2583500946416464e-06,1.2583500946416464e-06,2.854799999999983,-1076108.4365778826,-301457.30139395595,1076111.2913778834,0.6540947722912951,3.284618515186964,-703876.9027841517,-990172.2336968846,286295.33091273287,-286292.4761127329,87.5102,1000.0,1.0,dashboard_retrospective,none
2023-09-30,222.7999,89.11996,222.7999,,3.371882804881153,2118.552461296939,1.0,1.5554287707111931,0.9664422334619767,16404298.33655514,16404298.33655514,16404298.33655514,3163943.9835720453,1265577.593428818,1898366.390143227,2636619.986310038,1581971.9917860227,0.6528409583245948,0.5936091261155267,3.5366163614828254,8495134.337033367,9213132.361201031,8854133.349117197,8495134.337033367,,1.0516521925163425,0.5956833735003823,-0.6142056265587169,0.8236677830083624,-0.6142056265587169,0.3,0.3,0.25,0.15,0.3,0.12,0.18,0.25,0.15,10546479.945240151,10546479.945240151,4.024400000000014,4.024400000000014,1.2073200000000042,0.16902480000000059,1.3200032000000048,1.2918324000000045,1.4045156000000052,0.321,0.679,0.3,0.041999999999999996,0.328,0.6699999999999999,0.5,0.35,allocation_proxy,False,2064720.8631407816,2064720.8631407816,3.371882804881153,0.1647335566016725,0.2,-2151195.0901978766,-11814836.917918073,-7538607.286760689,-4074045.7325102827,-9461457.929073095,-7008028.591292003,4856833.501094127,-4806808.32662607,-530578.6954686856,2933982.8587817205,-2453429.337781092,10649128.409536356,8495134.337033367,min_headroom,5943397.363464329,5943397.363464329,9476132.479131848,-9165350.758251226,12.0,202.59501666666665,20.204883333333356,U,3411354.1496401913,8354055.655190241,-11461374.03110509,-19815429.686294332,min,19815429.68629533,8354055.655190241,False,False,-14521070.044208717,0.0,14521070.044208717,0.6776920035561229,9.27144672536961,8.577134941628549e-08,1.1780563897613197e-06,1.263827739177605e-06,1.263827739177605e-06,4.024400000000014,-387752.76393741556,-535838.6214796752,387756.78833741695,0.6533376486207148,3.436873539742,-253333.47903705415,-1841609.5797353247,1588276.1006982706,-1588272.0762982706,89.11996,1000.0,1.0,dashboard_retrospective,none
2023-12-31,225.2994,90.11976,225.2994,,3.3350105435332935,2142.319625810979,1.0,1.5554287707111931,0.9664422334619767,16056691.535317069,16056691.535317069,16056691.535317069,3096900.0646636016,1238760.0258654407,1858140.038798161,2580750.053886335,1548450.0323318008,0.6524537988833579,0.5938451666395554,3.4264375168299464,8304275.875705463,8997147.140132675,8650711.50791907,8304275.875705463,,1.2676238502890305,-0.35335411732250194,-0.5829151115576899,0.45713486648326424,-0.5829151115576899,0.3,0.3,0.25,0.15,0.3,0.12,0.18,0.25,0.15,10323000.21554534,10323000.21554534,2.4994999999999834,2.4994999999999834,0.749849999999995,0.1049789999999993,0.8198359999999946,0.8023394999999947,0.8723254999999942,0.321,0.679,0.3,0.041999999999999996,0.328,0.6699999999999999,0.5,0.35,allocation_proxy,False,1125700.6146267052,1125700.6146267052,3.3350105435332935,0.09142697329665285,0.2,-2105611.3030220238,-11564480.725661123,-7378864.327264428,-3987716.7731045797,-9260969.797346985,-6859528.585279828,4753917.282257805,-4704952.140381295,-519335.7419846002,2871811.8121752483,-2401441.212067157,10382889.668987097,8304275.875705463,min_headroom,5700554.605133165,5700554.605133165,10106107.23020684,-9795325.509326218,12.0,207.11721666666665,18.18218333333334,U,3758963.4503782615,8415377.263936456,-11400052.422358874,-19815429.686294332,min,19815429.68629533,8415377.263936456,False,False,-14173460.743470646,0.0,14173460.743470646,0.6823697184243083,9.207890000875746,8.52515434173908e-08,1.1785056135000499e-06,1.2637571569174407e-06,1.2637571569174407e-06,2.4994999999999834,-347606.8012380712,-190858.4613279039,347609.30073807016,0.6526473786039764,3.481526939156386,-226864.6676129406,-664478.8746790348,437614.2070660942,-437611.70756609424,90.11976,1000.0,1.0,dashboard_retrospective,none
2024-03-31,227.4312,90.97248,227.4312,,2.961033123497863,2162.590416493528,1.0,1.5554287707111931,0.9664422334619767,15799066.045291368,15799066.045291368,15799066.045291368,3047211.098853633,1218884.4395414533,1828326.6593121798,2539342.5823780275,1523605.5494268164,0.6548547448290316,0.5981591161764857,3.1119504985583566,8430159.859513847,9037279.739996461,8733719.799755154,8430159.859513847,,0.9833949600978306,0.5257787905071033,-0.7752298774132624,0.754586875302467,-0.7752298774132624,0.3,0.3,0.25,0.15,0.3,0.12,0.18,0.25,0.15,10157370.32951211,10157370.32951211,2.1317999999999984,2.1317999999999984,0.6395399999999994,0.08953559999999992,0.6992303999999995,0.6843077999999994,0.7439981999999994,0.32099999999999995,0.679,0.3,0.041999999999999996,0.328,0.6699999999999999,0.5,0.35,allocation_proxy,False,665065.7068636828,665065.7068636828,2.961033123497863,0.1509173750604934,0.2,-2071827.3106876407,-11378931.60383312,-7260472.345082831,-3923734.882097013,-9112379.916492203,-6749469.2116385605,4677641.90095092,-4629462.39219456,-511003.1334442701,2825734.3295415477,-2362910.7048536427,10251519.500961686,8430159.859513847,min_headroom,4940172.113035759,4940172.113035759,10477991.516196582,-9423441.223336477,12.0,211.36664999999996,16.064550000000025,U,4016591.072203962,8861830.861474734,-10953598.824820597,-19815429.686294332,min,19815429.68629533,8861830.861474734,False,False,-13915833.121644946,0.0,13915833.121644946,0.5870410747010167,10.703144256779046,8.695327524243217e-08,1.1906476809215992e-06,1.2776009561640315e-06,1.2776009561640315e-06,2.1317999999999984,-257625.490025701,125883.98380838428,257627.62182570063,0.6536542718561947,3.2691940076941517,-168398.00209434493,411539.1655310375,-579937.1676253824,579939.2994253824,90.97248,1000.0,1.0,dashboard_retrospective,none
2024-06-30,229.1817,91.67268,229.1817,,3.120024383620413,2179.235514105781,1.0,1.5554287707111931,0.9664422334619767,15614298.573763559,15614298.573763559,15614298.573763559,3011574.467654508,1204629.7870618033,1806944.6805927048,2509645.38971209,1505787.233827254,0.6521262800977151,0.5957503320595282,3.1924474399477383,8142553.445034716,8767686.28597988,8455119.865507297,8142553.445034716,-0.587689369364435,0.9849556958276563,0.6890795184466567,-0.7402606439153475,0.362115281636626,-0.7402606439153475,0.3,0.3,0.25,0.15,0.3,0.12,0.18,0.25,0.15,10038581.55884836,10038581.55884836,1.7505000000000166,1.7505000000000166,0.525150000000005,0.07352100000000068,0.5741640000000054,0.5619105000000053,0.6109245000000058,0.321,0.679,0.3,0.041999999999999996,0.328,0.6699999999999999,0.5,0.35,allocation_proxy,False,-39836.8093311406,-39836.8093311406,3.120024383620413,0.0724230563273252,0.2,-2047597.632012925,-11245856.875548486,-7175562.31853741,-3877847.4498252426,-9005812.136349728,-6670535.282454759,4622937.650441834,-4575321.593093727,-505027.03608265147,2792687.8326295163,-2335276.8538949694,10017951.967870208,8142553.445034716,min_headroom,4661533.908801079,4661533.908801079,11316604.2633764,-10398013.762700021,12.0,215.07128333333333,14.11041666666668,U,4201360.294231772,8615190.461783845,-11200239.224511486,-19815429.686294332,min,19815429.68629533,8615190.461783845,False,False,-13731063.899617136,0.0,13731063.899617136,0.5260237959478876,11.944678844532827,8.786867395397378e-08,1.1935236521128078e-06,1.2813923260667816e-06,1.2813923260667816e-06,1.7505000000000166,-184767.47152780928,-287606.4144791309,184769.2220278103,0.6534905124633734,3.1521989692530474,-120743.78965526984,-906592.643271681,785848.8536164112,-785847.1031164113,91.67268000000001,1000.0,1.0,dashboard_retrospective,none
2024-09-30,231.1112,92.44448,231.1112,,2.9510245355960265,2197.5826811111183,1.0,1.5554287707111931,0.9664422334619767,15667023.840624284,15667023.840624284,15667023.840624284,3021743.740819608,1208697.4963278433,1813046.2444917648,2518119.78401634,1510871.870409804,0.6526664075645684,0.5975802302708813,2.815035130785958,8248670.066445056,8840166.991365219,8544418.528905137,8248670.066445056,-1.2528603300797871,0.5271953543836387,-1.314176096454877,-0.31635329805780416,-0.6799470240503417,-0.31635329805780416,0.3,0.3,0.25,0.15,0.3,0.12,0.18,0.25,0.15,10072479.13606536,10072479.13606536,1.9294999999999902,1.9294999999999902,0.5788499999999971,0.08103899999999958,0.6328759999999968,0.6193694999999969,0.6733954999999966,0.321,0.679,0.3,0.041999999999999996,0.328,0.6699999999999999,0.5,0.35,allocation_proxy,False,-22788.26132708114,-22788.26132708114,2.9510245355960265,-0.13598940481006835,0.2,-2054511.8158977316,-11283831.095270218,-7199792.253448246,-3890941.8927597958,-9036222.330310311,-6693059.877537261,4638548.061639529,-4590771.217732958,-506732.3759109853,2802117.984777465,-2343162.4527730504,10023160.841205543,8248670.066445056,min_headroom,4267358.66019107,4267358.66019107,11587595.05536313,-10127022.970713291,12.0,218.29026666666664,12.820933333333357,U,4148636.9568710458,8721642.05653863,-11093787.6297567,-19815429.686294332,min,19815429.68629533,8721642.05653863,False,False,-13783787.236977862,0.0,13783787.236977862,0.49532957850678544,12.684857880122566,8.909034490602498e-08,1.1900070951289595e-06,1.2790974400349846e-06,1.2790974400349846e-06,1.9294999999999902,52725.26686072536,106116.62141034007,-52723.33736072667,0.6523963438311418,3.003741285366848,34397.77132745848,318746.8767938821,-284349.1054664236,284351.03496642364,92.44448,1000.0,1.0,dashboard_retrospective,none
2024-12-31,233.1234,93.24936,233.1234,,2.8691361676394034,2216.7162231935954,1.0,1.5554287707111931,0.9664422334619767,15372540.620456578,15372540.620456578,15372540.620456578,2964945.9190782,1185978.36763128,1778967.55144692,2470788.2658985,1482472.9595391,0.652514106109776,0.59836086021129,2.9085069847336227,8239566.8900898015,8810743.627277987,8525155.258683894,8239566.8900898015,-1.147512065052931,0.7774525374355988,0.9606217840306236,-0.2944014805755011,0.19685408547109717,-0.2944014805755011,0.3,0.3,0.25,0.15,0.3,0.12,0.18,0.25,0.15,9883153.063594,9883153.063594,2.012200000000007,2.012200000000007,0.6036600000000021,0.08451240000000029,0.6600016000000024,0.6459162000000023,0.7022578000000026,0.321,0.679,0.3,0.041999999999999996,0.328,0.6699999999999999,0.5,0.35,allocation_proxy,False,-229092.3105716898,-229092.3105716898,2.8691361676394034,0.03937081709421944,0.2,-2015894.445963733,-11071735.999828577,-7064462.2744489005,-3817806.298551134,-8866374.127036301,-6567254.6291657295,4551360.183201997,-4504481.3706628475,-497207.645283171,2749448.3306145957,-2299119.497870572,9953097.10165436,8239566.8900898015,min_headroom,3169910.515950514,3169910.515950514,11547040.077176327,-10086467.992526488,12.0,221.05580833333337,12.06759166666663,U,4443122.189238753,9002472.524373453,-10812957.161921877,-19815429.686294332,min,19815429.68629533,9002472.524373453,False,False,-13489302.004610155,0.0,13489302.004610155,0.36345340652612845,17.287457468713782,9.105741503560599e-08,1.2039111296295723e-06,1.2949685446651783e-06,1.2949685446651783e-06,2.012200000000007,-294483.2201677058,-9103.176355254836,294485.2323677074,0.6525902568371722,2.8617710577597903,-192176.88028348066,-26051.206627151547,-166125.6736563291,166127.6858563291,93.24936000000001,1000.0,1.0,dashboard_retrospective,none
2025-03-31,233.5788,93.43152,233.5788,,3.1301279675666667,2221.0465159400223,1.0,1.5554287707111931,0.9664422334619767,15510422.77131311,15510422.77131311,15510422.77131311,2991539.6442528,1196615.85770112,1794923.78655168,2492949.703544,1495769.8221264,0.6479399982805565,0.594290780102372,3.0912470883632346,8127568.024995531,8753935.38528702,8440751.705141276,8127568.024995531,-0.7567800834078767,0.5928277409647308,-0.41926084560833615,-0.12591112350286657,-0.19440439601716067,-0.12591112350286657,0.3,0.3,0.25,0.15,0.3,0.12,0.18,0.25,0.15,9971798.814176,9971798.814176,0.45539999999999736,0.45539999999999736,0.13661999999999921,0.01912679999999989,0.14937119999999915,0.14618339999999916,0.1589345999999991,0.321,0.679,0.3,0.041999999999999996,0.328,0.6699999999999999,0.5,0.35,allocation_proxy,False,-70802.22035606767,-70802.22035606767,3.1301279675666667,-0.03888087920343214,0.2,-2033975.768301521,-11171042.601844681,-7127826.117621943,-3852049.6521382006,-8945900.001458623,-6626158.828272993,4592183.059971472,-4544883.773571689,-501667.2893489506,2774109.176134792,-2319741.17318563,10006670.10587,8127568.024995531,min_headroom,1270605.4899740499,1270605.4899740499,10769321.041195761,-9308748.956545923,12.0,223.16185833333336,10.416941666666645,U,4305240.49378222,8696592.531275516,-11118837.155019814,-19815429.686294332,min,19815429.68629533,8696592.531275516,False,False,-13627183.700066688,0.0,13627183.700066688,0.14113961320448246,44.517518253904626,9.335116920515976e-08,1.2168143850519188e-06,1.3101655542570785e-06,1.3101655542570785e-06,0.45539999999999736,137882.15085653216,-111998.86509427056,-137881.69545653276,0.6502270521951663,2.999877036548429,89654.70450177212,-335982.8235157876,425637.5280175597,-425637.07261755975,93.43152,1000.0,1.0,dashboard_retrospective,none
2025-06-30,233.6469,93.45876,233.6469,,3.084325469,2221.6940630107997,1.0,1.5554287707111931,0.9664422334619767,15245780.631415661,15245780.631415661,15245780.631415661,2940497.3570942995,1176198.9428377198,1764298.4142565795,2450414.4642452495,1470248.6785471498,0.6461302546410861,0.5941186266761098,3.076631202746733,8018472.574393347,8625430.792817453,8321951.6836054,8018472.574393347,-0.15204758141851138,0.4475973043420434,-0.4109637167225326,0.5506684891685641,-0.0384713312663335,0.5506684891685641,0.3,0.3,0.25,0.15,0.3,0.12,0.18,0.25,0.15,9801657.856980998,9801657.856980998,0.06809999999998695,0.06809999999998695,0.020429999999996083,0.0028601999999994516,0.02233679999999572,0.02186009999999581,0.023766899999995445,0.321,0.679,0.3,0.041999999999999996,0.328,0.6699999999999999,0.5,0.35,allocation_proxy,False,-593128.1903698221,-593128.1903698221,3.084325469,-0.007694266253266701,0.2,-1999271.6401317574,-10980439.891484939,-7006209.628864899,-3786325.1597782304,-8793263.148511373,-6513101.893754239,4513830.253622482,-4467337.997730699,-493107.7351106601,2726776.733976009,-2280161.2547571333,9839347.229665667,8018472.574393347,min_headroom,984097.1632007323,984097.1632007323,10479817.852746438,-9019245.768096598,12.0,224.79155833333334,8.855341666666646,U,4569882.701779669,8797591.56336969,-11017838.122925641,-19815429.686294332,min,19815429.68629533,8797591.56336969,False,False,-13362541.492069239,0.0,13362541.492069239,0.1131589366365767,55.52531239630484,9.741953935401212e-08,1.2420433063205542e-06,1.3394628456745663e-06,1.3394628456745663e-06,0.06809999999998695,-264642.13989744894,-109095.45060218405,264642.20799744874,0.6470351264608213,3.083939145554984,-171232.76045540822,-336443.73071403545,165210.97025862723,-165210.90215862723,93.45876,1000.0,1.0,dashboard_retrospective,none
2025-09-30,234.2539,93.70156,234.2539,,3.2038849849,2227.4658849191896,1.0,1.5554287707111931,0.9664422334619767,15272782.23423921,15272782.23423921,15272782.23423921,2945705.233533,1178282.0934132,1767423.1401198,2454754.3612775,1472852.6167665,0.6432596052558089,0.5920280243143856,3.146557072191811,7858328.31898429,8481750.643279528,8170039.4811319085,7858328.31898429,-1.3003516545500742,0.13599240425113213,0.3044405596761018,-0.4715485613106965,-0.2866395635409467,-0.4715485613106965,0.3,0.3,0.25,0.15,0.3,0.12,0.18,0.25,0.15,9819017.44511,9819017.44511,0.6069999999999993,0.6069999999999993,0.1820999999999998,0.025493999999999968,0.19909599999999977,0.19484699999999977,0.21184299999999975,0.321,0.679,0.3,0.041999999999999996,0.328,0.6699999999999999,0.5,0.35,allocation_proxy,False,-922860.649046705,-922860.649046705,3.2038849849,-0.05732791270818935,0.2,-2002812.5240043732,-10999887.205069313,-7018618.235171834,-3793031.070783828,-8808836.781951288,-6524637.1633961275,4521824.639391754,-4475250.041673185,-493981.0717757065,2731606.0926122996,-2284199.6185551602,9728595.29187,7858328.31898429,min_headroom,313187.74965753406,313187.74965753406,8369591.514900762,-6909019.430250922,12.0,226.56719166666664,7.686708333333343,U,4542881.705956122,8530374.184432555,-11285055.501862776,-19815429.686294332,min,19815429.68629533,8530374.184432555,False,False,-13389542.487892786,0.0,13389542.487892786,0.03559926002493069,176.49763795032194,9.832812223377143e-08,1.2720519479685408e-06,1.3703800702023123e-06,1.3703800702023123e-06,0.6069999999999993,27001.60282354802,-160144.25540905725,-27000.995823547244,0.6446949299484475,3.1115941374692717,17407.79644082309,-498303.92628020426,515711.7227210273,-515711.1157210273,93.70156,1000.0,1.0,dashboard_retrospective,none
