date,L_real,L_asset,U,Y,spread,depth,turnover,Hq,S_M_hat,S_M,S_M_in,S_M_out,S_M_in_q_pay,S_M_in_q_firm,S_M_in_q_asset,S_M_in_q_reserve,T_L,T_L_multiplicative_check,p_C,V_C,capital_headroom,lcr_headroom,nsfr_headroom,hy_oas,usjp_10y_spread,usd_jpy_return,vix,E_p,E_T,q_pay,q_firm,q_asset,q_reserve,M_in,M_out,C_t,C_t_raw_delta,C_G,C_B,C_E,C_R,C_A,q_t,one_minus_q_t,share_G_proxy,share_B_proxy,share_E_proxy,destination_coverage,lambda_B,housing_construction_share,credit_destination_source,credit_destination_overflow_scaled,loop_area,loop_streaming_area,p_C_baseline,E_p_contrib,p_C_coupling_alpha,mu_q_pay,mu_q_firm,mu_q_asset,mu_q_reserve,mu_mean,dmu_q_pay,dmu_q_firm,dmu_q_asset,dmu_q_reserve,V_C_legacy,V_C_headroom,V_C_formula_used,loop_signed_area,loop_closed_area,loop_abs_area,loop_open_integral,loop_cycle_window,U_trend,U_star,U_used_for_energy,F_C,X_C,X_C_model_raw,F_C_baseline,F_C_baseline_mode,F_C_baseline_offset,X_C_pre_floor,X_C_was_clipped,X_C_nonpositive,Delta_F_C,X_C_plus,X_C_minus,loop_loss_ratio,Q_C,dT_dV_at_S,dp_dS_at_V,maxwell_curl,maxwell_gap,dU,dS,dV,dF_C,T_bar,p_bar,Q_like,W_like,dU_pred,firstlaw_resid,L_asset_toy,depth_toy,turnover_toy,preprocessing_mode,release_lag_profile
2003-03-31,16107.287,6442.9148000000005,11456.45,11456.45,3.92,667.327685075004,10.0,1.3350851650920204,0.9630603734213404,967962.1113098515,967962.1113098515,967962.1113098515,253756.65,217505.69999999998,145003.80000000002,108752.84999999999,0.8748334020257825,0.8702372173183229,1.180125839765868,676608.0464,694736.6976000001,685672.372,676608.0464,,0.2420797133470805,-0.8408213156884008,1.1635876388480395,-0.2993708011706602,1.1635876388480395,0.35,0.3,0.2,0.15,725019.0,725019.0,0.0,,0.0,0.0,0.0,0.0,0.0,,,0.3,0.048999999999999995,0.29100000000000004,0.64,0.5,0.35,allocation_proxy,False,0.0,0.0,1.24,-0.059874160234132036,0.2,-36121.98688190691,-147884.1586195857,-441854.065835059,-650429.0343219768,-319072.31141463213,282950.3245327252,171188.15279504642,-122781.75442042685,-331356.7229073447,730994.0,676608.0464,min_headroom,,,,,12.0,,,U,10949333.148211978,2302549.241011979,-9603289.56850985,-11905838.80952083,min,11905838.80952183,2302549.241011979,False,False,0.0,0.0,-0.0,,,,,,,,,,,,,,,,,6442.9148000000005,1000.0,1.0,dashboard_retrospective,none
2003-06-30,16531.904,6612.7616,16531.904,,3.6206349206349207,684.9196407937723,1.0,1.3350851650920204,0.9630603734213404,993327.3943614349,993327.3943614349,993327.3943614349,260406.3,223205.4,148803.6,111602.7,0.7805377604302358,0.6577392140712777,,,,,,,,,,,,0.35,0.3,0.2,0.15,744018.0,744018.0,424.61699999999837,424.61699999999837,127.38509999999951,20.806232999999917,123.56354699999955,137.78821649999946,133.9666634999995,0.3245,0.6755,0.3,0.048999999999999995,0.29100000000000004,0.64,0.5,0.35,allocation_proxy,False,,,,,0.2,-37068.55742525729,-151759.43792897416,-453432.7767333944,-667473.4169148236,-327433.5472506124,290364.9898253551,175674.10932163824,-125999.22948278202,-340039.8696642112,,,min_headroom,,,,,12.0,,,U,10929043.319160394,,,-11905838.80952083,min,11905838.80952183,,False,False,-20289.829051584005,0.0,20289.829051584005,,,,,,,5075.453999999998,25365.283051583334,,-20289.829051584005,0.8276855812280092,,20994.479045562723,,,,6612.7616,1000.0,1.0,dashboard_retrospective,none
2003-09-30,16827.159,6730.863600000001,16827.159,,4.22765625,697.1521064881391,1.0,1.3350851650920204,0.9630603734213404,989555.7787700498,989555.7787700498,989555.7787700498,259417.55,222357.9,148238.6,111178.95,0.7290644457054342,0.6397588082004921,,,,,,,,,,,,0.35,0.3,0.2,0.15,741193.0,741193.0,295.255000000001,295.255000000001,88.57650000000031,14.46749500000005,85.9192050000003,95.81024750000033,93.15295250000032,0.3245,0.6755,0.3,0.048999999999999995,0.29100000000000004,0.64,0.5,0.35,allocation_proxy,False,,,,,0.2,-36927.80992354853,-151183.2147567534,-451711.1146307681,-664939.052957521,-326190.2980671478,289262.48814359924,175007.08331039437,-125520.81656362029,-338748.75489037327,,,min_headroom,,,,,12.0,,,U,10933110.18975178,,,-11905838.80952083,min,11905838.80952183,,False,False,-16222.958460198715,0.0,16222.958460198715,,,,,,,295.255000000001,-3771.6155913850525,,4066.87059138529,0.754801103067835,,-2846.8196087252823,,,,6730.863600000001,1000.0,1.0,dashboard_retrospective,none
2003-12-31,17106.15,6842.460000000001,17106.15,,4.285161290322581,708.710751850748,1.0,1.3350851650920204,0.9630603734213404,1030086.2942119134,1030086.2942119134,1030086.2942119134,270042.85,231465.3,154310.2,115732.65,0.7207510201361225,0.6363928363558616,0.83938838808219,707513.807,722727.5380000001,715120.6725,707513.807,,-0.1070779544818997,-1.5990381646962002,-0.3628723920902998,-0.85305805958905,-0.3628723920902998,0.35,0.3,0.2,0.15,771551.0,771551.0,278.9910000000018,278.9910000000018,83.69730000000054,13.670559000000088,81.18638100000054,90.53257950000058,88.02166050000058,0.32449999999999996,0.6755,0.3,0.048999999999999995,0.29100000000000004,0.64,0.5,0.35,allocation_proxy,False,,,1.01,-0.17061161191781002,0.2,-38440.30997907939,-157375.42115048016,-470212.4307764425,-692173.8214586866,-339550.4958411722,301110.18586209277,182175.074690692,-130661.93493527034,-352623.32561751443,753155.0,707513.807,min_headroom,,,,,12.0,15480.41575,1625.7342500000013,U,10892858.665309917,2307886.2793099172,-9597952.530211912,-11905838.80952083,min,11905838.80952183,2307886.2793099172,False,False,-56474.482902061194,0.0,56474.482902061194,,,,,,,278.9910000000018,40530.515441863565,,-40251.52444186248,0.7249077329207783,,29380.884063071913,,,,6842.460000000001,1000.0,1.0,dashboard_retrospective,none
2004-03-31,17427.098,6970.839200000001,12217.196,12217.196,4.01,722.00768297698,10.0,1.3350851650920204,0.9630603734213404,1015632.6622146271,1015632.6622146271,1015632.6622146271,266253.75,228217.5,152145.0,114108.75,0.8553525978292953,0.8549889287604101,,,,,,,,,,,,0.35,0.3,0.2,0.15,760725.0,760725.0,320.9480000000003,320.9480000000003,96.28440000000009,15.726452000000014,93.3958680000001,104.1476260000001,101.25909400000012,0.3245,0.6755,0.3,0.048999999999999995,0.29100000000000004,0.64,0.5,0.35,allocation_proxy,False,,,,,0.2,-37900.935659256706,-155167.21157084758,-463614.65593643097,-682461.6005023121,-334786.10091721185,296885.16525795514,179618.88934636427,-128828.55501921911,-347675.4995851002,,,min_headroom,,,,,12.0,14827.771799999999,-2610.5757999999987,U,10902423.343307203,,,-11905838.80952083,min,11905838.80952183,,False,False,-46909.804904775694,0.0,46909.804904775694,,,,,,,-4888.9540000000015,-14453.631997286226,,9564.6779972855,0.7880518089827089,,-11390.210841831773,,,,6970.839200000001,1000.0,1.0,dashboard_retrospective,none
2004-06-30,17834.911,7133.964400000001,17834.911,,4.597096774193548,738.903446070634,1.0,1.3350851650920204,0.9630603734213404,1040803.022832107,1040803.022832107,1040803.022832107,272852.3,233873.4,155915.6,116936.7,0.6911193335459496,0.6175997114847153,,,,,,,,,,,,0.35,0.3,0.2,0.15,779578.0,779578.0,407.8129999999983,407.8129999999983,122.34389999999948,19.982836999999915,118.67358299999951,132.33531849999943,128.66500149999948,0.32449999999999996,0.6755,0.3,0.048999999999999995,0.29100000000000004,0.64,0.5,0.35,allocation_proxy,False,,,,,0.2,-38840.232172430275,-159012.71085080446,-475104.388899551,-699375.0035773655,-343083.08387503785,304242.8517026076,184070.37302423338,-132021.30502451316,-356291.9197023277,,,min_headroom,,,,,12.0,15328.961666666668,2505.949333333332,U,10882870.697689723,,,-11905838.80952083,min,11905838.80952183,,False,False,-66462.45052225515,0.0,66462.45052225515,,,,,,,5617.715,25170.36061747989,,-19552.64561747946,0.7732359656876224,,19462.628098762765,,,,7133.964400000001,1000.0,1.0,dashboard_retrospective,none
2004-09-30,18213.249,7285.2996,18213.249,,4.30140625,754.5780548185818,1.0,1.3350851650920204,0.9630603734213404,1049817.5178668085,1049817.5178668085,1049817.5178668085,275215.5,235899.0,157266.0,117949.5,0.7106004274085217,0.630148728808984,1.5885435832047887,709415.6282,734701.4188,722058.5235,709415.6282,,-0.224346261353582,0.009782093401469,-0.9747550110908684,-0.1072820839760565,-0.9747550110908684,0.35,0.3,0.2,0.15,786330.0,786330.0,378.33799999999974,378.33799999999974,113.50139999999992,18.538561999999985,110.09635799999994,122.77068099999991,119.36563899999993,0.3245,0.6755,0.3,0.048999999999999995,0.29100000000000004,0.64,0.5,0.35,allocation_proxy,False,,,1.61,-0.021456416795211302,0.2,-39176.63115704535,-160389.93522561318,-479219.31368430605,-705432.3577153151,-346054.5594455699,306877.9282885245,185664.6242199567,-133164.75423873618,-359377.7982697452,785273.0,709415.6282,min_headroom,,,,,12.0,15741.002714285714,2472.2462857142855,U,10874234.54065502,2293065.797055021,-9612773.012466809,-11905838.80952083,min,11905838.80952183,2293065.797055021,False,False,-75098.60755695775,0.0,75098.60755695775,,,,,,,378.33799999999974,9014.495034701424,,-8636.157034702599,0.7008598804772357,,6317.897912583474,,,,7285.2996,1000.0,1.0,dashboard_retrospective,none
2004-12-31,18722.489,7488.995600000001,18722.489,,4.175806451612903,775.67595605717,1.0,1.3350851650920204,0.9630603734213404,1082679.3041203835,1082679.3041203835,1082679.3041203835,283830.39999999997,243283.19999999998,162188.80000000002,121641.59999999999,0.7187573117300005,0.6351156863829643,2.1242217792593405,702467.6352,737332.7568,719900.196,702467.6352,,-0.1187834007114071,-0.2389988066951887,-1.2220476310235246,-0.1788911037032979,-1.2220476310235246,0.35,0.3,0.2,0.15,810944.0,810944.0,509.2400000000016,509.2400000000016,152.77200000000047,24.952760000000076,148.18884000000048,165.2483800000005,160.66522000000052,0.32449999999999996,0.6755,0.3,0.048999999999999995,0.29100000000000004,0.64,0.5,0.35,allocation_proxy,False,,,2.16,-0.03577822074065958,0.2,-40402.95292945581,-165410.52183129176,-494220.018460959,-727514.0690232961,-356886.8905612507,316483.9376317949,191476.36872995892,-137333.12789970834,-370627.17846204544,807063.0,702467.6352,min_headroom,,,,,12.0,16113.6885,2608.800500000001,U,10841881.994401446,2246817.2648014463,-9659021.544720383,-11905838.80952083,min,11905838.80952183,2246817.2648014463,False,False,-107451.15381053276,0.0,107451.15381053276,,,,,,,509.2400000000016,32861.786253575,-6947.993000000017,-32352.546253575012,0.7146788695692611,1.8563826812320645,23485.624251731668,-12898.133874521647,36383.75812625331,-35874.518126253315,7488.995600000001,1000.0,1.0,dashboard_retrospective,none
2005-03-31,19053.396,7621.358400000001,13039.197,13039.197,4.303606557377049,789.3854902751369,10.0,1.3350851650920204,0.9630603734213404,1078149.3601552262,1078149.3601552262,1078149.3601552262,282642.85,242265.3,161510.2,121132.65,0.8360974490909889,0.8343280176343703,,,,,,,,,,,,0.35,0.3,0.2,0.15,807551.0,807551.0,330.90699999999924,330.90699999999924,99.27209999999977,16.21444299999996,96.29393699999979,107.37932149999975,104.40115849999977,0.32449999999999996,0.6755,0.3,0.048999999999999995,0.29100000000000004,0.64,0.5,0.35,allocation_proxy,False,,,,,0.2,-40233.906461031795,-164718.44210621386,-492152.1956240701,-724470.1409145783,-355393.67127647356,315159.76481544174,190675.2291702597,-136758.52434759657,-369076.4696381048,,,min_headroom,,,,,12.0,15772.078333333335,-2732.8813333333346,U,10840728.646366604,,,-11905838.80952083,min,11905838.80952183,,False,False,-108604.5018453747,0.0,108604.5018453747,,,,,,,-5683.292000000001,-4529.943965157261,,-1153.3480348419398,0.7774273804104948,,-3521.702470238539,,,,7621.358400000001,1000.0,1.0,dashboard_retrospective,none
2005-06-30,19555.889,7822.3556,19555.889,,4.15859375,810.2038621372882,1.0,1.3350851650920204,0.9630603734213404,1081528.460708074,1081528.460708074,1081528.460708074,283528.69999999995,243024.59999999998,162016.40000000002,121512.29999999999,0.7144736130300883,0.6314685167639457,3.108442419389116,668253.096,717947.064,693100.08,668253.096,,-0.0984541066403811,0.7828783005315402,-1.2778325297591977,0.3422120969455795,-1.2778325297591977,0.35,0.3,0.2,0.15,810082.0,810082.0,502.4929999999986,502.4929999999986,150.74789999999956,24.622156999999927,146.2254629999996,163.0589784999995,158.53654149999954,0.32449999999999996,0.6755,0.3,0.048999999999999995,0.29100000000000004,0.64,0.5,0.35,allocation_proxy,False,,,3.04,0.06844241938911591,0.2,-40360.006258137946,-165234.6972739628,-493694.68298044085,-726740.7515963245,-356507.5345272166,316147.52826907864,191272.83725325376,-137187.14845322428,-370233.2170691079,817335.0,668253.096,min_headroom,,,,,12.0,16150.459400000002,3405.4295999999977,U,10843866.237813756,2180372.4298137557,-9725466.379708074,-11905838.80952083,min,11905838.80952183,2180372.4298137557,False,False,-105466.9103982225,0.0,105466.9103982225,,,,,,,6516.691999999999,3379.1005528478418,,3137.5914471521974,0.7752855310605387,,2619.7677666215986,,,,7822.3556,1000.0,1.0,dashboard_retrospective,none
2005-09-30,20032.131,8012.852400000001,20032.131,,4.21515625,829.9346505311058,1.0,1.3350851650920204,0.9630603734213404,1099804.4415330186,1099804.4415330186,1099804.4415330186,288319.85,247131.3,164754.2,123565.65,0.7090461927438574,0.6288306716753007,,,,,,,,,,,,0.35,0.3,0.2,0.15,823771.0,823771.0,476.242000000002,476.242000000002,142.8726000000006,23.335858000000098,138.5864220000006,154.54052900000065,150.25435100000064,0.3245,0.6755,0.3,0.048999999999999995,0.29100000000000004,0.64,0.5,0.35,allocation_proxy,False,,,,,0.2,-41042.021320400345,-168026.88099238055,-502037.2785637512,-739021.4270694273,-362531.9019864899,321489.88066608954,194505.02099410933,-139505.3765772613,-376489.52508293744,,,min_headroom,,,,,12.0,16503.33863636364,3528.792363636363,U,10826066.49898881,,,-11905838.80952083,min,11905838.80952183,,False,False,-123266.64922316745,0.0,123266.64922316745,,,,,,,476.242000000002,18275.980824944563,,-17799.738824944943,0.7117599028869728,,13008.110337126718,,,,8012.852400000001,1000.0,1.0,dashboard_retrospective,none
2005-12-31,20516.356,8206.5424,20516.356,,4.488196721311475,849.996175995043,1.0,1.3350851650920204,0.9630603734213404,1131751.6944485058,1131751.6944485058,1131751.6944485058,296695.0,254310.0,169540.0,127155.0,0.6891672643598251,0.6162571651942261,,,,,,,,,,,,0.35,0.3,0.2,0.15,847700.0,847700.0,484.22499999999854,484.22499999999854,145.26749999999956,23.727024999999927,140.9094749999996,157.1310124999995,152.77298749999954,0.32449999999999996,0.6755,0.3,0.048999999999999995,0.29100000000000004,0.64,0.5,0.35,allocation_proxy,False,,,,,0.2,-42234.21493752921,-172907.74622709586,-516620.5183703868,-760488.6111877615,-373062.7726806933,330828.5577431641,200155.02645359744,-143557.7456896935,-387425.8385070682,,,min_headroom,50983.285626282915,50983.285626282915,135930.78892172745,-68898.67317241005,12.0,16837.75675,3678.5992499999993,U,10794603.471073324,,,-11905838.80952083,min,11905838.80952183,,False,False,-154729.67713865452,0.0,154729.67713865452,,,,,,,484.22499999999854,31947.25291548716,,-31463.027915487066,0.6991067285518413,,22334.5394719645,,,,8206.5424,1000.0,1.0,dashboard_retrospective,none
2006-03-31,21066.104,8426.4416,13815.583,13815.583,4.577096774193548,872.7723306767479,10.0,1.3350851650920204,0.9630603734213404,1113027.1250080902,1113027.1250080902,1113027.1250080902,291786.25,250102.5,166735.0,125051.25,0.8204198639273974,0.8120326361104802,4.574272636976902,607958.1412,683832.7608,645895.4509999999,607958.1412,,0.0203316705878565,0.3223946991811588,-1.180733027044341,0.1713631848845077,-1.180733027044341,0.35,0.3,0.2,0.15,833675.0,833675.0,549.7479999999996,549.7479999999996,164.92439999999988,26.93765199999998,159.9766679999999,178.39322599999986,173.44549399999988,0.32449999999999996,0.6755,0.3,0.048999999999999995,0.29100000000000004,0.64,0.5,0.35,allocation_proxy,False,,,4.54,0.03427263697690154,0.2,-41535.45964143525,-170047.0276464246,-508073.15164849855,-747906.5033997371,-366890.53558402386,325355.0759425886,196843.50793759926,-141182.61606447469,-381015.9678157132,835582.0,607958.1412,min_headroom,62240.149449293036,62240.149449293036,336337.95582707896,-331720.46333192755,12.0,17034.351166666664,-3218.768166666663,U,10806627.267513739,2022543.5499137416,-9883295.259608088,-11905838.80952083,min,11905838.80952183,2022543.5499137416,False,False,-142705.88069823943,0.0,142705.88069823943,,,,,,,-6700.772999999999,-18724.569440415595,,12023.796440415084,0.7547935641436112,,-14133.184504985831,,,,8426.4416,1000.0,1.0,dashboard_retrospective,none
2006-06-30,21654.759,8661.9036,21654.759,,5.072698412698412,897.1604090947847,1.0,1.3350851650920204,0.9630603734213404,1127393.9764696453,1127393.9764696453,1127393.9764696453,295552.6,253330.8,168887.2,126665.4,0.6490693231539968,0.5815431755157935,,,,,,,,,,,,0.35,0.3,0.2,0.15,844436.0,844436.0,588.6549999999988,588.6549999999988,176.59649999999965,28.84409499999994,171.2986049999997,191.0185474999996,185.72065249999966,0.3245,0.6755,0.3,0.048999999999999995,0.29100000000000004,0.64,0.5,0.35,allocation_proxy,False,,,,,0.2,-42071.595523165524,-172241.978993776,-514631.3130242019,-757560.4115570941,-371626.32477455935,329554.7292513938,199384.34578078336,-143004.98824964254,-385934.0867825347,,,min_headroom,62240.149449293036,62240.149449293036,336337.95582707896,-331720.46333192755,12.0,17461.25575,4193.503249999998,U,10800099.592052184,,,-11905838.80952083,min,11905838.80952183,,False,False,-149233.55615979433,0.0,149233.55615979433,0.030773206071111538,204.17714334542313,,,,,7839.175999999998,14366.85146155511,,-6527.6754615549,0.7347445935406971,,10555.96643757988,,,,8661.9036,1000.0,1.0,dashboard_retrospective,none
2006-09-30,22127.75,8851.1,22127.75,,4.893492063492064,916.756507996562,1.0,1.3350851650920204,0.9630603734213404,1134783.6728584296,1134783.6728584296,1134783.6728584296,297489.85,254991.3,169994.2,127495.65,0.6607075083043586,0.5925009929598398,,,,,,,,,,,,0.35,0.3,0.2,0.15,849971.0,849971.0,472.9910000000018,472.9910000000018,141.89730000000054,23.176559000000086,137.64038100000053,153.4855795000006,149.2286605000006,0.3245,0.6755,0.3,0.048999999999999995,0.29100000000000004,0.64,0.5,0.35,allocation_proxy,False,,,,,0.2,-42347.36098226571,-173370.96846572007,-518004.55186952464,-762525.9706734375,-374062.212997737,331714.85201547126,200691.24453201692,-143942.33887178765,-388463.7576757005,,,min_headroom,62240.149449293036,62240.149449293036,336337.95582707896,-331720.46333192755,12.0,17902.971666666668,4224.778333333332,U,10793182.8866634,,,-11905838.80952083,min,11905838.80952183,,False,False,-156150.26154857874,0.0,156150.26154857874,,,,,,,472.9910000000018,7389.69638878433,,-6916.705388784409,0.6548884157291777,,4839.426560770596,,,,8851.1,1000.0,1.0,dashboard_retrospective,none
2006-12-31,22638.445,9055.378,22638.445,,4.630645161290323,937.914690136694,1.0,1.3350851650920204,0.9630603734213404,1161508.0726080765,1161508.0726080765,1161508.0726080765,304495.8,260996.4,173997.6,130498.2,0.678294732935837,0.6074350369290721,5.20806289603955,586042.16,675873.4400000001,630957.8,586042.16,,-0.0541768313848585,-0.3651942082196432,-1.3414476248634195,-0.2096855198022509,-1.3414476248634195,0.35,0.3,0.2,0.15,869988.0,869988.0,510.6949999999997,510.6949999999997,153.2084999999999,25.024054999999983,148.61224499999994,165.7205274999999,161.12427249999993,0.32449999999999996,0.6755,0.3,0.048999999999999995,0.29100000000000004,0.64,0.5,0.35,allocation_proxy,False,,,5.25,-0.04193710396045018,0.2,-43344.650448355744,-177453.89208991232,-530203.6705627181,-780483.621410898,-382871.458627971,339526.80817961524,205417.5665380587,-147332.21193474706,-397612.16278292704,855536.0,586042.16,min_headroom,21963.49372886005,21963.49372886005,441223.95039634313,-441223.95039634313,12.0,18363.99625,4274.44875,U,10766969.181913754,1939053.5019137543,-9966785.307608075,-11905838.80952083,min,11905838.80952183,1939053.5019137543,False,False,-182363.9662982244,0.0,182363.9662982244,,,,,,,510.6949999999997,26724.399749646895,,-26213.704749645665,0.6695011206200978,,17892.015580288058,,,,9055.378,1000.0,1.0,dashboard_retrospective,none
2007-03-31,23040.77,9216.308,14474.228,14474.228,4.679032258064517,954.5830844415698,10.0,1.3350851650920204,0.9630603734213404,1161261.0818525346,1161261.0818525346,1161261.0818525346,304431.05,260940.9,173960.6,130470.45,0.8139306482017477,0.8021497726881933,,,,,,,,,,,,0.35,0.3,0.2,0.15,869803.0,869803.0,402.3250000000007,402.3250000000007,120.69750000000022,19.713925000000035,117.07657500000023,130.55446250000023,126.93353750000026,0.32449999999999996,0.6755,0.3,0.048999999999999995,0.29100000000000004,0.64,0.5,0.35,allocation_proxy,False,,,,,0.2,-43335.43335532348,-177416.15712111202,-530090.9245489177,-780317.6542136942,-382790.04230976186,339454.60895443836,205373.88518864985,-147300.88223915582,-397527.6119039323,,,min_headroom,21963.49372886005,21963.49372886005,441223.95039634313,-441223.95039634313,12.0,18552.08225,-4077.8542500000003,U,10759051.955669295,,,-11905838.80952083,min,11905838.80952183,,False,False,-190281.19254268333,0.0,190281.19254268333,0.011326914758764066,554.7128623280269,,,,,-8164.217000000001,-246.9907555419486,,-7917.226244458929,0.7461126905687923,,-184.2829371630221,,,,9216.308,1000.0,1.0,dashboard_retrospective,none
2007-06-30,23667.942,9467.1768,23667.942,,4.84609375,980.5669288285146,1.0,1.3350851650920204,0.9630603734213404,1154988.8517469324,1154988.8517469324,1154988.8517469324,302786.75,259531.5,173021.0,129765.75,0.6609713138085763,0.5924600036351836,,,,,,,,,,,,0.35,0.3,0.2,0.15,865105.0,865105.0,627.1719999999987,627.1719999999987,188.1515999999996,30.73142799999993,182.50705199999965,203.51731399999957,197.87276599999961,0.3245,0.6755,0.3,0.048999999999999995,0.29100000000000004,0.64,0.5,0.35,allocation_proxy,False,,,,,0.2,-43101.369014428696,-176457.89288638878,-527227.7852363023,-776102.9845247003,-380722.50791545503,337621.13890102634,204264.61502906625,-146505.27732084726,-395380.4766092453,,,min_headroom,21963.49372886005,21963.49372886005,441223.95039634313,-441223.95039634313,12.0,19038.168166666666,4629.773833333333,U,10774517.899774898,,,-11905838.80952083,min,11905838.80952183,,False,False,-174815.24843708053,0.0,174815.24843708053,,,,,,,9193.714,-6272.230105602182,,15465.9441056028,0.7374509810051619,,-4625.46224446644,,,,9467.1768,1000.0,1.0,dashboard_retrospective,none
2007-09-30,24209.672,9683.8688,24209.672,,4.738412698412698,1003.0108963840491,1.0,1.3350851650920204,0.9630603734213404,1188092.288415389,1188092.288415389,1188092.288415389,311465.0,266970.0,177980.0,133485.0,0.6681016688065556,0.5989025265350025,4.892400194296246,608138.3868000001,695512.5912,651825.489,608138.3868000001,,0.1530982462519634,-1.4290963032895,0.9844083061150306,-0.6379990285187682,0.9844083061150306,0.35,0.3,0.2,0.15,889900.0,889900.0,541.7299999999996,541.7299999999996,162.51899999999986,26.544769999999975,157.64342999999988,175.79138499999985,170.91581499999987,0.32449999999999996,0.6755,0.3,0.048999999999999995,0.29100000000000004,0.64,0.5,0.35,allocation_proxy,False,,,5.02,-0.12759980570375365,0.2,-44336.70859137341,-181515.39856965037,-542338.7982751059,-798347.0745499458,-391634.4949965188,347297.7864051454,210119.09642686846,-150704.30327858706,-406712.57955342694,870261.0,608138.3868000001,min_headroom,-14201.583628934342,14201.583628934342,539916.878136366,-316734.7549072768,12.0,19537.87008333333,4671.801916666667,U,10741956.19310644,1958232.9667064417,-9947605.842815388,-11905838.80952083,min,11905838.80952183,1958232.9667064417,False,False,-207376.95510553755,0.0,207376.95510553755,,,,,,,541.7299999999996,33103.43666845653,,-32561.706668457016,0.664536491307566,,21998.441653878326,,,,9683.8688,1000.0,1.0,dashboard_retrospective,none
2007-12-31,24691.754,9876.7016,24691.754,,4.266612903225807,1022.9836369874996,1.0,1.3350851650920204,0.9630603734213404,1189109.623311189,1189109.623311189,1189109.623311189,311731.69999999995,267198.6,178132.40000000002,133599.3,0.7001104810820157,0.6234065623631345,,,,,,,,,,,,0.35,0.3,0.2,0.15,890662.0,890662.0,482.08200000000215,482.08200000000215,144.62460000000064,23.622018000000104,140.28586200000063,156.43560900000068,152.09687100000068,0.32449999999999996,0.6755,0.3,0.048999999999999995,0.29100000000000004,0.64,0.5,0.35,allocation_proxy,False,,,,,0.2,-44374.67305024141,-181670.8258465467,-542803.1899643806,-799030.6799784288,-391969.84220989933,347595.1691596579,210299.01636335262,-150833.34775448125,-407060.8377685294,,,min_headroom,-13266.0058036017,13266.0058036017,450400.28096381907,-227218.15773472976,12.0,20035.308833333333,4656.445166666668,U,10741420.94021064,,,-11905838.80952083,min,11905838.80952183,,False,False,-207912.20800133795,0.0,207912.20800133795,0.006774477822173445,927.4789101256164,,,,,482.08200000000215,1017.3348958001006,,-535.2528958003968,0.6841060749442857,,695.9649824696606,,,,9876.7016,1000.0,1.0,dashboard_retrospective,none
2008-03-31,25019.452,10007.7808,14769.862,14769.862,3.6652459016393446,1036.560221780687,10.0,1.3350851650920204,0.9630603734213404,1193519.409611488,1193519.409611488,1193519.409611488,312887.75,268189.5,178793.0,134094.75,0.8581894329100448,0.8578353121214631,,,,,,,,,,,,0.35,0.3,0.2,0.15,893965.0,893965.0,327.6980000000003,327.6980000000003,98.3094000000001,16.057202000000014,95.3601180000001,106.3380010000001,103.38871900000011,0.3245,0.6755,0.3,0.048999999999999995,0.29100000000000004,0.64,0.5,0.35,allocation_proxy,False,,,,,0.2,-44539.235527460536,-182344.54801923528,-544816.1633891504,-801993.8672885068,-393423.45355608827,348884.21802862774,211078.90553685298,-151392.70983306214,-408570.41373241856,,,min_headroom,-13266.0058036017,13266.0058036017,450400.28096381907,-227218.15773472976,12.0,20179.530916666667,-5409.668916666667,U,10727089.261910342,,,-11905838.80952083,min,11905838.80952183,,False,False,-222243.8863016367,0.0,222243.8863016367,,,,,,,-9921.892000000002,4409.786300298991,,-14331.67830029875,0.7791499569960303,,3435.8848062396423,,,,10007.7808,1000.0,1.0,dashboard_retrospective,none
2008-06-30,25185.003,10074.0012,25185.003,,3.8815625,1043.4190283315263,1.0,1.3350851650920204,0.9630603734213404,1191847.8829847928,1191847.8829847928,1191847.8829847928,312449.55,267813.89999999997,178542.6,133906.94999999998,0.7177465107054519,0.6336625311242963,,,,,,,,,,,,0.35,0.3,0.2,0.15,892713.0,892713.0,165.55099999999948,165.55099999999948,49.66529999999984,8.111998999999974,48.175340999999854,53.72129949999982,52.23134049999984,0.32449999999999996,0.6755,0.3,0.048999999999999995,0.29100000000000004,0.64,0.5,0.35,allocation_proxy,False,,,,,0.2,-44476.85822758819,-182089.1740682192,-544053.147122783,-800870.6730674298,-392872.46312150505,348395.60489391687,210783.28905328584,-151180.68400127796,-407998.20994592475,,,min_headroom,-3543.157735465793,3543.157735465793,218785.8024313845,4396.320797704757,12.0,20648.62375,4536.379250000002,U,10739175.929537037,,,-11905838.80952083,min,11905838.80952183,,False,False,-210157.218674941,0.0,210157.218674941,,,,,,,10415.141000000001,-1671.5266266951803,,12086.667626695707,0.7879679718077484,,-1317.1094458596485,,,,10074.0012,1000.0,1.0,dashboard_retrospective,none
2008-09-30,25446.401,10178.560400000002,25446.401,,3.8621875,1054.248792662617,1.0,1.3350851650920204,0.9630603734213404,1617889.5801876376,1617889.5801876376,1617889.5801876376,424138.75,363547.5,242365.0,181773.75,0.7153319554779931,0.6330484335454294,,,,,,,,,,,,0.35,0.3,0.2,0.15,1211825.0,1211825.0,261.39800000000105,261.39800000000105,78.41940000000031,12.80850200000005,76.06681800000031,84.82365100000034,82.47106900000034,0.3245,0.6755,0.3,0.048999999999999995,0.29100000000000004,0.64,0.5,0.35,allocation_proxy,False,,,,,0.2,-60375.69602061028,-247179.34360227728,-738532.0982354536,-1087152.425684333,-533309.8908856686,472934.1948650583,286130.5472833913,-205222.20734978502,-553842.5347986645,,,min_headroom,-3543.157735465793,3543.157735465793,218785.8024313845,4396.320797704757,12.0,21099.812916666666,4346.588083333336,U,10313395.630334193,,,-11905838.80952083,min,11905838.80952183,,False,False,-635937.5178777855,0.0,635937.5178777855,,,,,,,261.39800000000105,426041.6972028448,,-425780.2992028445,0.7165392330917225,,305275.59097882226,,,,10178.560400000002,1000.0,1.0,dashboard_retrospective,none
2008-12-31,25207.749,10083.0996,25207.749,,3.234677419354839,1044.3613990439076,1.0,1.3350851650920204,0.9630603734213404,2989865.818561481,2989865.818561481,2989865.818561481,783809.95,671837.1,447891.4,335918.55,0.7544494935833741,0.6503358493427225,0.67229488204738,1416456.8402,1445634.2268,1431045.5335,1416456.8402,,-0.6759991458223387,-2.3010520337038605,6.20573249792306,-1.4885255897630996,6.20573249792306,0.35,0.3,0.2,0.15,2239457.0,2239457.0,0.0,-238.65200000000186,0.0,0.0,0.0,0.0,0.0,,,0.3,0.048999999999999995,0.29100000000000004,0.64,0.5,0.35,allocation_proxy,False,,,0.97,-0.29770511795261995,0.2,-111574.50546343559,-456788.32445734745,-1364809.9990659328,-2009061.629992581,-985558.6147448242,873984.1092813887,528770.2902874767,-379251.3843211086,-1023503.0152477567,1503989.0,1416456.8402,min_headroom,-132497.6730006463,132497.6730006463,2467808.6613077214,2253419.1796740415,12.0,21490.762333333332,3716.9866666666676,U,8941180.739960348,1774094.4203603491,-10131744.38916148,-11905838.80952083,min,11905838.80952183,1774094.4203603491,False,False,-2008152.4082516301,0.0,2008152.4082516301,,,,,,,-238.65200000000186,1371976.2383738433,,-1372214.8903738447,0.7348907245306836,,1008252.6118574355,,,,10083.099600000001,1000.0,1.0,dashboard_retrospective,none
2009-03-31,25034.338,10013.7352,14478.067,14478.067,2.7362295081967214,1037.176951334213,10.0,1.3350851650920204,0.9630603734213404,2765703.6842573653,2765703.6842573653,2765703.6842573653,725044.6,621466.7999999999,414311.2,310733.39999999997,0.8843840465799876,0.8733887894217178,,,,,,,,,,,,0.35,0.3,0.2,0.15,2071556.0,2071556.0,0.0,-173.41100000000006,0.0,0.0,0.0,0.0,0.0,,,0.3,0.048999999999999995,0.29100000000000004,0.64,0.5,0.35,allocation_proxy,False,,,,,0.2,-103209.32093798308,-422541.0866382185,-1262484.764130335,-1858434.2874102567,-911667.3647791983,808458.0438412152,489126.2781409798,-350817.39935113676,-946766.9226310584,,,min_headroom,80953.79138493864,80953.79138493864,2360613.9204908814,2360613.9204908814,12.0,21545.969333333334,-7067.902333333335,U,9154613.192264464,,,-11905838.80952083,min,11905838.80952183,,False,False,-1794719.9559475146,0.0,1794719.9559475146,0.04563105010414019,137.69539146787028,,,,,-10729.682,-224162.13430411555,,213432.45230411552,0.8194167700816808,,-183682.2120660943,,,,10013.735200000001,1000.0,1.0,dashboard_retrospective,none
2009-06-30,24918.064,9967.2256,24918.064,,3.320793650793651,1032.3596994124953,1.0,1.3350851650920204,0.9630603734213404,2704309.7929406087,2704309.7929406087,2704309.7929406087,708949.85,607671.2999999999,405114.2,303835.64999999997,0.7274916752193848,0.6380108332985197,0.044243757713541484,2060225.576,2066462.384,2063343.98,2060225.576,,-1.5126103515936766,0.4550479287290917,2.201620038820855,-0.5287812114322925,2.201620038820855,0.35,0.3,0.2,0.15,2025571.0,2025571.0,0.0,-116.27400000000125,0.0,0.0,0.0,0.0,0.0,,,0.3,0.048999999999999995,0.29100000000000004,0.64,0.5,0.35,allocation_proxy,False,,,0.15,-0.10575624228645851,0.2,-100918.25054291138,-413161.3972312903,-1234459.761727053,-1817180.2249052795,-891429.9086016335,790511.6580587222,478268.5113703432,-343029.85312541947,-925750.316303646,2078936.0,2060225.576,min_headroom,1280175.1747283791,1280175.1747283791,2591256.5076262513,2591256.5076262513,12.0,21817.911416666666,3100.1525833333326,U,9226447.080581222,3346898.2325812206,-8558940.57694061,-11905838.80952083,min,11905838.80952183,3346898.2325812206,False,False,-1722886.0676307566,0.0,1722886.0676307566,,,,,,,10439.997,-61393.891316756606,,71833.88831675798,0.8059378608996862,,-49479.66144013464,,,,9967.2256,1000.0,1.0,dashboard_retrospective,none
2009-09-30,24706.479,9882.5916,24706.479,,3.5178125,1023.5936962831914,1.0,1.3350851650920204,0.9630603734213404,2858444.0401653172,2858444.0401653172,2858444.0401653172,749357.0,642306.0,428204.0,321153.0,0.7060598847266006,0.6286712071133824,0.002422769992834195,1986372.9808,1992790.9872,1989581.984,1986372.9808,,-0.7814266211046286,-0.7943456789670293,0.7260973337742679,-0.787886150035829,0.7260973337742679,0.35,0.3,0.2,0.15,2141020.0,2141020.0,0.0,-211.58499999999913,0.0,0.0,0.0,0.0,0.0,,,0.3,0.048999999999999995,0.29100000000000004,0.64,0.5,0.35,allocation_proxy,False,,,0.16,-0.1575772300071658,0.2,-106670.16499415923,-436709.8535179153,-1304818.7592796574,-1920751.8300403696,-942237.6519580254,835567.4869638662,505527.7984401101,-362581.107321632,-978514.1780823442,2005627.0,1986372.9808,min_headroom,1058668.5492046745,1058668.5492046745,2592979.7297162954,2589533.2855362073,12.0,22032.8055,2673.673500000001,U,9072101.248356512,3044847.2099565137,-8860991.599565316,-11905838.80952083,min,11905838.80952183,3044847.2099565137,False,False,-1877231.8998554666,0.0,1877231.8998554666,0.3163133371964525,19.863801390319793,,,,,-211.58499999999913,154134.24722470855,-73852.59519999987,-154345.8322247099,0.7167757799729928,0.02333326385318784,110479.69527504058,-1723.2220900442705,112202.91736508485,-112414.50236508486,9882.5916,1000.0,1.0,dashboard_retrospective,none
2009-12-31,24496.837,9798.7348,24496.837,,3.4640322580645164,1014.908191979798,1.0,1.3350851650920204,0.9630603734213404,2982669.7095216345,2982669.7095216345,2982669.7095216345,781923.45,670220.1,446813.4,335110.05,0.7040519658522599,0.6279759562383227,,,,,,,,,,,,0.35,0.3,0.2,0.15,2234067.0,2234067.0,0.0,-209.64199999999983,0.0,0.0,0.0,0.0,0.0,,,0.3,0.048999999999999995,0.29100000000000004,0.64,0.5,0.35,allocation_proxy,False,,,,,0.2,-111305.96421238771,-455688.9110420306,-1361525.128717913,-2004226.1532740463,-983186.5393115944,871880.5750992068,527497.6282695639,-378338.5894063186,-1021039.6139624518,,,min_headroom,895164.946522756,895164.946522756,2481388.668101751,2477942.2239216627,12.0,22187.671499999997,2309.165500000003,U,8947665.937000195,,,-11905838.80952083,min,11905838.80952183,,False,False,-2001667.2112117838,0.0,2001667.2112117838,0.2939933877784103,21.371859260710213,,,,,-209.64199999999983,124225.66935631726,,-124435.31135631725,0.7050559252894303,,87586.0442527171,,,,9798.7348,1000.0,1.0,dashboard_retrospective,none
2010-03-31,24354.291,9741.7164,15048.971,15048.971,3.717868852459016,1009.002486556116,10.0,1.3350851650920204,0.9630603734213404,3080241.7386420546,3080241.7386420546,3080241.7386420546,807502.5,692145.0,461430.0,346072.5,0.8190105828105441,0.8179905034801923,,,,,,,,,,,,0.35,0.3,0.2,0.15,2307150.0,2307150.0,0.0,-142.54599999999846,0.0,0.0,0.0,0.0,0.0,,,0.3,0.048999999999999995,0.29100000000000004,0.64,0.5,0.35,allocation_proxy,False,,,,,0.2,-114947.1145371246,-470595.855500583,-1406064.6796723346,-2069790.373129461,-1015349.5057098758,900402.3911727512,544753.6502092928,-390715.17396245874,-1054440.8674195851,,,min_headroom,895164.946522756,895164.946522756,2481388.668101751,2477942.2239216627,12.0,22235.566749999998,-7186.595749999999,U,8840646.041879775,,,-11905838.80952083,min,11905838.80952183,,False,False,-2108687.1063322034,0.0,2108687.1063322034,,,,,,,-9447.866,97572.0291204201,,-107019.89512041956,0.761531274331402,,74304.15167517419,,,,9741.716400000001,1000.0,1.0,dashboard_retrospective,none
2010-06-30,24225.042,9690.0168,24225.042,,3.4925,1003.6476781412504,1.0,1.3350851650920204,0.9630603734213404,3111884.5921399007,3111884.5921399007,3111884.5921399007,815797.85,699255.2999999999,466170.2,349627.64999999997,0.6910534548073959,0.6203206579689519,,,,,,,,,,,,0.35,0.3,0.2,0.15,2330851.0,2330851.0,0.0,-129.2489999999998,0.0,0.0,0.0,0.0,0.0,,,0.3,0.048999999999999995,0.29100000000000004,0.64,0.5,0.35,allocation_proxy,False,,,,,0.2,-116127.94870986775,-475430.214935912,-1420508.9676349352,-2091053.0138912413,-1025780.036292989,909652.0875831213,550349.821357077,-394728.9313419461,-1065272.9775982522,,,min_headroom,895164.946522756,895164.946522756,2481388.668101751,2477942.2239216627,12.0,22281.99175,1943.0502500000002,U,8818179.25938193,,,-11905838.80952083,min,11905838.80952183,,False,False,-2131153.888830049,0.0,2131153.888830049,,,,,,,9176.071000000002,31642.853497846052,,-22466.78249784559,0.75503201880897,,23891.36755735518,,,,9690.016800000001,1000.0,1.0,dashboard_retrospective,none
2010-09-30,24202.396,9680.9584,24202.396,,2.78453125,1002.7094504461576,1.0,1.3350851650920204,0.9630603734213404,3068948.2532305415,3068948.2532305415,3068948.2532305415,804541.85,689607.2999999999,459738.2,344803.64999999997,0.7406402169780678,0.6396193310400168,0.031569235443135335,2275753.2456,2284500.8304,2280127.038,2275753.2456,,-1.221036979736525,-0.3632706658321214,0.2598491178425369,-0.7921538227843232,0.2598491178425369,0.35,0.3,0.2,0.15,2298691.0,2298691.0,0.0,-22.64600000000064,0.0,0.0,0.0,0.0,0.0,,,0.3,0.048999999999999995,0.29100000000000004,0.64,0.5,0.35,allocation_proxy,False,,,0.19,-0.15843076455686467,0.2,-114525.66918599028,-468870.44954878994,-1400909.4443710544,-2062201.6351773113,-1011626.7995707865,897101.1303847963,542756.3500219965,-389282.6448002679,-1050574.8356065247,2301996.0,2275753.2456,min_headroom,68576.28021242388,68576.28021242388,237284.1169924862,233837.67281239768,12.0,22281.385416666668,1921.0105833333328,U,8861092.952291287,3412599.4434912875,-8493239.366030542,-11905838.80952083,min,11905838.80952183,3412599.4434912875,False,False,-2088240.195920691,0.0,2088240.195920691,,,,,,,-22.64600000000064,-42936.33890935918,,42913.69290935807,0.7158468358927319,,-30735.842353082764,,,,9680.958400000001,1000.0,1.0,dashboard_retrospective,none
2010-12-31,24132.744,9653.0976,24132.744,,2.8783870967741936,999.8237560445586,1.0,1.3350851650920204,0.9630603734213404,3231667.098066792,3231667.098066792,3231667.098066792,847199.5,726171.0,484114.0,363085.5,0.7261522240405595,0.6349419894927884,0.15019587619211056,2321573.264,2330022.176,2325797.72,2321573.264,,-0.748204321054535,0.4501630829756406,-0.357090765758867,-0.1490206190394472,-0.357090765758867,0.35,0.3,0.2,0.15,2420570.0,2420570.0,0.0,-69.65200000000186,0.0,0.0,0.0,0.0,0.0,,,0.3,0.048999999999999995,0.29100000000000004,0.64,0.5,0.35,allocation_proxy,False,,,0.18,-0.029804123807889438,0.2,-120597.93989776463,-493730.45096723066,-1475187.12770061,-2171541.7218152178,-1065264.310095206,944666.3701974413,571533.8591279753,-409922.8176054042,-1106277.4117200118,2346920.0,2321573.264,min_headroom,134223.03366093885,134223.03366093885,241448.3573722887,238001.91319220018,12.0,22234.80125,1897.9427499999983,U,8698304.455455039,3341450.9834550377,-8564387.826066792,-11905838.80952083,min,11905838.80952183,3341450.9834550377,False,False,-2251028.6927569397,0.0,2251028.6927569397,0.03933161095625711,159.7489946233697,,,,,-69.65200000000186,162718.8448362504,45820.01839999994,-162788.49683624879,0.7333962205093136,0.09088255581762295,119337.3858085475,4164.240379802505,115173.14542874499,-115242.79742874499,9653.0976,1000.0,1.0,dashboard_retrospective,none
2011-03-31,24119.468,9647.7872,15599.732,15599.732,3.4574193548387098,999.2737290693732,10.0,1.3350851650920204,0.9630603734213404,3501291.5524126203,3501291.5524126203,3501291.5524126203,917883.0499999999,786756.9,524504.6,393378.45,0.8169902222513055,0.815656539653418,,,,,,,,,,,,0.35,0.3,0.2,0.15,2622523.0,2622523.0,0.0,-13.275999999998021,0.0,0.0,0.0,0.0,0.0,,,0.3,0.048999999999999995,0.29100000000000004,0.64,0.5,0.35,allocation_proxy,False,,,,,0.2,-130659.66740664611,-534923.3707192664,-1598264.942430414,-2352717.794122876,-1154141.4436698006,1023481.7762631546,619218.0729505343,-444123.4987606134,-1198576.3504530755,,,min_headroom,134223.03366093885,134223.03366093885,241448.3573722887,238001.91319220018,12.0,22303.95708333333,-6704.225083333331,U,8420146.989109209,,,-11905838.80952083,min,11905838.80952183,,False,False,-2529186.1591027696,0.0,2529186.1591027696,0.04016908652125525,156.418426489606,,,,,-8533.011999999999,269624.4543458284,,-278157.4663458299,0.7715712231459324,,208034.47002966542,,,,9647.7872,1000.0,1.0,dashboard_retrospective,none
2011-06-30,24141.252,9656.5008,24141.252,,3.2014285714285715,1000.1762439554414,1.0,1.3350851650920204,0.9630603734213404,3825354.1043650764,3825354.1043650764,3825354.1043650764,1002837.85,859575.2999999999,573050.2000000001,429787.64999999997,0.6916877772465533,0.6198024382986583,-0.0342570414010543,2773663.8958,2778683.5972,2776173.7465000004,2773663.8958,,-1.0032651275685012,-0.2393052864420417,-0.1530426167945324,-0.6212852070052715,-0.1530426167945324,0.35,0.3,0.2,0.15,2865251.0,2865251.0,21.78399999999965,21.78399999999965,6.535199999999895,1.0674159999999828,6.339143999999899,7.068907999999887,6.87285199999989,0.3245,0.6755,0.3,0.048999999999999995,0.29100000000000004,0.64,0.5,0.35,allocation_proxy,False,,,0.09,-0.1242570414010543,0.2,-142752.8920419612,-584433.2815676922,-1746192.5880397183,-2570473.9338142565,-1260963.173865907,1118210.2818239457,676529.8922982147,-485229.41417381144,-1309510.7599483496,2788723.0,2773663.8958,min_headroom,168765.38580486854,168765.38580486854,267655.78790771094,264209.3437276224,12.0,22216.977833333334,1924.2741666666661,U,8104625.957156753,3651953.7487567533,-8253885.060765076,-11905838.80952083,min,11905838.80952183,3651953.7487567533,False,False,-2844707.191055225,0.0,2844707.191055225,,,,,,,8541.52,324062.5519524561,,-315521.03195245564,0.7543389997489294,,244453.0212959012,,,,9656.5008,1000.0,1.0,dashboard_retrospective,none
2011-09-30,24212.817,9685.1268,24212.817,,2.41421875,1003.141194277764,1.0,1.3350851650920204,0.9630603734213404,3806222.333949308,3806222.333949308,3806222.333949308,997822.35,855276.2999999999,570184.2000000001,427638.14999999997,0.7493701562737192,0.6396052131435229,,,,,,,,,,,,0.35,0.3,0.2,0.15,2850921.0,2850921.0,71.56499999999869,71.56499999999869,21.469499999999606,3.5066849999999357,20.825414999999623,23.222842499999572,22.57875749999959,0.32449999999999996,0.6755,0.3,0.048999999999999995,0.29100000000000004,0.64,0.5,0.35,allocation_proxy,False,,,,,0.2,-142038.94099789514,-581510.3512817015,-1737459.3427545377,-2557618.2044308414,-1254656.7098662439,1112617.7688683488,673146.3585845424,-482802.6328882938,-1302961.4945645975,,,min_headroom,168765.38580486854,168765.38580486854,267655.78790771094,264209.3437276224,12.0,22114.179166666665,2098.637833333334,U,8123829.292572522,,,-11905838.80952083,min,11905838.80952183,,False,False,-2825503.855639457,0.0,2825503.855639457,0.04621235574583109,135.96331989083689,,,,,71.56499999999869,-19131.770415768493,,19203.335415768437,0.7205289667601362,,-13784.994769965813,,,,9685.1268,1000.0,1.0,dashboard_retrospective,none
2011-12-31,24297.678,9719.0712,24297.678,,2.0467213114754097,1006.6570001787296,1.0,1.3350851650920204,0.9630603734213404,3906586.026149935,3906586.026149935,3906586.026149935,1024133.2499999999,877828.5,585219.0,438914.25,0.7721304651566054,0.6445712349990627,,,,,,,,,,,,0.35,0.3,0.2,0.15,2926095.0,2926095.0,84.86100000000079,84.86100000000079,25.458300000000236,4.158189000000038,24.69455100000023,27.537394500000254,26.77364550000025,0.3245,0.6755,0.3,0.048999999999999995,0.29100000000000004,0.64,0.5,0.35,allocation_proxy,False,,,,,0.2,-145784.26938495875,-596843.8028740993,-1783273.2283838587,-2625058.302174653,-1287739.9007043925,1141955.6313194337,690896.0978302931,-495533.3276794662,-1337318.4014702605,,,min_headroom,-30004.303539102388,30004.303539102388,37013.200772340955,33566.756592252415,12.0,22038.339916666668,2259.338083333332,U,8023550.461371895,,,-11905838.80952083,min,11905838.80952183,,False,False,-2925782.6868400835,0.0,2925782.6868400835,,,,,,,84.86100000000079,100363.69220062718,,-100278.83120062668,0.7607503107151623,,76351.71002614804,,,,9719.0712,1000.0,1.0,dashboard_retrospective,none
2012-03-31,24325.586,9730.2344,16253.97,16253.97,2.04,1007.8132334435292,10.0,1.3350851650920204,0.9630603734213404,3842558.011802452,3842558.011802452,3842558.011802452,1007347.95,863441.1,575627.4,431720.55,0.8726878511232743,0.8537352872246101,-0.007933802003264878,2907397.318,2913247.212,2910322.265,2907397.318,,-1.9031464184836184,0.8238083984509696,-0.2703369589261032,-0.5396690100163244,-0.2703369589261032,0.35,0.3,0.2,0.15,2878137.0,2878137.0,27.907999999999447,27.907999999999447,8.372399999999834,1.3674919999999728,8.12122799999984,9.05614599999982,8.804973999999827,0.3245,0.6755,0.3,0.048999999999999995,0.29100000000000004,0.64,0.5,0.35,allocation_proxy,False,,,0.1,-0.10793380200326488,0.2,-143394.89993825115,-587061.6751242361,-1754045.8049793441,-2582034.2219394958,-1266634.1504953317,1123239.2505570806,679572.4753710956,-487411.6544840124,-1315400.071444164,2924947.0,2907397.318,min_headroom,-15365.209439761558,15365.209439761558,39834.363709322904,30745.593655270466,12.0,22186.331833333334,-5932.361833333334,U,8079534.767719378,3894329.4037193786,-8011509.405802451,-11905838.80952083,min,11905838.80952183,3894329.4037193786,False,False,-2869798.3804926006,0.0,2869798.3804926006,,,,,,,-8043.7080000000005,-64028.01434748294,,55984.30634748284,0.8224091581399399,,-52657.225376885435,,,,9730.2344,1000.0,1.0,dashboard_retrospective,none
2012-06-30,24413.324,9765.3296,24413.324,,1.82578125,1011.4482339518776,1.0,1.3350851650920204,0.9630603734213404,3823079.1192437597,3823079.1192437597,3823079.1192437597,1002241.45,859064.1,572709.4,429532.05,0.7715629323859164,0.6424079138991936,,,,,,,,,,,,0.35,0.3,0.2,0.15,2863547.0,2863547.0,87.7380000000012,87.7380000000012,26.321400000000356,4.299162000000058,25.53175800000035,28.470981000000386,27.68133900000038,0.32449999999999996,0.6755,0.3,0.048999999999999995,0.29100000000000004,0.64,0.5,0.35,allocation_proxy,False,,,,,0.2,-142667.99514181545,-584085.7119091208,-1745154.1058369305,-2568945.2413600106,-1260213.2635619694,1117545.268420154,676127.5516528486,-484940.84227496106,-1308731.9777980412,,,min_headroom,-35006.713047662226,35006.713047662226,38111.141619278635,32468.815745314736,12.0,22144.27016666667,2269.0538333333316,U,8107173.01427807,,,-11905838.80952083,min,11905838.80952183,,False,False,-2842160.1339339083,0.0,2842160.1339339083,0.008989150484863498,698.9743155106383,,,,,8159.354000000001,-19478.89255869249,,27638.246558692306,0.8221253917545954,,-16014.092175760736,,,,9765.329600000001,1000.0,1.0,dashboard_retrospective,none
2012-09-30,24600.398,9840.159200000002,24600.398,,1.6412698412698414,1019.198742113663,1.0,1.3350851650920204,0.9630603734213404,3744188.9368384723,3744188.9368384723,3744188.9368384723,981559.95,841337.1,560891.4,420668.55,0.7786470076438372,0.6441235377229474,-0.06717147038195473,2828879.2796,2836292.1864,2832585.733,2828879.2796,,-1.939746697616303,-0.0319680062032443,-0.6124072138268786,-0.9858573519097736,-0.6124072138268786,0.35,0.3,0.2,0.15,2804457.0,2804457.0,187.07400000000052,187.07400000000052,56.122200000000156,9.166626000000024,54.43853400000016,60.70551300000017,59.02184700000017,0.3245,0.6755,0.3,0.048999999999999995,0.29100000000000004,0.64,0.5,0.35,allocation_proxy,False,,,0.13,-0.19717147038195473,0.2,-139724.00580518856,-572032.9589015013,-1709142.4195911996,-2515934.421453104,-1234208.4514377485,1094484.44563256,662175.4925362472,-474933.9681534511,-1281725.9700153554,2851118.0,2828879.2796,min_headroom,-40345.328815458066,40345.328815458066,36141.39318279924,30499.067308835347,12.0,22135.43008333333,2464.967916666672,U,8186250.2706833575,3844008.8298833575,-8061829.979638472,-11905838.80952083,min,11905838.80952183,3844008.8298833575,False,False,-2763082.877528621,0.0,2763082.877528621,,,,,,,187.07400000000052,-78890.1824052874,,79077.25640528742,0.7751049700148769,,-61148.17246771846,,,,9840.159200000002,1000.0,1.0,dashboard_retrospective,none
2012-12-31,24771.864,9908.745600000002,24771.864,,1.707049180327869,1026.3026081371015,1.0,1.3350851650920204,0.9630603734213404,3881493.1004720307,3881493.1004720307,3881493.1004720307,1017554.9999999999,872190.0,581460.0,436095.0,0.7634077397610252,0.6418445098700195,,,,,,,,,,,,0.35,0.3,0.2,0.15,2907300.0,2907300.0,171.46600000000035,171.46600000000035,51.439800000000105,8.401834000000017,49.896606000000105,55.640717000000116,54.097523000000116,0.3245,0.6755,0.3,0.048999999999999995,0.29100000000000004,0.64,0.5,0.35,allocation_proxy,False,,,,,0.2,-144847.8625550061,-593010.1340167935,-1771818.8428196597,-2608196.9320587227,-1279468.4428625456,1134620.5803075396,686458.3088457522,-492350.39995711413,-1328728.489196177,,,min_headroom,-40345.328815458066,40345.328815458066,36141.39318279924,30499.067308835347,12.0,22158.349,2613.515000000003,U,8049117.573049799,,,-11905838.80952083,min,11905838.80952183,,False,False,-2900215.57516218,0.0,2900215.57516218,0.010495638954263876,598.6472414456509,,,,,171.46600000000035,137304.16363355843,,-137132.69763355888,0.7710273737024311,,105865.26868479142,,,,9908.745600000002,1000.0,1.0,dashboard_retrospective,none
2013-03-31,24798.351,9919.3404,16880.683,16880.683,1.951,1027.3999691262352,10.0,1.3350851650920204,0.9630603734213404,4275284.480426913,4275284.480426913,4275284.480426913,1120789.5999999999,960676.7999999999,640451.2000000001,480338.39999999997,0.8548974174401766,0.8435762086241106,,,,,,,,,,,,0.35,0.3,0.2,0.15,3202256.0,3202256.0,26.48699999999735,26.48699999999735,7.9460999999992055,1.29786299999987,7.7077169999992305,8.595031499999141,8.356648499999165,0.3245,0.6755,0.3,0.048999999999999995,0.29100000000000004,0.64,0.5,0.35,allocation_proxy,False,,,,,0.2,-159543.19710863812,-653173.1364895542,-1951576.2117195723,-2872807.8543207226,-1409275.0999096218,1249731.9028009837,756101.9634200676,-542301.1118099506,-1463532.7544111009,,,min_headroom,-40345.328815458066,40345.328815458066,36141.39318279924,30499.067308835347,12.0,22310.99166666667,-5430.308666666668,U,7647435.012094917,,,-11905838.80952083,min,11905838.80952183,,False,False,-3301898.1361170616,0.0,3301898.1361170616,,,,,,,-7891.1810000000005,393791.37995488243,,-401682.56095488183,0.8091525786006009,,318637.3105211821,,,,9919.340400000001,1000.0,1.0,dashboard_retrospective,none
2013-06-30,25005.818,10002.3272,25005.818,,1.98625,1035.9953628036096,1.0,1.3350851650920204,0.9630603734213404,4644323.381420989,4644323.381420989,4644323.381420989,1217535.2,1043601.6,695734.4,521800.8,0.7255736487662505,0.6311159751989872,0.06881675454501676,3295300.5196,3302598.3464,3298949.433,3295300.5196,,-1.657853981197758,1.2460215266479255,-0.8741754353275385,-0.2059162272749162,-0.8741754353275385,0.35,0.3,0.2,0.15,3478672.0,3478672.0,207.46700000000055,207.46700000000055,62.24010000000016,10.165883000000026,60.372897000000165,67.32304150000017,65.45583850000018,0.32449999999999996,0.6755,0.3,0.048999999999999995,0.29100000000000004,0.64,0.5,0.35,allocation_proxy,False,,,0.11,-0.041183245454983246,0.2,-173314.82947406467,-709554.4831701121,-2120034.6017229566,-3120786.1720629386,-1530922.521607518,1357607.6921334532,821368.0384374058,-589112.0801154387,-1589863.6504554206,3317194.0,3295300.5196,min_headroom,20291.36617152665,20291.36617152665,36525.09092254312,30882.765048579226,12.0,22376.05633333333,2629.761666666669,U,7286521.246100841,3877122.2853008416,-8028716.524220988,-11905838.80952083,min,11905838.80952183,3877122.2853008416,False,False,-3662811.9021111373,0.0,3662811.9021111373,,,,,,,8125.134999999998,369038.90099407546,,-360913.7659940757,0.7902355331032136,,291627.6526628773,,,,10002.3272,1000.0,1.0,dashboard_retrospective,none
2013-09-30,25246.05,10098.42,25246.05,,2.7065625,1045.948216095473,1.0,1.3350851650920204,0.9630603734213404,4985232.037986576,4985232.037986576,4985232.037986576,1306906.2999999998,1120205.4,746803.6000000001,560102.7,0.6685322185754413,0.6083786176768762,,,,,,,,,,,,0.35,0.3,0.2,0.15,3734018.0,3734018.0,240.23199999999997,240.23199999999997,72.0696,11.771367999999997,69.907512,77.95528399999999,75.793196,0.3245,0.6755,0.3,0.048999999999999995,0.29100000000000004,0.64,0.5,0.35,allocation_proxy,False,,,,,0.2,-186036.70967630405,-761638.1228635225,-2275652.134911354,-3349862.171723609,-1643297.2847936973,1457260.5751173932,881659.1619301748,-632354.8501176569,-1706564.8869299116,,,min_headroom,79910.75926592288,79910.75926592288,32360.85054274062,26718.52466877672,12.0,22463.0275,2783.022499999999,U,6945852.821535254,,,-11905838.80952083,min,11905838.80952183,,False,False,-4003480.3266767245,0.0,4003480.3266767245,0.02061084314231845,304.8485335507148,,,,,240.23199999999997,340908.65656558704,,-340668.4245655872,0.697052933670846,,237631.37917282936,,,,10098.42,1000.0,1.0,dashboard_retrospective,none
2013-12-31,25547.692,10219.0768,25547.692,,2.7441935483870967,1058.4452963040392,1.0,1.3350851650920204,0.9630603734213404,5383831.059620954,5383831.059620954,5383831.059620954,1411401.25,1209772.5,806515.0,604886.25,0.6653194622171646,0.6070654923320377,,,,,,,,,,,,0.35,0.3,0.2,0.15,4032575.0,4032575.0,301.6419999999998,301.6419999999998,90.49259999999994,14.78045799999999,87.77782199999996,97.88282899999993,95.16805099999995,0.32449999999999996,0.6755,0.3,0.048999999999999995,0.29100000000000004,0.64,0.5,0.35,allocation_proxy,False,,,,,0.2,-200911.4537002558,-822535.631404661,-2457604.089733942,-3617703.623051183,-1774688.6994725103,1573777.2457722544,952153.0680678493,-682915.3902614317,-1843014.9235786726,,,min_headroom,8502.71190860204,8502.71190860204,6153.420007318392,511.09413335449364,12.0,22580.939833333334,2966.7521666666653,U,6547555.441900875,,,-11905838.80952083,min,11905838.80952183,,False,False,-4401777.706311103,0.0,4401777.706311103,,,,,,,301.6419999999998,398599.02163437847,,-398297.3796343785,0.666925840396303,,265835.987484652,,,,10219.0768,1000.0,1.0,dashboard_retrospective,none
2014-03-31,25734.833,10293.9332,17608.138,17608.138,2.7654098360655737,1066.1985802874078,10.0,1.3350851650920204,0.9630603734213404,5643366.2753741825,5643366.2753741825,5643366.2753741825,1479439.8499999999,1268091.3,845394.2000000001,634045.65,0.807186085066251,0.8049591063968689,0.0433111694491331,4006740.712,4012373.808,4009557.26,4006740.712,,-0.4205075817586442,0.1536192762499751,-0.7633663866376716,-0.1334441527543345,-0.7633663866376716,0.35,0.3,0.2,0.15,4226971.0,4226971.0,187.14099999999962,187.14099999999962,56.142299999999885,9.169908999999981,54.4580309999999,60.72725449999987,59.04298549999989,0.32449999999999996,0.6755,0.3,0.048999999999999995,0.29100000000000004,0.64,0.5,0.35,allocation_proxy,False,,,0.07,-0.0266888305508669,0.2,-210596.6754143008,-862187.1286744056,-2576076.3821594813,-3792100.1596330586,-1860240.0864703115,1649643.4110560108,998052.9577959059,-715836.2956891698,-1931860.073162747,4023640.0,4006740.712,min_headroom,-34815.032349763685,34815.032349763685,46039.57591722364,40397.250043259744,12.0,22748.307,-5140.169000000002,U,6280080.6721476475,4293562.096147647,-7612276.713374183,-11905838.80952083,min,11905838.80952183,4293562.096147647,False,False,-4669252.476064331,0.0,4669252.476064331,,,,,,,-7939.554,259535.2157532284,,-267474.76975322794,0.7362527736417078,,191083.52245601348,,,,10293.9332,1000.0,1.0,dashboard_retrospective,none
2014-06-30,25987.645,10395.058,25987.645,,2.620952380952381,1076.6726251541306,1.0,1.3350851650920204,0.9630603734213404,5832116.610759397,5832116.610759397,5832116.610759397,1528921.7999999998,1310504.4,873669.6000000001,655252.2,0.6704284139128199,0.6091084247507129,,,,,,,,,,,,0.35,0.3,0.2,0.15,4368348.0,4368348.0,252.81200000000172,252.81200000000172,75.8436000000005,12.387788000000082,73.56829200000051,82.03749400000055,79.76218600000055,0.32449999999999996,0.6755,0.3,0.048999999999999995,0.29100000000000004,0.64,0.5,0.35,allocation_proxy,False,,,,,0.2,-217640.37790955036,-891024.1918315934,-2662236.885905677,-3918932.29173627,-1922458.4368457727,1704818.0589362222,1031434.2450141793,-739778.4490599043,-1996473.8548904972,,,min_headroom,-23772.47538087875,23772.47538087875,43218.412980241694,43218.412980241694,12.0,22902.17308333333,3085.471916666669,U,6099709.843762432,,,-11905838.80952083,min,11905838.80952183,,False,False,-4849623.304449546,0.0,4849623.304449546,0.0055367722298015325,1134.8101468506334,,,,,8379.507000000001,188750.33538521454,,-180370.82838521525,0.7388072494895355,,139450.1161261777,,,,10395.058,1000.0,1.0,dashboard_retrospective,none
2014-09-30,26171.783,10468.7132,26171.783,,2.49953125,1084.3014943283335,1.0,1.3350851650920204,0.9630603734213404,5953211.505403574,5953211.505403574,5953211.505403574,1560667.5,1337715.0,891810.0,668857.5,0.6774048894119632,0.6130104798851403,,,,,,,,,,,,0.35,0.3,0.2,0.15,4459050.0,4459050.0,184.137999999999,184.137999999999,55.2413999999997,9.02276199999995,53.58415799999972,59.75278099999967,58.09553899999969,0.32449999999999996,0.6755,0.3,0.048999999999999995,0.29100000000000004,0.64,0.5,0.35,allocation_proxy,False,,,,,0.2,-222159.34424582944,-909524.9331295645,-2717514.1234392747,-4000302.868605389,-1962375.3173550144,1740215.973109185,1052850.38422545,-755138.8060842603,-2037927.5512503744,,,min_headroom,-23772.47538087875,23772.47538087875,43218.412980241694,43218.412980241694,12.0,23065.42025,3106.3627500000002,U,5978799.087118256,,,-11905838.80952083,min,11905838.80952183,,False,False,-4970534.0610937225,0.0,4970534.0610937225,,,,,,,184.137999999999,121094.89464417659,,-120910.75664417632,0.6739166516623916,,81607.86593201356,,,,10468.7132,1000.0,1.0,dashboard_retrospective,none
2014-12-31,26475.225,10590.09,26475.225,,2.275967741935484,1096.873148848088,1.0,1.3350851650920204,0.9630603734213404,6004759.143627776,6004759.143627776,6004759.143627776,1574181.0,1349298.0,899532.0,674649.0,0.6925554524999452,0.6205078990338286,0.03250610965394307,4426228.596,4434239.064,4430233.83,4426228.596,,-0.8250972724476795,0.2501583689871103,-0.2499992956220894,-0.2874694517302846,-0.2499992956220894,0.35,0.3,0.2,0.15,4497660.0,4497660.0,303.4419999999991,303.4419999999991,91.03259999999973,14.868657999999954,88.30162199999975,98.46692899999971,95.73595099999973,0.3245,0.6755,0.3,0.048999999999999995,0.29100000000000004,0.64,0.5,0.35,allocation_proxy,False,,,0.09,-0.057493890346056925,0.2,-224082.97647272339,-917400.3231045889,-2741044.5212383554,-4034940.6712218327,-1979367.123009375,1755284.1465366518,1061966.799904786,-761677.3982289804,-2055573.5482124577,4450260.0,4426228.596,min_headroom,-40460.03325479077,40460.03325479077,59120.627971035115,59120.627971035115,12.0,23246.882500000003,3228.342499999995,U,5927554.8908940535,4780012.082894053,-7125826.726627776,-11905838.80952083,min,11905838.80952183,4780012.082894053,False,False,-5021778.257317925,0.0,5021778.257317925,,,,,,,303.4419999999991,51547.63822420221,,-51244.1962242024,0.6849801709559542,,35309.11004318971,,,,10590.09,1000.0,1.0,dashboard_retrospective,none
2015-03-31,26681.199,10672.4796,18295.019,18295.019,1.9688524590163932,1105.4066872773492,10.0,1.3350851650920204,0.9630603734213404,5981986.595966802,5981986.595966802,5981986.595966802,1568211.0499999998,1344180.9,896120.6000000001,672090.45,0.8418704360296001,0.8361392358285273,,,,,,,,,,,,0.35,0.3,0.2,0.15,4480603.0,4480603.0,205.97400000000198,205.97400000000198,61.79220000000059,10.092726000000097,59.93843400000058,66.83856300000063,64.98479700000063,0.32449999999999996,0.6755,0.3,0.048999999999999995,0.29100000000000004,0.64,0.5,0.35,allocation_proxy,False,,,,,0.2,-223233.16049514944,-913921.1589812014,-2730649.338765967,-4019638.4956396343,-1971860.538470488,1748627.3779753386,1057939.3794892868,-758788.8002954791,-2047777.9571691463,,,min_headroom,-83858.41377126696,83858.41377126696,56172.06864044255,56172.06864044255,12.0,23416.969916666665,-5121.950916666665,U,5942147.232555028,,,-11905838.80952083,min,11905838.80952183,,False,False,-5007185.91565695,0.0,5007185.91565695,0.017543556860738094,358.1477437589152,,,,,-8180.205999999998,-22772.547660973854,,14592.341660974547,0.7672129442647726,,-17471.39333938561,,,,10672.4796,1000.0,1.0,dashboard_retrospective,none
2015-06-30,27099.891,10839.9564,27099.891,,2.164375,1122.7531692217897,1.0,1.3350851650920204,0.9630603734213404,6001281.246772711,6001281.246772711,6001281.246772711,1573269.25,1348516.5,899011.0,674258.25,0.695800927116643,0.6213828692907218,-0.01158153669403722,4449530.0472,4460286.3648,4454908.206,4449530.0472,,-1.0605435246047283,-0.2552718423356436,-0.8329107859849241,-0.657907683470186,-0.8329107859849241,0.35,0.3,0.2,0.15,4495055.0,4495055.0,418.6919999999991,418.6919999999991,125.60759999999972,20.515907999999953,121.83937199999976,135.8655539999997,132.09732599999973,0.32449999999999996,0.6755,0.3,0.048999999999999995,0.29100000000000004,0.64,0.5,0.35,allocation_proxy,False,,,0.12,-0.13158153669403722,0.2,-223953.18983840433,-916868.9739493198,-2739456.9354764647,-4032603.673661205,-1978220.6932313484,1754267.503392944,1061351.7192820287,-761236.2422451163,-2054382.9804298566,4481799.0,4449530.0472,min_headroom,-120231.41578255288,120231.41578255288,56415.85509829559,56415.85509829559,12.0,23640.8505,3459.040499999999,U,5931657.453749118,4830717.548149119,-7075121.261372711,-11905838.80952083,min,11905838.80952183,4830717.548149119,False,False,-5017675.69446286,0.0,5017675.69446286,,,,,,,8804.872,19294.650805909187,,-10489.778805909678,0.7688356815731215,,14834.416003076569,,,,10839.956400000001,1000.0,1.0,dashboard_retrospective,none
2015-09-30,27387.669,10955.067600000002,27387.669,,2.223125,1134.6758615135154,1.0,1.3350851650920204,0.9630603734213404,5986670.074725945,5986670.074725945,5986670.074725945,1569438.8499999999,1345233.3,896822.2000000001,672616.65,0.6896304649941055,0.6191475388420159,0.04722534678286999,4444192.786,4455838.524,4450015.655,4444192.786,,-0.7224302827785064,-0.1053162493927937,-0.7154193358587475,-0.41387326608565,-0.7154193358587475,0.35,0.3,0.2,0.15,4484111.0,4484111.0,287.77800000000207,287.77800000000207,86.33340000000062,14.1011220000001,83.74339800000061,93.38396100000067,90.79395900000065,0.3245,0.6755,0.3,0.048999999999999995,0.29100000000000004,0.64,0.5,0.35,allocation_proxy,False,,,0.13,-0.08277465321713001,0.2,-223407.93650789082,-914636.6955787768,-2732787.2469627857,-4022785.592546614,-1973404.367899017,1749996.431391126,1058767.6723202402,-759382.8790637688,-2049381.224647597,4479130.0,4444192.786,min_headroom,10722.899199959036,10722.899199959036,56127.27752085536,55937.03719624808,12.0,23873.123083333336,3514.545916666666,U,5946556.403795885,4834941.975795886,-7070896.833725944,-11905838.80952083,min,11905838.80952183,4834941.975795886,False,False,-5002776.744416093,0.0,5002776.744416093,0.0022197321812092896,2830.6051335240654,,,,,287.77800000000207,-14611.172046766616,-5337.261199999601,14898.95004676655,0.6927156960553742,0.017821905044416386,-10121.388214560764,-95.12016230364074,-10026.268052257123,10314.046052257125,10955.067600000002,1000.0,1.0,dashboard_retrospective,none
2015-12-31,27540.487,11016.1948,27540.487,,2.190483870967742,1141.0071376730446,1.0,1.3350851650920204,0.9630603734213404,5989975.745594712,5989975.745594712,5989975.745594712,1570305.45,1345976.0999999999,897317.4,672988.0499999999,0.689796325958916,0.6195392723158037,,,,,,,,,,,,0.35,0.3,0.2,0.15,4486587.0,4486587.0,152.8179999999993,152.8179999999993,45.84539999999979,7.488081999999965,44.4700379999998,49.58944099999977,48.214078999999785,0.3245,0.6755,0.3,0.048999999999999995,0.29100000000000004,0.64,0.5,0.35,allocation_proxy,False,,,,,0.2,-223531.29608814954,-915141.7322422877,-2734296.2152339728,-4025006.8616291913,-1974494.0262984005,1750962.730210251,1059352.2940561129,-759802.1889355723,-2050512.8353307908,,,min_headroom,10722.899199959036,10722.899199959036,56127.27752085536,55937.03719624808,12.0,24103.841666666664,3436.6453333333375,U,5943403.5509271175,,,-11905838.80952083,min,11905838.80952183,,False,False,-5005929.597284861,0.0,5005929.597284861,0.002217792737459673,2833.0804772931747,,,,,152.8179999999993,3305.6708687674254,,-3152.852868767455,0.6897133954765108,,2279.965479225368,,,,11016.194800000001,1000.0,1.0,dashboard_retrospective,none
2016-03-31,27836.28,11134.512,18804.913,18804.913,1.9142622950819672,1153.261892800422,10.0,1.3350851650920204,0.9630603734213404,5984973.181481113,5984973.181481113,5984973.181481113,1568994.0,1344852.0,896568.0,672426.0,0.8390315691684272,0.8347303634507752,,,,,,,,,,,,0.35,0.3,0.2,0.15,4482840.0,4482840.0,295.79299999999785,295.79299999999785,88.73789999999936,14.493856999999894,86.07576299999938,95.98482849999931,93.32269149999934,0.3245,0.6755,0.3,0.048999999999999995,0.29100000000000004,0.64,0.5,0.35,allocation_proxy,False,,,,,0.2,-223344.61258765298,-914377.4461444785,-2732012.651376082,-4021645.353045824,-1972845.0157885095,1749500.4032008564,1058467.569644031,-759167.6355875726,-2048800.3372573145,,,min_headroom,10722.899199959036,10722.899199959036,56127.27752085536,55937.03719624808,12.0,24264.194166666664,-5459.281166666664,U,5939670.541040717,,,-11905838.80952083,min,11905838.80952183,,False,False,-5009662.607171262,0.0,5009662.607171262,,,,,,,-8735.574,-5002.564113599248,,-3733.009886400774,0.7644139475636716,,-3824.029782016761,,,,11134.512,1000.0,1.0,dashboard_retrospective,none
2016-06-30,28122.297,11248.9188,28122.297,,1.75015625,1165.111626557702,1.0,1.3350851650920204,0.9630603734213404,5963133.858350538,5963133.858350538,5963133.858350538,1563268.7,1339944.5999999999,893296.4,669972.2999999999,0.7195524627797198,0.6306739143710023,0.18454272165647445,4359673.2396,4393579.8264,4376626.533,4359673.2396,,-0.7445046265101619,-1.2100681569250935,-0.267675014007364,-0.9772863917176278,-0.267675014007364,0.35,0.3,0.2,0.15,4466482.0,4466482.0,286.0169999999998,286.0169999999998,85.80509999999994,14.01483299999999,83.23094699999996,92.81251649999993,90.23836349999995,0.32449999999999996,0.6755,0.3,0.048999999999999995,0.29100000000000004,0.64,0.5,0.35,allocation_proxy,False,,,0.38,-0.19545727834352555,0.2,-222529.6222751036,-911040.8590113148,-2722043.4660044853,-4006970.264333061,-1965646.0529059912,1743116.4306308876,1054605.1938946764,-756397.413098494,-2041324.2114270697,4461393.0,4359673.2396,min_headroom,33952.10957660462,33952.10957660462,26035.587618198922,6256.415279094012,12.0,24523.90075,3598.396249999998,U,5970827.248171292,4690173.727371292,-7215665.0821505375,-11905838.80952083,min,11905838.80952183,4690173.727371292,False,False,-4978505.900040686,0.0,4978505.900040686,,,,,,,9317.383999999998,-21839.32313057501,,31156.707130575553,0.7792920159740735,,-17019.210149935014,,,,11248.9188,1000.0,1.0,dashboard_retrospective,none
2016-09-30,28468.772,11387.5088,28468.772,,1.564375,1179.4661457071008,1.0,1.3350851650920204,0.9630603734213404,5943801.825160005,5943801.825160005,5943801.825160005,1558200.7,1335600.5999999999,890400.4,667800.2999999999,0.7328069334635887,0.6355177012532067,,,,,,,,,,,,0.35,0.3,0.2,0.15,4452002.0,4452002.0,346.4750000000022,346.4750000000022,103.94250000000065,16.977275000000105,100.82422500000065,112.4311375000007,109.3128625000007,0.32449999999999996,0.6755,0.3,0.048999999999999995,0.29100000000000004,0.64,0.5,0.35,allocation_proxy,False,,,,,0.2,-221808.19791236275,-908087.3328046752,-2713218.8050324395,-3993979.966951913,-1959273.5756753478,1737465.377762985,1051186.2428706726,-753945.2293570917,-2034706.3912765654,,,min_headroom,33952.10957660462,33952.10957660462,26035.587618198922,6256.415279094012,12.0,24792.460916666667,3676.311083333334,U,5990505.756361824,,,-11905838.80952083,min,11905838.80952183,,False,False,-4958827.391850154,0.0,4958827.391850154,0.007238987626079643,867.9646425341823,,,,,346.4750000000022,-19332.033190532587,,19678.508190532215,0.7261796981216543,,-14038.530026378756,,,,11387.508800000001,1000.0,1.0,dashboard_retrospective,none
2016-12-31,28627.659,11451.0636,28627.659,,2.138688524590164,1186.0488615858526,1.0,1.3350851650920204,0.9630603734213404,5943066.1932340395,5943066.1932340395,5943066.1932340395,1558007.8499999999,1335435.3,890290.2000000001,667717.65,0.6826043207369207,0.6163251900939418,,,,,,,,,,,,0.35,0.3,0.2,0.15,4451451.0,4451451.0,158.8869999999988,158.8869999999988,47.66609999999964,7.7854629999999405,46.23611699999966,51.558831499999606,50.12884849999963,0.32449999999999996,0.6755,0.3,0.048999999999999995,0.29100000000000004,0.64,0.5,0.35,allocation_proxy,False,,,,,0.2,-221780.745921764,-907974.9437894917,-2712883.004742688,-3993485.653840241,-1959031.0870735461,1737250.341151782,1051056.1432840545,-753851.9176691419,-2034454.566766695,,,min_headroom,33952.10957660462,33952.10957660462,26035.587618198922,6256.415279094012,12.0,25049.12483333333,3578.534166666668,U,5991400.27528779,,,-11905838.80952083,min,11905838.80952183,,False,False,-4957932.872924188,0.0,4957932.872924188,,,,,,,158.8869999999988,-735.6319259656593,,894.5189259657636,0.7077056271002546,,-520.610853480495,,,,11451.063600000001,1000.0,1.0,dashboard_retrospective,none
2017-03-31,28967.373,11586.9492,19612.102,19612.102,2.4466129032258066,1200.123271336394,10.0,1.3350851650920204,0.9630603734213404,5967320.6854282655,5967320.6854282655,5967320.6854282655,1564366.2999999998,1340885.4,893923.6000000001,670442.7,0.805801179253874,0.8033995765833196,0.6766409432884645,4262107.6296,4326721.5864,4294414.608,4262107.6296,,-0.18660330370131376,-0.2969872634140429,-1.0471024986676571,-0.24179528355767832,-1.0471024986676571,0.35,0.3,0.2,0.15,4469618.0,4469618.0,339.71399999999994,339.71399999999994,101.91419999999998,16.645985999999997,98.856774,110.23719299999998,107.179767,0.3245,0.6755,0.3,0.048999999999999995,0.29100000000000004,0.64,0.5,0.35,allocation_proxy,False,,,0.7250000000000001,-0.04835905671153567,0.2,-222685.86445753148,-911680.517725681,-2723954.6632978786,-4009783.632605663,-1967026.1695216885,1744340.3050641571,1055345.6517960075,-756928.4937761901,-2042757.4630839746,4455949.5,4262107.6296,min_headroom,-6536.195316415979,6536.195316415979,52144.32742359993,-51656.75450789384,12.0,25216.121833333335,-5604.019833333336,U,5958130.226093564,4482345.485293563,-7423493.324228266,-11905838.80952083,min,11905838.80952183,4482345.485293563,False,False,-4991202.922118414,0.0,4991202.922118414,,,,,,,-9015.557,24254.49219422601,,-33270.04919422604,0.7442027499953974,,18050.259790684897,,,,11586.949200000001,1000.0,1.0,dashboard_retrospective,none
2017-06-30,29367.143,11746.8572,29367.143,,2.260952380952381,1216.6858115495556,1.0,1.3350851650920204,0.9630603734213404,5958948.366357974,5958948.366357974,5958948.366357974,1562171.45,1339004.0999999999,892669.4,669502.0499999999,0.6720222008469965,0.6103261711749994,,,,,,,,,,,,0.35,0.3,0.2,0.15,4463347.0,4463347.0,399.77000000000044,399.77000000000044,119.93100000000013,19.58873000000002,116.33307000000015,129.72536500000012,126.12743500000016,0.32449999999999996,0.6755,0.3,0.048999999999999995,0.29100000000000004,0.64,0.5,0.35,allocation_proxy,False,,,,,0.2,-222373.42991480025,-910401.404269753,-2720132.878149004,-4004157.793180444,-1964266.3763785004,1741892.9464637002,1053864.9721087473,-755866.5017705038,-2039891.4168019434,,,min_headroom,-6536.195316415979,6536.195316415979,52144.32742359993,-51656.75450789384,12.0,25497.746666666662,3869.3963333333377,U,5976257.586163856,,,-11905838.80952083,min,11905838.80952183,,False,False,-4973075.562048122,0.0,4973075.562048122,0.0014582087297512055,4308.838082632794,,,,,9755.041000000001,-8372.319070291705,,18127.360070291907,0.7389116900504352,,-6186.404433870733,,,,11746.8572,1000.0,1.0,dashboard_retrospective,none
2017-09-30,29687.918,11875.167200000002,29687.918,,2.2414285714285715,1229.975575255879,1.0,1.3350851650920204,0.9630603734213404,5948686.901779076,5948686.901779076,5948686.901779076,1559481.3499999999,1336698.3,891132.2000000001,668349.15,0.6727209725855303,0.6110429761760715,,,,,,,,,,,,0.35,0.3,0.2,0.15,4455661.0,4455661.0,320.77500000000146,320.77500000000146,96.23250000000043,15.71797500000007,93.34552500000044,104.09148750000047,101.20451250000048,0.3245,0.6755,0.3,0.048999999999999995,0.29100000000000004,0.64,0.5,0.35,allocation_proxy,False,,,,,0.2,-221990.49706590342,-908833.6692957039,-2715448.7383540357,-3997262.528976611,-1960883.8584230635,1738893.3613571601,1052050.1891273595,-754564.8799309721,-2036378.6705535473,,,min_headroom,-6536.195316415979,6536.195316415979,52144.32742359993,-51656.75450789384,12.0,25790.757916666666,3897.160083333336,U,5986839.825742753,,,-11905838.80952083,min,11905838.80952183,,False,False,-4962493.322469225,0.0,4962493.322469225,,,,,,,320.77500000000146,-10261.464578897692,,10582.239578897133,0.6723715867162634,,-6899.517220946175,,,,11875.167200000002,1000.0,1.0,dashboard_retrospective,none
2017-12-31,30187.233,12074.8932,30187.233,,2.371451612903226,1250.6622820286102,1.0,1.3350851650920204,0.9630603734213404,5939366.6722415695,5939366.6722415695,5939366.6722415695,1557038.0,1334604.0,889736.0,667302.0,0.6640100072234426,0.6063852854217694,1.1336711857246093,4145757.2648,4249133.8432,4197445.554,4145757.2648,,-0.2595528320214819,-0.0037353107324231,-1.1694616093938777,-0.1316440713769525,-1.1694616093938777,0.35,0.3,0.2,0.15,4448680.0,4448680.0,499.3149999999987,499.3149999999987,149.7944999999996,24.466434999999933,145.30066499999964,162.02771749999957,157.5338824999996,0.3245,0.6755,0.3,0.048999999999999995,0.29100000000000004,0.64,0.5,0.35,allocation_proxy,False,,,1.16,-0.0263288142753905,0.2,-221642.68881477814,-907409.7351487045,-2711194.2522873334,-3990999.7343621226,-1957811.6026532347,1736168.9138384566,1050401.8675045301,-753382.6496340986,-2033188.1317088879,4455887.0,4145757.2648,min_headroom,-13214.368122113869,13214.368122113869,157215.77927201445,-157215.77927201445,12.0,26100.091916666668,4087.141083333332,U,5996659.37028026,4288173.899880259,-7617664.90964157,-11905838.80952083,min,11905838.80952183,4288173.899880259,False,False,-4952673.777931718,0.0,4952673.777931718,,,,,,,499.3149999999987,-9320.229537506588,,9819.544537506998,0.6683654899044864,,-6229.319780857855,,,,12074.8932,1000.0,1.0,dashboard_retrospective,none
2018-03-31,30415.088,12166.0352,20656.516,20656.516,2.7585245901639346,1260.1023540707092,10.0,1.3350851650920204,0.9630603734213404,5863958.391946842,5863958.391946842,5863958.391946842,1537269.2999999998,1317659.4,878439.6000000001,658829.7,0.7903735267696961,0.7838617080444402,,,,,,,,,,,,0.35,0.3,0.2,0.15,4392198.0,4392198.0,227.85499999999956,227.85499999999956,68.35649999999987,11.164894999999978,66.30580499999988,73.93894749999986,71.88825249999987,0.3245,0.6755,0.3,0.048999999999999995,0.29100000000000004,0.64,0.5,0.35,allocation_proxy,False,,,,,0.2,-218828.63557884382,-895888.943214767,-2676771.98011723,-3940328.603375798,-1932954.5405716598,1714125.904992816,1037065.5973568928,-743817.4395455704,-2007374.0628041383,,,min_headroom,-13214.368122113869,13214.368122113869,157215.77927201445,-157215.77927201445,12.0,26296.88333333333,-5640.367333333332,U,6062536.933574988,,,-11905838.80952083,min,11905838.80952183,,False,False,-4886796.214636991,0.0,4886796.214636991,0.003081584010033469,2038.9466218418445,,,,,-9530.717,-75408.28029472753,,65877.56329472736,0.7271917669965693,,-54836.28059369549,,,,12166.0352,1000.0,1.0,dashboard_retrospective,none
2018-06-30,30984.47,12393.788,30984.47,,2.920625,1283.6919487667851,1.0,1.3350851650920204,0.9630603734213404,5748197.162537208,5748197.162537208,5748197.162537208,1506921.8499999999,1291647.3,861098.2000000001,645823.65,0.6291354658817534,0.5818001602534745,,,,,,,,,,,,0.35,0.3,0.2,0.15,4305491.0,4305491.0,569.3820000000014,569.3820000000014,170.8146000000004,27.899718000000068,165.69016200000044,184.76445900000044,179.64002100000047,0.32449999999999996,0.6755,0.3,0.048999999999999995,0.29100000000000004,0.64,0.5,0.35,allocation_proxy,False,,,,,0.2,-214508.70862993697,-878203.073270078,-2623929.447043807,-3862542.020846298,-1894795.81244753,1680287.103817593,1016592.7391774519,-729133.6345962768,-1967746.208398768,,,min_headroom,-19090.076971360948,19090.076971360948,157120.6591097108,-157120.6591097108,12.0,26620.59825,4363.871750000002,U,6188626.116984622,,,-11905838.80952083,min,11905838.80952183,,False,False,-4760707.031227357,0.0,4760707.031227357,,,,,,,10327.954000000002,-115761.22940963414,,126089.18340963405,0.7097544963257247,,-82162.05307368156,,,,12393.788,1000.0,1.0,dashboard_retrospective,none
2018-09-30,31299.582,12519.8328,31299.582,,2.923809523809524,1296.7470934040762,1.0,1.3350851650920204,0.9630603734213404,5597890.604480818,5597890.604480818,5597890.604480818,1467518.15,1257872.7,838581.8,628936.35,0.6290570654832427,0.5818809924256327,1.9178718523829779,3767955.1662,3930521.1108,3849238.1385,3767955.1662,,0.2308053975330621,-0.1520868737032836,-0.8943103324336972,0.0393592619148892,-0.8943103324336972,0.35,0.3,0.2,0.15,4192909.0,4192909.0,315.11199999999735,315.11199999999735,94.5335999999992,15.440487999999869,91.69759199999925,102.25384399999913,99.41783599999918,0.32449999999999996,0.6755,0.3,0.048999999999999995,0.29100000000000004,0.64,0.5,0.35,allocation_proxy,False,,,1.91,0.00787185238297784,0.2,-208899.63420962682,-855239.4070134555,-2555317.707986151,-3761542.4587078756,-1845249.8019792773,1636350.1677696505,990010.3949658218,-710067.9060068736,-1916292.6567285983,4255653.0,3767955.1662,min_headroom,101747.52436574223,101747.52436574223,723765.8749850952,-723765.8749850952,12.0,26946.591,4352.990999999998,U,6339247.787041012,3875158.119441012,-8030680.690080818,-11905838.80952083,min,11905838.80952183,3875158.119441012,False,False,-4610085.361170966,0.0,4610085.361170966,,,,,,,315.11199999999735,-150306.5580563899,,150621.67005639058,0.6290962656824981,,-94557.29438086449,,,,12519.8328,1000.0,1.0,dashboard_retrospective,none
2018-12-31,31651.481,12660.5924,31651.481,,3.0411475409836064,1311.3263298111883,1.0,1.3350851650920204,0.9630603734213404,5441321.161914982,5441321.161914982,5441321.161914982,1426472.5999999999,1222690.8,815127.2000000001,611345.4,0.6226372023499979,0.5768431445275136,,,,,,,,,,,,0.35,0.3,0.2,0.15,4075636.0,4075636.0,351.89900000000125,351.89900000000125,105.56970000000037,17.243051000000058,102.40260900000038,114.1912255000004,111.02413450000041,0.32449999999999996,0.6755,0.3,0.048999999999999995,0.29100000000000004,0.64,0.5,0.35,allocation_proxy,False,,,,,0.2,-203056.84420329338,-831318.9043317401,-2483847.095681267,-3656334.506720354,-1793639.3377341635,1590582.4935308702,962320.4334024234,-690207.7579471034,-1862695.1689861903,,,min_headroom,101747.52436574223,101747.52436574223,723765.8749850952,-723765.8749850952,12.0,27289.173833333334,4362.307166666666,U,6496169.1286068475,,,-11905838.80952083,min,11905838.80952183,,False,False,-4453164.019605131,0.0,4453164.019605131,0.026256354251789658,239.3015133375312,,,,,351.89900000000125,-156569.442565836,,156921.3415658353,0.6258471339166203,,-97988.53688875136,,,,12660.592400000001,1000.0,1.0,dashboard_retrospective,none
2019-03-31,31932.836,12773.1344,21539.982,21539.982,2.652950819672131,1322.9829161024911,10.0,1.3350851650920204,0.9630603734213404,5281085.575485802,5281085.575485802,5281085.575485802,1384465.95,1186685.0999999999,791123.4,593342.5499999999,0.7955933934362737,0.7901389514649153,,,,,,,,,,,,0.35,0.3,0.2,0.15,3955617.0,3955617.0,281.35499999999956,281.35499999999956,84.40649999999987,13.786394999999978,81.87430499999988,91.29969749999985,88.76750249999986,0.32449999999999996,0.6755,0.3,0.048999999999999995,0.29100000000000004,0.64,0.5,0.35,allocation_proxy,False,,,,,0.2,-197077.24264308656,-806838.2923293456,-2410702.9668688383,-3548663.063254335,-1740820.3912739013,1543743.1486308149,933982.0989445557,-669882.575594937,-1807842.6719804336,,,min_headroom,101747.52436574223,101747.52436574223,723765.8749850952,-723765.8749850952,12.0,27517.096250000002,-5977.114250000002,U,6646293.216036027,,,-11905838.80952083,min,11905838.80952183,,False,False,-4303039.932175951,0.0,4303039.932175951,,,,,,,-10111.499,-160235.58642917965,,150124.0874291798,0.7091152978931358,,-113625.50560380903,,,,12773.1344,1000.0,1.0,dashboard_retrospective,none
2019-06-30,32292.796,12917.1184,32292.796,,2.338888888888889,1337.896121133208,1.0,1.3350851650920204,0.9630603734213404,5109126.60622195,5109126.60622195,5109126.60622195,1339385.95,1148045.0999999999,765363.4,574022.5499999999,0.6652600788775263,0.6064527277790682,2.3253704260923262,3331909.3106,3517836.5404,3424872.9255,3331909.3106,,-0.0888263725161545,-0.5574693665605865,-0.3370726093004945,-0.3231478695383705,-0.3370726093004945,0.35,0.3,0.2,0.15,3826817.0,3826817.0,359.9599999999991,359.9599999999991,107.98799999999973,17.638039999999954,104.74835999999976,116.80701999999971,113.56737999999974,0.32449999999999996,0.6755,0.3,0.048999999999999995,0.29100000000000004,0.64,0.5,0.35,allocation_proxy,False,,,2.39,-0.0646295739076741,0.2,-190660.15300765686,-780566.595132165,-2332207.363747326,-3433114.0092010335,-1684137.0302720454,1493476.8772643886,903570.4351398804,-648070.3334752808,-1748976.978928988,3889691.0,3331909.3106,min_headroom,210646.06039837934,210646.06039837934,1606879.0251068291,-1606879.0251068291,12.0,27864.63783333333,4428.158166666668,U,6829004.99929988,3492823.620499881,-8413015.189021949,-11905838.80952083,min,11905838.80952183,3492823.620499881,False,False,-4120328.1489120983,0.0,4120328.1489120983,,,,,,,10752.813999999998,-171958.96926385257,,182711.78326385282,0.7304267361568999,,-125603.4286723005,,,,12917.1184,1000.0,1.0,dashboard_retrospective,none
2019-09-30,32667.255,13066.902000000002,32667.255,,1.79796875,1353.4100222405457,1.0,1.3350851650920204,0.9630603734213404,5150378.067652963,5150378.067652963,5150378.067652963,1350200.25,1157314.5,771543.0,578657.25,0.7052285346200098,0.6272615780850553,,,,,,,,,,,,0.35,0.3,0.2,0.15,3857715.0,3857715.0,374.45900000000256,374.45900000000256,112.33770000000077,18.348491000000124,108.96756900000076,121.51194550000082,118.14181450000083,0.32449999999999996,0.6755,0.3,0.048999999999999995,0.29100000000000004,0.64,0.5,0.35,allocation_proxy,False,,,,,0.2,-192199.557010417,-786868.9468402278,-2351037.776365715,-3460833.2224940374,-1697734.8756775993,1505535.3186671822,910865.9288373715,-653302.9006881157,-1763098.346816438,,,min_headroom,210646.06039837934,210646.06039837934,1606879.0251068291,-1606879.0251068291,12.0,28214.511416666664,4452.743583333337,U,6788127.9968688665,,,-11905838.80952083,min,11905838.80952183,,False,False,-4161205.151343112,0.0,4161205.151343112,0.06030824435624734,104.18451696361991,,,,,374.45900000000256,41251.46143101342,,-40877.00243101362,0.685244306748768,,28267.329090668332,,,,13066.902000000002,1000.0,1.0,dashboard_retrospective,none
2019-12-31,32944.37,13177.748,32944.37,,1.7919354838709676,1364.8909445988272,1.0,1.3350851650920204,0.9630603734213404,5561418.747940835,5561418.747940835,5561418.747940835,1457956.8499999999,1249677.3,833118.2000000001,624838.65,0.7037565589472785,0.6269655361526506,,,,,,,,,,,,0.35,0.3,0.2,0.15,4165591.0,4165591.0,277.1150000000016,277.1150000000016,83.13450000000047,13.578635000000077,80.64046500000048,89.92381750000051,87.42978250000051,0.32449999999999996,0.6755,0.3,0.048999999999999995,0.29100000000000004,0.64,0.5,0.35,allocation_proxy,False,,,,,0.2,-207538.59341257194,-849667.2779448796,-2538669.083094276,-3737034.934960763,-1833227.4723531227,1625688.8789405506,983560.194408243,-705441.6107411534,-1903807.4626076403,,,min_headroom,210646.06039837934,210646.06039837934,1606879.0251068291,-1606879.0251068291,12.0,28574.237333333334,4370.132666666668,U,6377364.431580995,,,-11905838.80952083,min,11905838.80952183,,False,False,-4571968.716630983,0.0,4571968.716630983,,,,,,,277.1150000000016,411040.6802878715,,-410763.5652878713,0.7044925467836441,,289575.09568768425,,,,13177.748000000001,1000.0,1.0,dashboard_retrospective,none
2020-03-31,33858.543,13543.4172,21354.105,21354.105,1.365,1402.7652900331682,10.0,1.3350851650920204,0.9630603734213404,7014908.61106937,7014908.61106937,7014908.61106937,1838997.2999999998,1576283.4,1050855.6,788141.7,0.8597975548423964,0.8530940646364724,1.4780574017841213,3785478.782,3914861.188,3850169.985,3785478.782,,-0.8101388627972369,0.0907128806384497,-0.7009430870615804,-0.3597129910793936,-0.7009430870615804,0.35,0.3,0.2,0.15,5254278.0,5254278.0,914.1729999999952,914.1729999999952,274.25189999999856,44.79447699999976,266.0243429999986,296.64913849999846,288.4215814999985,0.3245,0.6755,0.3,0.048999999999999995,0.29100000000000004,0.64,0.5,0.35,allocation_proxy,False,,,1.55,-0.07194259821587871,0.2,-261779.29266666403,-1071729.8183680698,-3202156.2156684194,-4713717.799946219,-2312345.781662343,2050566.488995679,1240615.9632942732,-889810.4340060763,-2401372.0182838757,4173626.0,3785478.782,min_headroom,168529.60560505977,168529.60560505977,2364123.161499547,-639004.412101576,12.0,28719.404250000003,-7365.299250000004,U,4912284.30345246,2483241.8674524594,-9422596.94206937,-11905838.80952083,min,11905838.80952183,2483241.8674524594,False,False,-6037048.844759518,0.0,6037048.844759518,,,,,,,-11590.265000000003,1453489.8631285354,,-1465080.128128535,0.7817770568948375,,1136305.0274231066,,,,13543.4172,1000.0,1.0,dashboard_retrospective,none
2020-06-30,34524.966,13809.986400000002,34524.966,,0.6876190476190476,1430.3753101359166,1.0,1.3350851650920204,0.9630603734213404,9455476.334901545,9455476.334901545,9455476.334901545,2478805.6999999997,2124690.6,1416460.4000000001,1062345.3,0.81330725640089,0.6557543878132164,-0.14625558289244195,5794172.179,5799983.786,5797077.9825,5794172.179,,-2.021041924981761,0.0584860960573418,2.8551520725825337,-0.9812779144622096,2.8551520725825337,0.35,0.3,0.2,0.15,7082302.0,7082302.0,666.4230000000025,666.4230000000025,199.92690000000076,32.65472700000012,193.92909300000076,216.25426350000083,210.2564565000008,0.3245,0.6755,0.3,0.048999999999999995,0.29100000000000004,0.64,0.5,0.35,allocation_proxy,False,,,0.05,-0.19625558289244194,0.2,-352855.33198123507,-1444597.0000231843,-4316223.346107854,-6353674.663197247,-3116837.5853273803,2763982.253346145,1672240.585304196,-1199385.7607804732,-3236837.077869867,5811607.0,5794172.179,min_headroom,115248.95535258809,115248.95535258809,3701713.921359699,698586.3477585766,12.0,29149.222833333333,5375.743166666667,U,2484887.4406202845,4073231.7986202836,-7832607.010901546,-11905838.80952083,min,11905838.80952183,4073231.7986202836,False,False,-8464445.707591694,0.0,8464445.707591694,0.046410684703387835,135.38230145354726,,,,,13170.861,2440567.723832175,2008693.3969999994,-2427396.8628321756,0.8365524056216431,0.6659009094458397,2041662.8004543441,1337590.7598601526,704072.0405941915,-690901.1795941915,13809.986400000002,1000.0,1.0,dashboard_retrospective,none
2020-09-30,34741.024,13896.4096,34741.024,,0.650625,1439.326630428523,1.0,1.3350851650920204,0.9630603734213404,9420533.150875593,9420533.150875593,9420533.150875593,2469645.15,2116838.6999999997,1411225.8,1058419.3499999999,0.8087382588993131,0.655403901378404,-0.14676789349037805,6971191.184,6983807.455999999,6977499.32,6971191.184,,-2.0690864655148045,-0.2985924693889757,0.956486407852318,-1.1838394674518902,0.956486407852318,0.35,0.3,0.2,0.15,7056129.0,7056129.0,216.05799999999726,216.05799999999726,64.81739999999918,10.586841999999864,62.87287799999921,70.11082099999912,68.16629899999914,0.3245,0.6755,0.3,0.048999999999999995,0.29100000000000004,0.64,0.5,0.35,allocation_proxy,False,,,0.09,-0.23676789349037805,0.2,-351551.3375167312,-1439258.4198155617,-4300272.527625715,-6330194.341832829,-3105319.156697709,2753767.819180978,1666060.7368821474,-1194953.3709280062,-3224875.1851351196,7009040.0,6971191.184,min_headroom,868075.7709726719,868075.7709726719,3874161.0216665734,526139.2474517026,12.0,29570.315000000002,5170.708999999995,U,2520046.6826462373,6462429.050646238,-5443409.758875592,-11905838.80952083,min,11905838.80952183,6462429.050646238,False,False,-8429286.465565741,0.0,8429286.465565741,0.21311720370706946,29.482299870149628,,,,,216.05799999999726,-34943.18402595259,1177019.0050000008,35159.242025952786,0.8110227576501015,-0.14651173819141,-28339.717469803047,-172447.10030687402,144107.38283707097,-143891.32483707098,13896.409599999999,1000.0,1.0,dashboard_retrospective,none
2020-12-31,35078.256,14031.3024,35078.256,,0.864516129032258,1453.2982104899706,1.0,1.3350851650920204,0.9630603734213404,9830700.685465492,9830700.685465492,9830700.685465492,2577172.8499999996,2209005.3,1472670.2000000002,1104502.65,0.7730171244812828,0.6498634394753667,,,,,,,,,,,,0.35,0.3,0.2,0.15,7363351.0,7363351.0,337.2320000000036,337.2320000000036,101.16960000000108,16.524368000000177,98.13451200000107,109.43178400000117,106.39669600000116,0.3245,0.6755,0.3,0.048999999999999995,0.29100000000000004,0.64,0.5,0.35,allocation_proxy,False,,,,,0.2,-366857.790249464,-1501923.3527061844,-4487505.261959544,-6605809.337829439,-3240523.935686158,2873666.145436694,1738600.5829799736,-1246981.3262733864,-3365285.402143281,,,min_headroom,1734053.066862137,1734053.066862137,3297721.3397839405,1102578.9293343355,12.0,29977.900250000002,5100.355749999999,U,2110216.3800563365,,,-11905838.80952083,min,11905838.80952183,,False,False,-8839116.768155642,0.0,8839116.768155642,0.2683283720830534,23.416030360124594,,,,,337.2320000000036,410167.5345898997,,-409830.3025899008,0.790877691690298,,324392.3529627603,,,,14031.3024,1000.0,1.0,dashboard_retrospective,none
2021-03-31,35521.518,14208.6072,23681.171,23681.171,1.3359016393442622,1471.6626317821297,10.0,1.3350851650920204,0.9630603734213404,10265453.813370563,10265453.813370563,10265453.813370563,2691145.8,2306696.4,1537797.6,1153348.2,0.8460820693541088,0.843769937003985,,,,,,,,,,,,0.35,0.3,0.2,0.15,7688988.0,7688988.0,443.26199999999517,443.26199999999517,132.97859999999855,21.71983799999976,128.9892419999986,143.83851899999843,139.84916099999847,0.3245,0.6755,0.3,0.048999999999999995,0.29100000000000004,0.64,0.5,0.35,allocation_proxy,False,,,,,0.2,-383081.71740484,-1568344.4447884692,-4685960.795450848,-6897944.798347723,-3383832.93899797,3000751.22159313,1815488.4942095007,-1302127.8564528776,-3514111.859349753,,,min_headroom,1734053.066862137,1734053.066862137,3297721.3397839405,1102578.9293343355,12.0,30229.954833333333,-6548.783833333335,U,1664066.1671512667,,,-11905838.80952083,min,11905838.80952183,,False,False,-9285266.981060712,0.0,9285266.981060712,,,,,,,-11397.085000000003,434753.1279050708,,-446150.2129050698,0.8095495969176958,,351954.2194542575,,,,14208.607199999999,1000.0,1.0,dashboard_retrospective,none
2021-06-30,36501.184,14600.4736,36501.184,,1.59078125,1512.250363529052,1.0,1.3350851650920204,0.9630603734213404,10785544.24994315,10785544.24994315,10785544.24994315,2827490.4,2423563.1999999997,1615708.8,1211781.5999999999,0.6979933084347483,0.624400565198756,,,,,,,,,,,,0.35,0.3,0.2,0.15,8078544.0,8078544.0,979.6660000000047,979.6660000000047,293.8998000000014,48.003634000000226,285.0828060000014,317.9016170000015,309.08462300000156,0.3245,0.6755,0.3,0.048999999999999995,0.29100000000000004,0.64,0.5,0.35,allocation_proxy,False,,,,,0.2,-402490.2249360469,-1647803.2745504635,-4923370.990867026,-7247423.271179927,-3555271.940383366,3152781.7154473187,1907468.6658329023,-1368099.0504836603,-3692151.3307965607,,,min_headroom,1734053.066862137,1734053.066862137,3297721.3397839405,1102578.9293343355,12.0,30689.680999999997,5811.503000000004,U,1156795.7435786799,,,-11905838.80952083,min,11905838.80952183,,False,False,-9792537.404633299,0.0,9792537.404633299,,,,,,,12820.013000000003,520090.4365725871,,-507270.42357258685,0.7720376888944285,,401529.4186675945,,,,14600.473600000001,1000.0,1.0,dashboard_retrospective,none
2021-09-30,37020.106,14808.0424,37020.106,,1.32484375,1533.7493917014867,1.0,1.3350851650920204,0.9630603734213404,11278774.10807925,11278774.10807925,11278774.10807925,2956793.3499999996,2534394.3,1689596.2000000002,1267197.15,0.719440088945269,0.6344196584901289,-0.02904870369263597,8309096.969599999,8322455.6464,8315776.308,8309096.969599999,,-1.2324560921651877,0.1419690552388278,0.0435377478005611,-0.5452435184631799,0.0435377478005611,0.35,0.3,0.2,0.15,8447981.0,8447981.0,518.9219999999987,518.9219999999987,155.67659999999958,25.42717799999993,151.00630199999964,168.39018899999954,163.7198909999996,0.32449999999999996,0.6755,0.3,0.048999999999999995,0.29100000000000004,0.64,0.5,0.35,allocation_proxy,False,,,0.08,-0.10904870369263597,0.2,-420896.3611444649,-1723158.3754622242,-5148519.904922943,-7578852.587036212,-3717856.807141461,3296960.445996996,1994698.4316792367,-1430663.0977814817,-3860995.779894751,8349173.0,8309096.969599999,min_headroom,3804522.055946245,3804522.055946245,2490210.256153842,1910090.0129644347,12.0,31166.391333333333,5853.714666666667,U,664084.8074425794,7282278.7466425765,-4623560.062879253,-11905838.80952083,min,11905838.80952183,7282278.7466425765,False,False,-10285248.340769399,0.0,10285248.340769399,,,,,,,518.9219999999987,493229.8581361007,,-492710.93613610044,0.7087166986900086,,349560.23675355857,,,,14808.0424,1000.0,1.0,dashboard_retrospective,none
2021-12-31,37789.75,15115.9,37789.75,,1.5333870967741934,1565.6358756793202,1.0,1.3350851650920204,0.9630603734213404,11691954.929886764,11691954.929886764,11691954.929886764,3065111.0,2627238.0,1751492.0,1313619.0,0.7012566875553986,0.6267167819169559,-0.03549524856740045,8608880.0704,8622720.7136,8615800.391999999,8608880.0704,,-1.1336123271704277,-0.0213401585035767,0.2437808115385963,-0.5774762428370023,0.2437808115385963,0.35,0.3,0.2,0.15,8757460.0,8757460.0,769.6440000000002,769.6440000000002,230.89320000000006,37.712556000000006,223.9664040000001,249.74947800000007,242.8226820000001,0.3245,0.6755,0.3,0.048999999999999995,0.29100000000000004,0.64,0.5,0.35,allocation_proxy,False,,,0.08,-0.11549524856740045,0.2,-436315.26241219125,-1786283.6749722105,-5337128.140625136,-7856492.38283871,-3854054.8652120624,3417739.602799871,2067771.1902398518,-1483073.2754130736,-4002437.517626648,8650402.0,8608880.0704,min_headroom,4141386.757804201,4141386.757804201,2499884.8492270424,1900415.4198912343,12.0,31677.913750000003,6111.836249999997,U,251673.6296350658,7469433.770435065,-4436405.039086765,-11905838.80952083,min,11905838.80952183,7469433.770435065,False,False,-10697659.518576913,0.0,10697659.518576913,0.5686937979013158,11.048450555231646,,,,,769.6440000000002,413180.821807513,299783.10080000106,-412411.1778075136,0.7103483882503339,-0.03227197613001821,293502.3308269153,-9674.593073200478,303176.92390011577,-302407.2799001158,15115.900000000001,1000.0,1.0,dashboard_retrospective,none
2022-03-31,38500.396,15400.1584,26006.893,26006.893,1.9511290322580648,1595.0780623174433,10.0,1.3350851650920204,0.9630603734213404,11931845.702520829,11931845.702520829,11931845.702520829,3127999.6999999997,2681142.6,1787428.4000000001,1340571.3,0.8132270399977377,0.8101426963208014,,,,,,,,,,,,0.35,0.3,0.2,0.15,8937142.0,8937142.0,710.6460000000006,710.6460000000006,213.19380000000018,34.82165400000003,206.7979860000002,230.6046270000002,224.20881300000022,0.32449999999999996,0.6755,0.3,0.048999999999999995,0.29100000000000004,0.64,0.5,0.35,allocation_proxy,False,,,,,0.2,-445267.40138636273,-1822933.9163991034,-5446633.16360712,-8017688.695962975,-3933130.7943388904,3487863.392952528,2110196.8779397868,-1513502.3692682292,-4084557.9016240845,,,min_headroom,4141386.757804201,4141386.757804201,2499884.8492270424,1900415.4198912343,12.0,32050.156333333332,-6043.263333333332,U,1.000240445137024e-06,,,-11905838.80952083,min,11905838.80952183,,False,False,-10949333.148210978,0.0,10949333.148210978,0.5544445382454983,11.332396432404753,,,,,-11782.857,239890.77263406478,,-251673.62963406555,0.7572418637765681,,181655.33577222016,,,,15400.1584,1000.0,1.0,dashboard_retrospective,none
2022-06-30,39161.661,15664.6644,39161.661,,2.9325806451612904,1622.4743855884649,1.0,1.3350851650920204,0.9630603734213404,11900352.378561473,11900352.378561473,11900352.378561473,3119743.55,2674065.9,1782710.6,1337032.95,0.6146622654171751,0.5640313301062232,1.4146496015883407,8267817.37,8483561.58,8375689.475,8267817.37,,0.4780374880658215,1.568458527817587,1.1298408323928582,1.0232480079417043,1.1298408323928582,0.35,0.3,0.2,0.15,8913553.0,8913553.0,661.2649999999994,661.2649999999994,198.3794999999998,32.40198499999997,192.42811499999985,214.5804924999998,208.62910749999983,0.32449999999999996,0.6755,0.3,0.048999999999999995,0.29100000000000004,0.64,0.5,0.35,allocation_proxy,False,,,1.21,0.2046496015883409,0.2,-444092.1472915634,-1818122.401917859,-5432257.132690712,-7996526.532639502,-3922749.553634909,3478657.4063433455,2104627.15171705,-1509507.579055803,-4073776.9790045926,8915050.0,8267817.37,min_headroom,5680379.121259736,5680379.121259736,1872514.5284829244,802666.9912373808,12.0,32622.561750000004,6539.099249999996,U,44648.0919603575,6580282.831960358,-5325555.977561472,-11905838.80952083,min,11905838.80952183,6580282.831960358,False,False,-10904685.05625162,0.0,10904685.05625162,,,,,,,13154.768,-31493.323959356174,,44648.09195935726,0.7139446527074564,,-22484.49023676596,,,,15664.664400000001,1000.0,1.0,dashboard_retrospective,none
2022-09-30,39631.13,15852.452,39631.13,,3.10109375,1641.9245674213505,1.0,1.3350851650920204,0.9630603734213404,11742831.020272925,11742831.020272925,11742831.020272925,3078448.4499999997,2638670.1,1759113.4000000001,1319335.05,0.6069967357312183,0.5567346113272192,,,,,,,,,,,,0.35,0.3,0.2,0.15,8795567.0,8795567.0,469.4689999999973,469.4689999999973,140.8406999999992,23.003980999999868,136.61547899999923,152.34269049999915,148.11746949999917,0.32450000000000007,0.6755,0.3,0.048999999999999995,0.29100000000000004,0.64,0.5,0.35,allocation_proxy,False,,,,,0.2,-438213.8341104624,-1794056.466626659,-5360351.991154262,-7890678.934102756,-3870825.306498535,3432611.4723880724,2076768.839871876,-1489526.684655727,-4019853.627604221,,,min_headroom,5680379.121259736,5680379.121259736,1872514.5284829244,802666.9912373808,12.0,33202.88466666667,6428.245333333325,U,202638.91924890503,,,-11905838.80952083,min,11905838.80952183,,False,False,-10746694.228963073,0.0,10746694.228963073,0.8632423964620791,7.278587489366432,,,,,469.4689999999973,-157521.35828854702,,157990.82728854753,0.6108295005741966,,-96218.69261316226,,,,15852.452,1000.0,1.0,dashboard_retrospective,none
2022-12-31,39978.418,15991.3672,39978.418,,3.82672131147541,1656.3127693013023,1.0,1.3350851650920204,0.9630603734213404,11416538.876094766,11416538.876094766,11416538.876094766,2992909.15,2565350.6999999997,1710233.8,1282675.3499999999,0.5762734228837397,0.5250775731223333,,,,,,,,,,,,0.35,0.3,0.2,0.15,8551169.0,8551169.0,347.28800000000047,347.28800000000047,104.18640000000013,17.017112000000022,101.06080800000015,112.69495600000015,109.56936400000016,0.3245,0.6755,0.3,0.048999999999999995,0.29100000000000004,0.64,0.5,0.35,allocation_proxy,False,,,,,0.2,-426037.40652723453,-1744205.921195009,-5211406.584231193,-7671424.604036617,-3763268.628997513,3337231.2224702784,2019062.707802504,-1448137.95523368,-3908155.975039104,,,min_headroom,5680379.121259736,5680379.121259736,1872514.5284829244,802666.9912373808,12.0,33789.05533333333,6189.362666666668,U,529278.3514270633,,,-11905838.80952083,min,11905838.80952183,,False,False,-10420054.796784915,0.0,10420054.796784915,,,,,,,347.28800000000047,-326292.14417815953,,326639.4321781583,0.5916350793074789,,-193045.87859825278,,,,15991.3672,1000.0,1.0,dashboard_retrospective,none
2023-03-31,40258.212,16103.2848,27720.709,27720.709,3.646290322580645,1667.904683092736,10.0,1.3350851650920204,0.9630603734213404,11623174.012351554,11623174.012351554,11623174.012351554,3047079.6999999997,2611782.6,1741188.4000000001,1305891.3,0.7494832213700707,0.7085290155883766,4.7454775140751995,6067013.151000001,6840224.433999999,6453618.7924999995,6067013.151000001,,0.8628360502540506,0.4919390904979427,0.1583835678398824,0.6773875703759967,0.1583835678398824,0.35,0.3,0.2,0.15,8705942.0,8705942.0,279.7940000000017,279.7940000000017,83.9382000000005,13.709906000000082,81.4200540000005,90.79315300000054,88.27500700000054,0.3245,0.6755,0.3,0.048999999999999995,0.29100000000000004,0.64,0.5,0.35,allocation_proxy,False,,,4.61,0.13547751407519934,0.2,-433748.5262022684,-1775775.404038947,-5305731.118252356,-7810274.555457359,-3831382.4009877327,3397633.8747854643,2055606.9969487856,-1474348.717264623,-3978892.1544696265,8386647.0,6067013.151000001,min_headroom,7940968.732560895,7940968.732560895,7313540.641487081,-7313540.641487081,12.0,34319.60566666666,-6598.896666666664,U,310385.50617027655,2444411.8081702776,-9461427.001351552,-11905838.80952083,min,11905838.80952183,2444411.8081702776,False,False,-10638947.642041702,0.0,10638947.642041702,,,,,,,-12257.708999999999,206635.13625678793,,-218892.8452567868,0.6628783221269052,,136973.95241436403,,,,16103.284800000001,1000.0,1.0,dashboard_retrospective,none
2023-06-30,40466.661,16186.6644,40466.661,,3.5957142857142856,1676.5407611998808,1.0,1.3350851650920204,0.9630603734213404,11135830.544708343,11135830.544708343,11135830.544708343,2919319.9,2502274.1999999997,1668182.8,1251137.0999999999,0.5836911359311512,0.533855502846446,,,,,,,,,,,,0.35,0.3,0.2,0.15,8340914.0,8340914.0,208.44900000000052,208.44900000000052,62.53470000000016,10.214001000000025,60.65865900000016,67.64170050000017,65.76565950000017,0.3245,0.6755,0.3,0.048999999999999995,0.29100000000000004,0.64,0.5,0.35,allocation_proxy,False,,,,,0.2,-415562.055740765,-1701319.6192214594,-5083269.215952361,-7482800.641614435,-3670737.883132255,3255175.8273914903,1969418.2639107958,-1412531.3328201058,-3812062.75848218,,,min_headroom,5062067.431640927,5062067.431640927,7141093.541180206,-7141093.541180206,12.0,34814.74691666666,5651.914083333337,U,810474.9258134868,,,-11905838.80952083,min,11905838.80952183,,False,False,-10138858.222398492,0.0,10138858.222398492,2.0708734161409774,3.0340750227448234,,,,,12745.952000000001,-487343.46764321066,,500089.41964321025,0.666587178650611,,-324856.90713009314,,,,16186.664400000001,1000.0,1.0,dashboard_retrospective,none
2023-09-30,40677.593,16271.0372,40677.593,,4.14968253968254,1685.2797104262925,1.0,1.3350851650920204,0.9630603734213404,10683436.936516913,10683436.936516913,10683436.936516913,2800722.4,2400619.1999999997,1600412.8,1200309.5999999999,0.5618069605734628,0.5103578122938895,,,,,,,,,,,,0.35,0.3,0.2,0.15,8002064.0,8002064.0,210.9320000000007,210.9320000000007,63.27960000000021,10.335668000000034,61.38121200000021,68.44743400000023,66.54904600000023,0.3245,0.6755,0.3,0.048999999999999995,0.29100000000000004,0.64,0.5,0.35,allocation_proxy,False,,,,,0.2,-398679.82885438803,-1632203.4344756159,-4876761.179324066,-7178811.534735855,-3521613.994347481,3122934.165493093,1889410.5598718652,-1355147.1849765852,-3657197.5403883737,,,min_headroom,1736166.161223583,1736166.161223583,7023480.519892378,-7023480.519892378,12.0,35309.461,5368.131999999998,U,1263079.4660049174,,,-11905838.80952083,min,11905838.80952183,,False,False,-9686253.682207061,0.0,9686253.682207061,,,,,,,210.9320000000007,-452393.60819143057,,452604.5401914306,0.572749048252307,,-259108.00852706892,,,,16271.0372,1000.0,1.0,dashboard_retrospective,none
2023-12-31,40901.485,16360.594,40901.485,,4.4470967741935485,1694.5555946932589,1.0,1.3350851650920204,0.9630603734213404,10297219.494703598,10297219.494703598,10297219.494703598,2699473.3499999996,2313834.3,1542556.2000000002,1156917.15,0.5509889299492259,0.4984511162145333,5.474105366510645,5350904.8528,6189491.2352,5770198.044000001,5350904.8528,,1.4213430354805612,0.0197106296258837,-0.7406406029570786,0.7205268325532225,-0.7406406029570786,0.35,0.3,0.2,0.15,7712781.0,7712781.0,223.89199999999983,223.89199999999983,67.16759999999995,10.97070799999999,65.15257199999996,72.65295399999995,70.63792599999996,0.3245,0.6755,0.3,0.048999999999999995,0.29100000000000004,0.64,0.5,0.35,allocation_proxy,False,,,5.33,0.1441053665106445,0.2,-384267.135213037,-1573197.569721796,-4700461.151701393,-6919289.974148112,-3394303.957696085,3010036.822483048,1821106.3879742888,-1306157.1940053077,-3524986.0164520275,7866664.0,5350904.8528,min_headroom,2628882.7246186994,2628882.7246186994,10682644.572357468,-10682644.572357468,12.0,35794.730083333336,5106.754916666665,U,1649520.7998182308,2351330.5054182317,-9554508.304103598,-11905838.80952083,min,11905838.80952183,2351330.5054182317,False,False,-9299812.348393748,0.0,9299812.348393748,,,,,,,223.89199999999983,-386217.44181331433,,386441.3338133134,0.5563979452613443,,-214890.5910490209,,,,16360.594000000001,1000.0,1.0,dashboard_retrospective,none
2024-03-31,41167.637,16467.0548,29184.89,29184.89,4.15639344262295,1705.582318066232,10.0,1.3350851650920204,0.9630603734213404,9992764.003485683,9992764.003485683,9992764.003485683,2619658.65,2245421.6999999997,1496947.8,1122710.8499999999,0.7322403774918937,0.678702383212935,,,,,,,,,,,,0.35,0.3,0.2,0.15,7484739.0,7484739.0,266.15200000000186,266.15200000000186,79.84560000000056,13.04144800000009,77.45023200000055,86.3663240000006,83.9709560000006,0.3245,0.6755,0.3,0.048999999999999995,0.29100000000000004,0.64,0.5,0.35,allocation_proxy,False,,,,,0.2,-372905.5982981095,-1526683.2034777012,-4561483.711274095,-6714708.938554767,-3293945.362901168,2921039.7646030583,1767262.1594234668,-1267538.348372927,-3420763.5756535986,,,min_headroom,2628882.7246186994,2628882.7246186994,10682644.572357468,-10682644.572357468,12.0,36253.37333333334,-7068.483333333337,U,1942259.696036147,,,-11905838.80952083,min,11905838.80952183,,False,False,-9007073.452175831,0.0,9007073.452175831,1.1180404960344354,5.619819075843265,,,,,-11716.595000000001,-304455.49121791497,,292738.89621791616,0.6416146537205598,,-195343.10457110545,,,,16467.0548,1000.0,1.0,dashboard_retrospective,none
2024-06-30,41498.171,16599.2684,41498.171,,4.448730158730158,1719.2763988297136,1.0,1.3350851650920204,0.9630603734213404,9654218.447662309,9654218.447662309,9654218.447662309,2530907.05,2169348.9,1446232.6,1084674.45,0.549853006744936,0.49767132682036397,5.3850216680988385,5007954.8148,5792794.543199999,5400374.6790000005,5007954.8148,-0.6276293296221668,0.9494594667354244,0.5034948843693247,-0.8593572288727269,0.2751083404941941,-0.8593572288727269,0.35,0.3,0.2,0.15,7231163.0,7231163.0,330.53399999999965,330.53399999999965,99.16019999999989,16.19616599999998,96.18539399999992,107.25828299999988,104.2834769999999,0.32449999999999996,0.6755,0.3,0.048999999999999995,0.29100000000000004,0.64,0.5,0.35,allocation_proxy,False,,,5.33,0.05502166809883882,0.2,-360271.9032562328,-1474960.5956479476,-4406944.883190705,-6487220.841267344,-3182349.5558405574,2822077.6525843246,1707388.9601926098,-1224595.327350148,-3304871.285426786,7362474.0,5007954.8148,min_headroom,3704299.5205553323,3704299.5205553323,12544713.586940546,-12544713.586940546,12.0,36669.788916666665,4828.3820833333375,U,2293118.532859521,2309028.1624595206,-9596810.64706231,-11905838.80952083,min,11905838.80952183,2309028.1624595206,False,False,-8656214.615352457,0.0,8656214.615352457,,,,,,,12313.281000000003,-338545.55582337454,,350858.83682337403,0.6410466921184148,,-217023.50869196438,,,,16599.2684,1000.0,1.0,dashboard_retrospective,none
2024-09-30,41842.393,16736.9572,41842.393,,3.9546875,1733.5375757996085,1.0,1.3350851650920204,0.9630603734213404,9452481.738876244,9452481.738876244,9452481.738876244,2478020.65,2124017.6999999997,1416011.8,1062008.8499999999,0.5679053980117397,0.5184181519580675,,,,,,,,,,,,0.35,0.3,0.2,0.15,7080059.0,7080059.0,344.2219999999943,344.2219999999943,103.26659999999829,16.86687799999972,100.16860199999836,111.70003899999816,108.60204099999822,0.3245,0.6755,0.3,0.048999999999999995,0.29100000000000004,0.64,0.5,0.35,allocation_proxy,False,,,,,0.2,-352743.58095598454,-1444139.4890230815,-4314856.376870263,-6351662.423071148,-3115850.4674801193,2763106.886524135,1671710.9784570378,-1199005.909390144,-3235811.9555910286,,,min_headroom,2903416.5990722515,2903416.5990722515,12535038.993867345,-12535038.993867345,12.0,37071.646166666666,4770.746833333331,U,2495199.463645585,,,-11905838.80952083,min,11905838.80952183,,False,False,-8454133.684566393,0.0,8454133.684566393,1.2574193101133955,4.996889467693129,,,,,344.2219999999943,-201736.70878606476,,202080.9307860639,0.5588792023783378,,-112746.45089678688,,,,16736.9572,1000.0,1.0,dashboard_retrospective,none
2024-12-31,41754.849,16701.9396,41754.849,,4.275483870967742,1729.9106127447994,1.0,1.3350851650920204,0.9630603734213404,9193347.048672544,9193347.048672544,9193347.048672544,2410087.05,2065788.9,1377192.6,1032894.45,0.5545310171552267,0.5046619721892541,,,,,,,,,,,,0.35,0.3,0.2,0.15,6885963.0,6885963.0,0.0,-87.54399999999441,0.0,0.0,0.0,0.0,0.0,,,0.3,0.048999999999999995,0.29100000000000004,0.64,0.5,0.35,allocation_proxy,False,,,,,0.2,-343073.30587928917,-1404549.1835946345,-4196566.915818455,-6177535.022484737,-3030431.106944279,2687357.8010649895,1625881.9233496443,-1166135.808874176,-3147103.9155404586,,,min_headroom,1216853.0600512363,1216853.0600512363,12299849.93991248,-12299849.93991248,12.0,37402.071083333336,4352.777916666666,U,2754246.6098492853,,,-11905838.80952083,min,11905838.80952183,,False,False,-8195086.538362693,0.0,8195086.538362693,,,,,,,-87.54399999999441,-259134.69020370021,,259047.14620370045,0.5612182075834832,,-145431.10635882182,,,,16701.9396,1000.0,1.0,dashboard_retrospective,none
2025-03-31,41955.413,16782.1652,41955.413,,4.453606557377049,1738.2200139387674,1.0,1.3350851650920204,0.9630603734213404,8998811.789266985,8998811.789266985,8998811.789266985,2359088.55,2022075.9,1348050.6,1011037.95,0.5479026915000088,0.4975446125480697,4.3835459703319195,5072213.8382,5665639.5588,5368926.6985,5072213.8382,-0.7812305932864596,0.9102840273613304,0.6741361209039183,-0.3620490019528136,0.2677298516595963,-0.3620490019528136,0.35,0.3,0.2,0.15,6740253.0,6740253.0,200.5639999999985,200.5639999999985,60.16919999999954,9.827635999999925,58.36412399999956,65.0830179999995,63.27794199999953,0.32449999999999996,0.6755,0.3,0.048999999999999995,0.29100000000000004,0.64,0.5,0.35,allocation_proxy,False,,,4.33,0.05354597033191926,0.2,-335813.72411858686,-1374828.3062763023,-4107765.7175976816,-6046815.669487016,-2966305.8543698965,2630492.13025131,1591477.5480935941,-1141459.863227785,-3080509.81511712,6852491.0,5072213.8382,min_headroom,2721623.507833518,2721623.507833518,12613709.248143684,-11985990.631681275,12.0,38731.11441666667,3224.2985833333296,U,2948982.4332548454,3093410.1096548457,-8812428.699866984,-11905838.80952083,min,11905838.80952183,3093410.1096548457,False,False,-8000350.714957133,0.0,8000350.714957133,,,,,,,200.5639999999985,-194535.25940555893,,194735.8234055601,0.5512168543276177,,-107231.1137453393,,,,16782.1652,1000.0,1.0,dashboard_retrospective,none
2025-06-30,42258.354,16903.3416,42258.354,,4.361774193548388,1750.7709119419076,1.0,1.3350851650920204,0.9630603734213404,8894604.386876058,8894604.386876058,8894604.386876058,2331770.0,1998660.0,1332440.0,999330.0,0.5511694558712041,0.5015766838128425,,,,,,,,,,,,0.35,0.3,0.2,0.15,6662200.0,6662200.0,302.9409999999989,302.9409999999989,90.88229999999966,14.844108999999944,88.1558309999997,98.30435449999963,95.57788549999967,0.32449999999999996,0.6755,0.3,0.048999999999999995,0.29100000000000004,0.64,0.5,0.35,allocation_proxy,False,,,,,0.2,-331924.9578350915,-1358907.6169802502,-4060197.260218463,-5976792.763306718,-2931955.6495851306,2600030.6917500393,1573048.0326048804,-1128241.6106333323,-3044837.1137215877,,,min_headroom,666600.614405334,666600.614405334,5835092.3752793735,-5207373.758816966,12.0,38989.17216666666,3269.181833333336,U,3053492.776645772,,,-11905838.80952083,min,11905838.80952183,,False,False,-7895840.371566206,0.0,7895840.371566206,0.21549053981714422,29.15759231245706,,,,,302.9409999999989,-104207.40239092708,,104510.34339092672,0.5495360736856065,,-57265.72675888615,,,,16903.3416,1000.0,1.0,dashboard_retrospective,none
2025-09-30,42687.286,17074.9144,42687.286,,4.26109375,1768.5416388566632,1.0,1.3350851650920204,0.9630603734213404,8822770.129568283,8822770.129568283,8822770.129568283,2312938.25,1982518.5,1321679.0,991259.25,0.5552542679652999,0.5061799302396768,,,,,,,,,,,,0.35,0.3,0.2,0.15,6608395.0,6608395.0,428.9320000000007,428.9320000000007,128.6796000000002,21.017668000000032,124.81921200000022,139.1884340000002,135.32804600000023,0.32449999999999996,0.6755,0.3,0.048999999999999995,0.29100000000000004,0.64,0.5,0.35,allocation_proxy,False,,,,,0.2,-329244.2784264402,-1347932.8602434932,-4027406.453339946,-5928523.222519933,-2908276.7036324535,2579032.425206013,1560343.8433889602,-1119129.7497074925,-3020246.51888748,,,min_headroom,666600.614405334,666600.614405334,5835092.3752793735,-5207373.758816966,12.0,39243.85183333333,3443.4341666666733,U,3125755.9659535475,,,-11905838.80952083,min,11905838.80952183,,False,False,-7823577.182258431,0.0,7823577.182258431,,,,,,,428.9320000000007,-71834.25730777532,,72263.18930777535,0.553211861918252,,-39739.563234749185,,,,17074.9144,1000.0,1.0,dashboard_retrospective,none
2025-12-31,43143.826,17257.5304,43143.826,,4.1,1787.4561699843534,1.0,1.3350851650920204,0.9630603734213404,8865790.578843042,8865790.578843042,8865790.578843042,2324216.3,1992185.4,1328123.6,996092.7,0.5617525647021557,0.5134201349778076,4.055041119864311,4970639.997400001,5509466.3316,5240053.1645,4970639.997400001,-1.311272372524223,-0.1379916394364011,0.9248808099252792,-0.1861978024608433,-0.1747944006784483,-0.1861978024608433,0.35,0.3,0.2,0.15,6640618.0,6640618.0,456.5400000000009,456.5400000000009,136.96200000000024,22.37046000000004,132.85314000000028,148.14723000000026,144.0383700000003,0.32449999999999996,0.6755,0.3,0.048999999999999995,0.29100000000000004,0.64,0.5,0.35,allocation_proxy,False,,,4.09,-0.03495888013568966,0.2,-330849.6967441611,-1354505.4759172879,-4047044.37119231,-5957431.119792911,-2922457.6659116675,2591607.9691675063,1567952.1899943796,-1124586.7052806425,-3034973.4538812437,6587119.0,4970639.997400001,min_headroom,811617.4256513175,811617.4256513175,6263662.226117634,-5635943.609655227,12.0,39507.635833333334,3636.190166666667,U,3083192.056678787,3024472.0514787883,-8881366.758043041,-11905838.80952083,min,11905838.80952183,3024472.0514787883,False,False,-7866141.0915331915,0.0,7866141.0915331915,,,,,,,456.5400000000009,43020.44927475974,,-42563.909274760634,0.5585034163337278,,24027.067892165156,,,,17257.5304,1000.0,1.0,dashboard_retrospective,none
