date,C_t,C_t_raw_delta,C_G,C_B,C_E,C_G_net,C_B_net,C_E_net,classified_positive_flow,unclassified_positive_flow,total_positive_flow,classified_net_flow,unclassified_net_flow,total_net_flow_observed,C_G_series_positive,C_B_series_positive,C_E_series_positive,classified_series_positive_flow,unclassified_series_positive_flow,total_series_positive_flow,borrower_composition_G_1q,borrower_composition_B_1q,borrower_composition_E_1q,borrower_composition_G_4q,borrower_composition_B_4q,borrower_composition_E_4q,q_t,operating_borrower_share_1q,operating_borrower_share_4q,operating_borrower_share,mapped_borrower_coverage_observed,destination_coverage_observed,common_taxonomy_delta_valid,stock_G,stock_B,stock_E,mapped_domestic_stock,stock_total,fixed_investment_new_G,fixed_investment_new_B,fixed_investment_new_E,fixed_investment_new_total,C_t_primary,primary_positive_flow,primary_included_net_flow,C_NFB,C_FIN,C_PROP,C_HH_NONHOUSING,C_NFB_net,C_FIN_net,C_PROP_net,C_HH_NONHOUSING_net,borrower_composition_NFB_1q,borrower_composition_FIN_1q,borrower_composition_PROP_1q,borrower_composition_HH_NONHOUSING_1q,borrower_composition_NFB_4q,borrower_composition_FIN_4q,borrower_composition_PROP_4q,borrower_composition_HH_NONHOUSING_4q,q_t_primary,primary_taxonomy_delta_valid,primary_included_stock,primary_stock_coverage_official,primary_flow_coverage_observed,stock_primary_nfb,stock_primary_fin,stock_primary_prop,stock_primary_hh_nonhousing,stock_household_total,stock_household_housing,stock_household_nonhousing,stock_household_consumer_purpose,household_nonhousing_raw_stock,household_split_identity_gap_stock,household_nonhousing_minus_consumer_purpose_stock,household_nonhousing_valid,stock_local_governments_explicit,stock_overseas_explicit,stock_other_organizations_unresolved,stock_unresolved_aggregate_gap,stock_unresolved_residual,stock_primary_nfb_mapped_detail,primary_nfb_residual_identity_gap_stock,primary_nfb_mapped_detail_coverage,local_governments_net_flow,overseas_net_flow,unresolved_residual_net_flow,local_governments_positive_flow,overseas_positive_flow,unresolved_residual_positive_flow,explicit_scope_positive_flow,explicit_scope_stock,explicit_scope_gap_to_official_stock,construction_share_of_primary_nfb_stock,legacy_C_t,legacy_C_t_raw_delta_official,legacy_q_t,legacy_mapped_domestic_stock,legacy_destination_coverage_observed,C_WERNER_FCP,C_WERNER_COMPLEMENT,C_WERNER_FCP_net,C_WERNER_COMPLEMENT_net,werner_composition_FCP_1q,werner_composition_COMPLEMENT_1q,werner_composition_FCP_4q,werner_composition_COMPLEMENT_4q,werner_positive_flow,werner_population_gap_stock,C_MV_TRADABLE,C_MV_NONTRADABLE,C_MV_OTHER_NFB,C_MV_FIN,C_MV_HH,C_MV_UNRESOLVED,C_MV_TRADABLE_net,C_MV_NONTRADABLE_net,C_MV_OTHER_NFB_net,C_MV_FIN_net,C_MV_HH_net,C_MV_UNRESOLVED_net,muller_verner_composition_TRADABLE_1q,muller_verner_composition_NONTRADABLE_1q,muller_verner_composition_OTHER_NFB_1q,muller_verner_composition_FIN_1q,muller_verner_composition_HH_1q,muller_verner_composition_UNRESOLVED_1q,muller_verner_composition_TRADABLE_4q,muller_verner_composition_NONTRADABLE_4q,muller_verner_composition_OTHER_NFB_4q,muller_verner_composition_FIN_4q,muller_verner_composition_HH_4q,muller_verner_composition_UNRESOLVED_4q,muller_verner_positive_flow,muller_verner_population_gap_stock,stock_manufacturing,delta_net_manufacturing,delta_positive_manufacturing,fixed_investment_new_manufacturing,stock_agriculture_forestry,delta_net_agriculture_forestry,delta_positive_agriculture_forestry,fixed_investment_new_agriculture_forestry,stock_fishery,delta_net_fishery,delta_positive_fishery,fixed_investment_new_fishery,stock_mining_quarrying,delta_net_mining_quarrying,delta_positive_mining_quarrying,fixed_investment_new_mining_quarrying,stock_electricity_gas_water,delta_net_electricity_gas_water,delta_positive_electricity_gas_water,fixed_investment_new_electricity_gas_water,stock_information_communications,delta_net_information_communications,delta_positive_information_communications,fixed_investment_new_information_communications,stock_transport_postal,delta_net_transport_postal,delta_positive_transport_postal,fixed_investment_new_transport_postal,stock_wholesale_trade,delta_net_wholesale_trade,delta_positive_wholesale_trade,fixed_investment_new_wholesale_trade,stock_retail_trade,delta_net_retail_trade,delta_positive_retail_trade,fixed_investment_new_retail_trade,stock_goods_rental_leasing,delta_net_goods_rental_leasing,delta_positive_goods_rental_leasing,fixed_investment_new_goods_rental_leasing,stock_professional_technical_services,delta_net_professional_technical_services,delta_positive_professional_technical_services,fixed_investment_new_professional_technical_services,stock_hotels,delta_net_hotels,delta_positive_hotels,fixed_investment_new_hotels,stock_eating_drinking_services,delta_net_eating_drinking_services,delta_positive_eating_drinking_services,fixed_investment_new_eating_drinking_services,stock_living_personal_amusement_services,delta_net_living_personal_amusement_services,delta_positive_living_personal_amusement_services,fixed_investment_new_living_personal_amusement_services,stock_education_learning_support,delta_net_education_learning_support,delta_positive_education_learning_support,fixed_investment_new_education_learning_support,stock_medical_health_welfare,delta_net_medical_health_welfare,delta_positive_medical_health_welfare,fixed_investment_new_medical_health_welfare,stock_other_services,delta_net_other_services,delta_positive_other_services,fixed_investment_new_other_services,stock_other_organizations,delta_net_other_organizations,delta_positive_other_organizations,fixed_investment_new_other_organizations,stock_local_governments,delta_net_local_governments,delta_positive_local_governments,fixed_investment_new_local_governments,stock_construction,delta_net_construction,delta_positive_construction,fixed_investment_new_construction,stock_finance_insurance,delta_net_finance_insurance,delta_positive_finance_insurance,fixed_investment_new_finance_insurance,stock_real_estate,delta_net_real_estate,delta_positive_real_estate,fixed_investment_new_real_estate,stock_households_housing_consumer_tax,delta_net_households_housing_consumer_tax,delta_positive_households_housing_consumer_tax,fixed_investment_new_households_housing_consumer_tax,stock_overseas_yen_and_transferred_loans,delta_net_overseas_yen_and_transferred_loans,delta_positive_overseas_yen_and_transferred_loans,fixed_investment_new_overseas_yen_and_transferred_loans
1977-03-31,,,,,,,,,,,,,,,,,,,,,,,,,,,,,,,,,False,,79622,232551,,1277799,,,,,,,,,,,,,,,,,,,,,,,,,False,1264089,0.9892706129837322,,1031538,21822,180713,30016,125658,95642,30016,,30016,0,,True,13710,12431,,,,,,,,,,,,,,1277799,0,0.07718765571408906,,,,,,,,,,,,,,,0,,,,,,,,,,,,,,,,,,,,,,,,,,,452928,,,,,,,,,,,,,,,,27332,,,,,,,,,,,,239976,,,,73857,,,,8418,,,,,,,,9055,,,,,,,,,,,,,,,,,,,,,,,,,,,,13710,,,,79622,,,,21822,,,,85071,,,,125658,,,,12431,,,
1977-06-30,,,,,,,,,,,,,,,,,,,,,,,,,,,,,,,,,False,,77173,239889,,1293438,,702.0,,30707.0,,,,,,,,,,,,,,,,,,,,,False,1285267,0.9936827277380129,,1045378,24144,184984,30761,131339,100578,30761,,30761,0,,True,8171,11525,,,,,,,,,,,,,,1293438,0,0.07382305730558707,,15639.0,,,,,,,,,,,,,0,,,,,,,,,,,,,,,,,,,,,,,,,,,459141,6213.0,6213.0,6544.0,,,,,,,,,,,,,28762,1430.0,1430.0,1929.0,,,,,,,,,244548,4572.0,4572.0,,76199,2342.0,2342.0,,8627,209.0,209.0,,,,,,9213,158.0,158.0,,,,,,,,,,,,,,,,,,,,,,,,,,8171,-5539.0,0.0,1103.0,77173,-2449.0,0.0,702.0,24144,2322.0,2322.0,,84406,-665.0,0.0,1883.0,131339,5681.0,5681.0,9520.0,11525,-906.0,0.0,
1977-09-30,,,,,,,,,,,,,,,,,,,,,,,,,,,,,,,,,False,,80213,251533,,1325513,,830.0,,34526.0,,,,,,,,,,,,,,,,,,,,,False,1316673,0.9933308839671886,,1065140,25656,192704,33173,138944,105771,33173,,33173,0,,True,8840,9490,,,,,,,,,,,,,,1325513,0,0.07530747131832435,,32075.0,,,,,,,,,,,,,0,,,,,,,,,,,,,,,,,,,,,,,,,,,464366,5225.0,5225.0,7945.0,,,,,,,,,,,,,29860,1098.0,1098.0,1908.0,,,,,,,,,250641,6093.0,6093.0,,78716,2517.0,2517.0,,9050,423.0,423.0,,,,,,9414,201.0,201.0,,,,,,,,,,,,,,,,,,,,,,,,,,8840,669.0,669.0,140.0,80213,3040.0,3040.0,830.0,25656,1512.0,1512.0,,86933,2527.0,2527.0,2434.0,138944,7605.0,7605.0,10247.0,9490,-2035.0,0.0,
1977-12-31,,,,,,,,,,,,,,,,,,,,,,,,,,,,,,,,,False,,83021,262998,,1371202,,833.0,,36011.0,,,,,,,,,,,,,,,,,,,,,False,1360388,0.9921134887492872,,1097390,28647,201335,33016,145181,112165,33016,,33016,0,,True,10814,9770,,,,,,,,,,,,,,1371202,0,0.07565314063368538,,45689.0,,,,,,,,,,,,,0,,,,,,,,,,,,,,,,,,,,,,,,,,,476076,11710.0,11710.0,7010.0,,,,,,,,,,,,,31861,2001.0,2001.0,2373.0,,,,,,,,,255295,4654.0,4654.0,,81208,2492.0,2492.0,,9441,391.0,391.0,,,,,,9633,219.0,219.0,,,,,,,,,,,,,,,,,,,,,,,,,,10814,1974.0,1974.0,204.0,83021,2808.0,2808.0,833.0,28647,2991.0,2991.0,,89170,2237.0,2237.0,2356.0,145181,6237.0,6237.0,11685.0,9770,280.0,280.0,
1978-03-31,,,,,,,,,,,,,,,,,,,,,,,,,,,,,,,,,False,,86984,275258,,1395889,,792.0,,34647.0,,,,,,,,,,,,,,,,,,,,,False,1379469,0.9882368870304158,,1104211,31139,209589,34530,151447,116917,34530,,34530,0,,True,16420,10435,,,,,,,,,,,,,,1395889,0,0.07877479938163992,,24687.0,,,,,,,,,,,,,0,,,,,,,,,,,,,,,,,,,,,,,,,,,472933,-3143.0,0.0,7191.0,,,,,,,,,,,,,32548,687.0,687.0,2129.0,,,,,,,,,257025,1730.0,1730.0,,83271,2063.0,2063.0,,10086,645.0,645.0,,,,,,9819,186.0,186.0,,,,,,,,,,,,,,,,,,,,,,,,,,16420,5606.0,5606.0,438.0,86984,3963.0,3963.0,792.0,31139,2492.0,2492.0,,92672,3502.0,3502.0,2866.0,151447,6266.0,6266.0,9925.0,10435,665.0,665.0,
1978-06-30,,,,,,,,,,,,,,,,,,,,,,,,,,,,,,,,,False,,83199,286153,,1409244,,803.0,,34991.0,,,,,,,,,,,,,,,,,,,,,False,1398859,0.9926308006278544,,1112706,34352,216614,35187,158283,123096,35187,,35187,0,,True,10385,12098,,,,,,,,,,,,,,1409244,0,0.07477177259761339,,13355.0,,,,,,,,,,,,,0,,,,,,,,,,,,,,,,,,,,,,,,,,,473236,303.0,303.0,5101.0,,,,,,,,,,,,,34399,1851.0,1851.0,1727.0,,,,,,,,,258130,1105.0,1105.0,,85343,2072.0,2072.0,,10804,718.0,718.0,,,,,,10098,279.0,279.0,,,,,,,,,,,,,,,,,,,,,,,,,,10385,-6035.0,0.0,1559.0,83199,-3785.0,0.0,803.0,34352,3213.0,3213.0,,93518,846.0,846.0,2683.0,158283,6836.0,6836.0,11796.0,12098,1663.0,1663.0,
1978-09-30,,,,,,,,,,,,,,,,,,,,,,,,,,,,,,,,,False,,87667,300981,,1448582,,1012.0,,38581.0,,,,,,,,,,,,,,,,,,,,,False,1437069,0.9920522276267412,,1136088,36645,227390,36946,166089,129143,36946,,36946,0,,True,11513,13156,,,,,,,,,,,,,,1448582,0,0.07716567730668751,,39338.0,,,,,,,,,,,,,0,,,,,,,,,,,,,,,,,,,,,,,,,,,474980,1744.0,1744.0,6681.0,,,,,,,,,,,,,34561,162.0,162.0,1852.0,,,,,,,,,264162,6032.0,6032.0,,88615,3272.0,3272.0,,11879,1075.0,1075.0,,,,,,10648,550.0,550.0,,,,,,,,,,,,,,,,,,,,,,,,,,11513,1128.0,1128.0,167.0,87667,4468.0,4468.0,1012.0,36645,2293.0,2293.0,,98247,4729.0,4729.0,2659.0,166089,7806.0,7806.0,12821.0,13156,1058.0,1058.0,
1978-12-31,,,,,,,,,,,,,,,,,,,,,,,,,,,,,,,,,False,,90880,316984,,1511975,,1046.0,,39295.0,,,,,,,,,,,,,,,,,,,,,False,1496447,0.9897299889217746,,1179463,40645,237168,39171,174886,135715,39171,,39171,0,,True,15528,17049,,,,,,,,,,,,,,1511975,0,0.07705201434890285,,63393.0,,,,,,,,,,,,,0,,,,,,,,,,,,,,,,,,,,,,,,,,,488670,13690.0,13690.0,5428.0,,,,,,,,,,,,,36248,1687.0,1687.0,2310.0,,,,,,,,,270095,5933.0,5933.0,,92093,3478.0,3478.0,,12554,675.0,675.0,,,,,,11037,389.0,389.0,,,,,,,,,,,,,,,,,,,,,,,,,,15528,4015.0,4015.0,265.0,90880,3213.0,3213.0,1046.0,40645,4000.0,4000.0,,101453,3206.0,3206.0,3085.0,174886,8797.0,8797.0,13041.0,17049,3893.0,3893.0,
1979-03-31,,,,,,,,,,,,,,,,,,,,,,,,,,,,,,,,,False,,93822,330723,,1527340,,1129.0,,42261.0,,,,,,,,,,,,,,,,,,,,,False,1508078,0.9873885316956277,,1177355,42706,246973,41044,182247,141203,41044,,41044,0,,True,19262,19082,,,,,,,,,,,,,,1527340,0,0.07968879394914873,,15365.0,,,,,,,,,,,,,0,,,,,,,,,,,,,,,,,,,,,,,,,,,476539,-12131.0,0.0,7685.0,,,,,,,,,,,,,37849,1601.0,1601.0,2807.0,,,,,,,,,269967,-128.0,0.0,,94409,2316.0,2316.0,,13671,1117.0,1117.0,,,,,,11295,258.0,258.0,,,,,,,,,,,,,,,,,,,,,,,,,,19262,3734.0,3734.0,578.0,93822,2942.0,2942.0,1129.0,42706,2061.0,2061.0,,105770,4317.0,4317.0,3575.0,182247,7361.0,7361.0,12390.0,19082,2033.0,2033.0,
1979-06-30,,,,,,,,,,,,,,,,,,,,,,,,,,,,,,,,,False,,88934,342305,,1544915,,1169.0,,44679.0,,,,,,,,,,,,,,,,,,,,,False,1533279,0.992468194043038,,1190974,46908,254032,41365,189539,148174,41365,,41365,0,,True,11636,20105,,,,,,,,,,,,,,1544915,0,0.07467333459840433,,17575.0,,,,,,,,,,,,,0,,,,,,,,,,,,,,,,,,,,,,,,,,,479463,2924.0,2924.0,6572.0,,,,,,,,,,,,,40060,2211.0,2211.0,2889.0,,,,,,,,,273347,3380.0,3380.0,,96974,2565.0,2565.0,,14511,840.0,840.0,,,,,,11681,386.0,386.0,,,,,,,,,,,,,,,,,,,,,,,,,,11636,-7626.0,0.0,1256.0,88934,-4888.0,0.0,1169.0,46908,4202.0,4202.0,,105858,88.0,88.0,3236.0,189539,7292.0,7292.0,14532.0,20105,1023.0,1023.0,
1979-09-30,,,,,,,,,,,,,,,,,,,,,,,,,,,,,,,,,False,,92259,351090,,1587008,,1120.0,,40246.0,,,,,,,,,,,,,,,,,,,,,False,1574546,0.9921474875993064,,1223456,48535,260951,41604,195276,153672,41604,,41604,0,,True,12462,23324,,,,,,,,,,,,,,1587008,0,0.07540851489550912,,42093.0,,,,,,,,,,,,,0,,,,,,,,,,,,,,,,,,,,,,,,,,,487429,7966.0,7966.0,6733.0,,,,,,,,,,,,,41667,1607.0,1607.0,2942.0,,,,,,,,,282346,8999.0,8999.0,,99206,2232.0,2232.0,,15421,910.0,910.0,,,,,,12008,327.0,327.0,,,,,,,,,,,,,,,,,,,,,,,,,,12462,826.0,826.0,118.0,92259,3325.0,3325.0,1120.0,48535,1627.0,1627.0,,107279,1421.0,1421.0,2697.0,195276,5737.0,5737.0,12490.0,23324,3219.0,3219.0,
1979-12-31,,,,,,,,,,,,,,,,,,,,,,,,,,,,,,,,,False,,93548,357351,,1615985,,1073.0,,38600.0,,,,,,,,,,,,,,,,,,,,,False,1601147,0.9908179840778225,,1243796,51107,266189,40055,198012,157957,40055,,40055,0,,True,14838,24503,,,,,,,,,,,,,,1615985,0,0.07521169066309909,,28977.0,,,,,,,,,,,,,0,,,,,,,,,,,,,,,,,,,,,,,,,,,492105,4676.0,4676.0,6525.0,,,,,,,,,,,,,44006,2339.0,2339.0,3156.0,,,,,,,,,285298,2952.0,2952.0,,100650,1444.0,1444.0,,15657,236.0,236.0,,,,,,12162,154.0,154.0,,,,,,,,,,,,,,,,,,,,,,,,,,14838,2376.0,2376.0,258.0,93548,1289.0,1289.0,1073.0,51107,2572.0,2572.0,,108232,953.0,953.0,2846.0,198012,2736.0,2736.0,11059.0,24503,1179.0,1179.0,
1980-03-31,,,,,,,,,,,,,,,,,,,,,,,,,,,,,,,,,False,,96702,366837,,1641925,,935.0,,40460.0,,,,,,,,,,,,,,,,,,,,,False,1624044,0.9891097340012486,,1257207,52971,273026,40840,203009,162169,40840,,40840,0,,True,17881,26327,,,,,,,,,,,,,,1641925,0,0.07691812088224136,,25940.0,,,,,,,,,,,,,0,,,,,,,,,,,,,,,,,,,,,,,,,,,491318,-787.0,0.0,7782.0,,,,,,,,,,,,,46393,2387.0,2387.0,3856.0,,,,,,,,,290072,4774.0,4774.0,,101946,1296.0,1296.0,,17099,1442.0,1442.0,,,,,,12327,165.0,165.0,,,,,,,,,,,,,,,,,,,,,,,,,,17881,3043.0,3043.0,915.0,96702,3154.0,3154.0,935.0,52971,1864.0,1864.0,,110857,2625.0,2625.0,2846.0,203009,4997.0,4997.0,10852.0,26327,1824.0,1824.0,
1980-06-30,,,,,,,,,,,,,,,,,,,,,,,,,,,,,,,,,False,,91874,371481,,1656654,,849.0,,39327.0,,,,,,,,,,,,,,,,,,,,,False,1644993,0.9929611131835616,,1273512,55433,276378,39670,205212,165542,39670,,39670,0,,True,11661,27064,,,,,,,,,,,,,,1656654,0,0.07214223344577829,,14729.0,,,,,,,,,,,,,0,,,,,,,,,,,,,,,,,,,,,,,,,,,500007,8689.0,8689.0,7808.0,,,,,,,,,,,,,49258,2865.0,2865.0,3785.0,,,,,,,,,292165,2093.0,2093.0,,104356,2410.0,2410.0,,18008,909.0,909.0,,,,,,12546,219.0,219.0,,,,,,,,,,,,,,,,,,,,,,,,,,11661,-6220.0,0.0,472.0,91874,-4828.0,0.0,849.0,55433,2462.0,2462.0,,110836,-21.0,0.0,2544.0,205212,2203.0,2203.0,10184.0,27064,737.0,737.0,
1980-09-30,,,,,,,,,,,,,,,,,,,,,,,,,,,,,,,,,False,,95779,378149,,1684224,,918.0,,36831.0,,,,,,,,,,,,,,,,,,,,,False,1671810,0.9926292464660282,,1293661,57046,281189,39914,208637,168723,39914,,39914,0,,True,12414,26724,,,,,,,,,,,,,,1684224,0,0.07403717047974702,,27570.0,,,,,,,,,,,,,0,,,,,,,,,,,,,,,,,,,,,,,,,,,506159,6152.0,6152.0,8114.0,,,,,,,,,,,,,49364,106.0,106.0,2304.0,,,,,,,,,298512,6347.0,6347.0,,104804,448.0,448.0,,18589,581.0,581.0,,,,,,12759,213.0,213.0,,,,,,,,,,,,,,,,,,,,,,,,,,12414,753.0,753.0,145.0,95779,3905.0,3905.0,918.0,57046,1613.0,1613.0,,112466,1630.0,1630.0,2427.0,208637,3425.0,3425.0,9939.0,26724,-340.0,0.0,
1980-12-31,,,,,,,,,,,,,,,,,,,,,,,,,,,,,,,,,False,,97769,387931,,1732601,,1206.0,,40504.0,,,,,,,,,,,,,,,,,,,,,False,1717210,0.9911168237811244,,1329279,60196,286774,40961,213285,172324,40961,,40961,0,,True,15391,28098,,,,,,,,,,,,,,1732601,0,0.0735503983738553,,48377.0,,,,,,,,,,,,,0,,,,,,,,,,,,,,,,,,,,,,,,,,,524172,18013.0,18013.0,8470.0,,,,,,,,,,,,,50616,1252.0,1252.0,2752.0,,,,,,,,,300745,2233.0,2233.0,,106064,1260.0,1260.0,,19310,721.0,721.0,,,,,,12965,206.0,206.0,,,,,,,,,,,,,,,,,,,,,,,,,,15391,2977.0,2977.0,284.0,97769,1990.0,1990.0,1206.0,60196,3150.0,3150.0,,114450,1984.0,1984.0,2586.0,213285,4648.0,4648.0,10625.0,28098,1374.0,1374.0,
1981-03-31,,,,,,,,,,,,,,,,,,,,,,,,,,,,,,,,,False,,103031,398013,,1764219,,1135.0,,41070.0,,,,,,,,,,,,,,,,,,,,,False,1743984,0.9885303355195698,,1345971,63153,292296,42564,217459,174895,42564,,42564,0,,True,20235,29258,,,,,,,,,,,,,,1764219,0,0.07654771165203411,,31618.0,,,,,,,,,,,,,0,,,,,,,,,,,,,,,,,,,,,,,,,,,525745,1573.0,1573.0,9323.0,,,,,,,,,,,,,51118,502.0,502.0,3281.0,,,,,,,,,304993,4248.0,4248.0,,107967,1903.0,1903.0,,20807,1497.0,1497.0,,,,,,13287,322.0,322.0,,,,,,,,,,,,,,,,,,,,,,,,,,20235,4844.0,4844.0,393.0,103031,5262.0,5262.0,1135.0,63153,2957.0,2957.0,,117401,2951.0,2951.0,3057.0,217459,4174.0,4174.0,9518.0,29258,1160.0,1160.0,
1981-06-30,,,,,,,,,,,,,,,,,,,,,,,,,,,,,,,,,False,,97711,403970,,1780658,,1074.0,,44291.0,,,,,,,,,,,,,,,,,,,,,False,1768122,0.992959905832563,,1364152,66760,296820,40390,218251,177861,40390,,40390,0,,True,12536,29746,,,,,,,,,,,,,,1780658,0,0.07162764853183516,,16439.0,,,,,,,,,,,,,0,,,,,,,,,,,,,,,,,,,,,,,,,,,535317,9572.0,9572.0,8558.0,,,,,,,,,,,,,54653,3535.0,3535.0,4008.0,,,,,,,,,305619,626.0,626.0,,110930,2963.0,2963.0,,21985,1178.0,1178.0,,,,,,13737,450.0,450.0,,,,,,,,,,,,,,,,,,,,,,,,,,12536,-7699.0,0.0,1007.0,97711,-5320.0,0.0,1074.0,66760,3607.0,3607.0,,118959,1558.0,1558.0,3496.0,218251,792.0,792.0,10586.0,29746,488.0,488.0,
1981-09-30,,,,,,,,,,,,,,,,,,,,,,,,,,,,,,,,,False,,103238,416134,,1835250,,1203.0,,46935.0,,,,,,,,,,,,,,,,,,,,,False,1820726,0.9920860918131045,,1404592,70220,304211,41703,222863,181160,41703,,41703,0,,True,14524,32716,,,,,,,,,,,,,,1835250,0,0.0735003474318521,,54592.0,,,,,,,,,,,,,0,,,,,,,,,,,,,,,,,,,,,,,,,,,546564,11247.0,11247.0,10533.0,,,,,,,,,,,,,55498,845.0,845.0,2858.0,,,,,,,,,313097,7478.0,7478.0,,113543,2613.0,2613.0,,23801,1816.0,1816.0,,,,,,14077,340.0,340.0,,,,,,,,,,,,,,,,,,,,,,,,,,14524,1988.0,1988.0,188.0,103238,5527.0,5527.0,1203.0,70220,3460.0,3460.0,,123051,4092.0,4092.0,3581.0,222863,4612.0,4612.0,11260.0,32716,2970.0,2970.0,
1981-12-31,,,,,,,,,,,,,,,,,,,,,,,,,,,,,,,,,False,,107327,430668,,1902759,,1104.0,,44430.0,,,,,,,,,,,,,,,,,,,,,False,1885178,0.9907602591815359,,1454510,75671,311828,43169,227917,184748,43169,,43169,0,,True,17581,35080,,,,,,,,,,,,,,1902759,0,0.07378911110958329,,67509.0,,,,,,,,,,,,,0,,,,,,,,,,,,,,,,,,,,,,,,,,,566863,20299.0,20299.0,8822.0,,,,,,,,,,,,,58207,2709.0,2709.0,3690.0,,,,,,,,,318284,5187.0,5187.0,,116305,2762.0,2762.0,,24914,1113.0,1113.0,,,,,,14393,316.0,316.0,,,,,,,,,,,,,,,,,,,,,,,,,,17581,3057.0,3057.0,341.0,107327,4089.0,4089.0,1104.0,75671,5451.0,5451.0,,127080,4029.0,4029.0,3578.0,227917,5054.0,5054.0,11359.0,35080,2364.0,2364.0,
1982-03-31,,,,,,,,,,,,,,,,,,,,,,,,,,,,,,,,,False,,112445,446470,,1941634,,1075.0,,44445.0,,,,,,,,,,,,,,,,,,,,,False,1918898,0.9882902750981905,,1472428,79980,319831,46659,233776,187117,46659,,46659,0,,True,22736,38701,,,,,,,,,,,,,,1941634,0,0.07636706175106694,,38875.0,,,,,,,,,,,,,0,,,,,,,,,,,,,,,,,,,,,,,,,,,562016,-4847.0,0.0,8919.0,,,,,,,,,,,,,58750,543.0,543.0,3425.0,,,,,,,,,322909,4625.0,4625.0,,118827,2522.0,2522.0,,27532,2618.0,2618.0,,,,,,14831,438.0,438.0,,,,,,,,,,,,,,,,,,,,,,,,,,22736,5155.0,5155.0,653.0,112445,5118.0,5118.0,1075.0,79980,4309.0,4309.0,,132714,5634.0,5634.0,3825.0,233776,5859.0,5859.0,10351.0,38701,3621.0,3621.0,
1982-06-30,,,,,,,,,,,,,,,,,,,,,,,,,,,,,,,,,False,,106590,454230,,1952963,,1101.0,,44237.0,,,,,,,,,,,,,,,,,,,,,False,1940119,0.9934233265043936,,1485889,86843,323927,43460,232782,189322,43460,,43460,0,,True,12844,35656,,,,,,,,,,,,,,1952963,0,0.07173483349025399,,11329.0,,,,,,,,,,,,,0,,,,,,,,,,,,,,,,,,,,,,,,,,,569634,7618.0,7618.0,7345.0,,,,,,,,,,,,,61165,2415.0,2415.0,3944.0,,,,,,,,,325562,2653.0,2653.0,,120988,2161.0,2161.0,,30905,3373.0,3373.0,,,,,,15194,363.0,363.0,,,,,,,,,,,,,,,,,,,,,,,,,,12844,-9892.0,0.0,979.0,106590,-5855.0,0.0,1101.0,86843,6863.0,6863.0,,134605,1891.0,1891.0,3791.0,232782,-994.0,0.0,11181.0,35656,-3045.0,0.0,
1982-09-30,,,,,,,,,,,,,,,,,,,,,,,,,,,,,,,,,False,,113052,469840,,2021123,,1202.0,,49271.0,,,,,,,,,,,,,,,,,,,,,False,2006231,0.9926318190431755,,1536391,92690,331834,45316,237629,192313,45316,,45316,0,,True,14892,41950,,,,,,,,,,,,,,2021123,0,0.07358283145371197,,68160.0,,,,,,,,,,,,,0,,,,,,,,,,,,,,,,,,,,,,,,,,,579943,10309.0,10309.0,10451.0,,,,,,,,,,,,,62487,1322.0,1322.0,2969.0,,,,,,,,,336473,10911.0,10911.0,,125448,4460.0,4460.0,,34368,3463.0,3463.0,,,,,,15741,547.0,547.0,,,,,,,,,,,,,,,,,,,,,,,,,,14892,2048.0,2048.0,183.0,113052,6462.0,6462.0,1202.0,92690,5847.0,5847.0,,139521,4916.0,4916.0,4055.0,237629,4847.0,4847.0,11682.0,41950,6294.0,6294.0,
1982-12-31,,,,,,,,,,,,,,,,,,,,,,,,,,,,,,,,,False,,117538,483404,,2089177,,1066.0,,43498.0,,,,,,,,,,,,,,,,,,,,,False,2071061,0.9913286428100635,,1587657,99462,338469,45473,239286,193813,45473,,45473,0,,True,18116,42392,,,,,,,,,,,,,,2089177,0,0.07403236341350808,,68054.0,,,,,,,,,,,,,0,,,,,,,,,,,,,,,,,,,,,,,,,,,601758,21815.0,21815.0,7172.0,,,,,,,,,,,,,64980,2493.0,2493.0,4282.0,,,,,,,,,341488,5015.0,5015.0,,127346,1898.0,1898.0,,37099,2731.0,2731.0,,,,,,16204,463.0,463.0,,,,,,,,,,,,,,,,,,,,,,,,,,18116,3224.0,3224.0,346.0,117538,4486.0,4486.0,1066.0,99462,6772.0,6772.0,,144656,5135.0,5135.0,4166.0,239286,1657.0,1657.0,10276.0,42392,442.0,442.0,
1983-03-31,,,,,,,,,,,,,,,,,,,,,,,,,,,,,,,,,False,,123037,502001,,2127373,,1169.0,,48003.0,,,,,,,,,,,,,,,,,,,,,False,2103885,0.9889591529083053,,1601884,107167,346546,48288,243030,194742,48288,,48288,0,,True,23488,41563,,,,,,,,,,,,,,2127373,0,0.07680768395214635,,38196.0,,,,,,,,,,,,,0,,,,,,,,,,,,,,,,,,,,,,,,,,,595910,-5848.0,0.0,9362.0,,,,,,,,,,,,,67393,2413.0,2413.0,4589.0,,,,,,,,,345192,3704.0,3704.0,,130304,2958.0,2958.0,,41676,4577.0,4577.0,,,,,,16682,478.0,478.0,,,,,,,,,,,,,,,,,,,,,,,,,,23488,5372.0,5372.0,925.0,123037,5499.0,5499.0,1169.0,107167,7705.0,7705.0,,151804,7148.0,7148.0,4385.0,243030,3744.0,3744.0,9574.0,41563,-829.0,0.0,
1983-06-30,,,,,,,,,,,,,,,,,,,,,,,,,,,,,,,,,False,,116784,514886,,2138731,,1124.0,,44070.0,,,,,,,,,,,,,,,,,,,,,False,2125226,0.9936855079016482,,1610340,117118,350861,46907,242526,195619,46907,,46907,0,,True,13505,44384,,,,,,,,,,,,,,2138731,0,0.07252133089906479,,11358.0,,,,,,,,,,,,,0,,,,,,,,,,,,,,,,,,,,,,,,,,,596975,1065.0,1065.0,7098.0,,,,,,,,,,,,,69908,2515.0,2515.0,4829.0,,,,,,,,,341916,-3276.0,0.0,,132153,1849.0,1849.0,,44989,3313.0,3313.0,,,,,,17113,431.0,431.0,,,,,,,,,,,,,,,,,,,,,,,,,,13505,-9983.0,0.0,933.0,116784,-6253.0,0.0,1124.0,117118,9951.0,9951.0,,155242,3438.0,3438.0,4333.0,242526,-504.0,0.0,9915.0,44384,2821.0,2821.0,
1983-09-30,,,,,,,,,,,,,,,,,,,,,,,,,,,,,,,,,False,,126791,533578,,2208269,,1463.0,,49226.0,,,,,,,,,,,,,,,,,,,,,False,2191005,0.9921821118713345,,1657427,126009,358339,49230,245883,196653,49230,,49230,0,,True,17264,47076,,,,,,,,,,,,,,2208269,0,0.07649869345678573,,69538.0,,,,,,,,,,,,,0,,,,,,,,,,,,,,,,,,,,,,,,,,,604082,7107.0,7107.0,8771.0,,,,,,,,,,,,,69951,43.0,43.0,3092.0,,,,,,,,,352414,10498.0,10498.0,,136111,3958.0,3958.0,,48554,3565.0,3565.0,,,,,,17824,711.0,711.0,,,,,,,,,,,,,,,,,,,,,,,,,,17264,3759.0,3759.0,275.0,126791,10007.0,10007.0,1463.0,126009,8891.0,8891.0,,161686,6444.0,6444.0,4962.0,245883,3357.0,3357.0,10552.0,47076,2692.0,2692.0,
1983-12-31,,,,,,,,,,,,,,,,,,,,,,,,,,,,,,,,,False,,132164,552684,,2286939,,1412.0,,46885.0,,,,,,,,,,,,,,,,,,,,,False,2267863,0.9916587193624317,,1715179,134739,364894,53051,251123,198072,53051,,53051,0,,True,19076,48059,,,,,,,,,,,,,,2286939,0,0.07705551432241182,,78670.0,,,,,,,,,,,,,0,,,,,,,,,,,,,,,,,,,,,,,,,,,623023,18941.0,18941.0,6757.0,,,,,,,,,,,,,72092,2141.0,2141.0,3690.0,,,,,,,,,360149,7735.0,7735.0,,138136,2025.0,2025.0,,51870,3316.0,3316.0,,,,,,18386,562.0,562.0,,,,,,,,,,,,,,,,,,,,,,,,,,19076,1812.0,1812.0,326.0,132164,5373.0,5373.0,1412.0,134739,8730.0,8730.0,,166822,5136.0,5136.0,5196.0,251123,5240.0,5240.0,11271.0,48059,983.0,983.0,
1984-03-31,,,,,,,,,,,,,,,,,,,,,,,,,,,,,,,,,False,,137661,573075,,2330452,,1420.0,,55705.0,,,,,,,,,,,,,,,,,,,,,False,2305766,0.9894072051258725,,1732691,143816,373615,55644,254332,198688,55644,,55644,0,,True,24686,52052,,,,,,,,,,,,,,2330452,0,0.07944924975082113,,43513.0,,,,,,,,,,,,,0,,,,,,,,,,,,,,,,,,,,,,,,,,,617649,-5374.0,0.0,10404.0,,,,,,,,,,,,,71089,-1003.0,0.0,3813.0,,,,,,,,,364729,4580.0,4580.0,,140793,2657.0,2657.0,,57442,5572.0,5572.0,,,,,,18976,590.0,590.0,,,,,,,,,,,,,,,,,,,,,,,,,,24686,5610.0,5610.0,1057.0,137661,5497.0,5497.0,1420.0,143816,9077.0,9077.0,,174927,8105.0,8105.0,6347.0,254332,3209.0,3209.0,10449.0,52052,3993.0,3993.0,
1984-06-30,,,,,,,,,,,,,,,,,,,,,,,,,,,,,,,,,False,,130301,585943,,2337486,,1324.0,,47596.0,,,,,,,,,,,,,,,,,,,,,False,2323051,0.9938245619439005,,1737108,153616,376254,56073,255272,199199,56073,,56073,0,,True,14435,54295,,,,,,,,,,,,,,2337486,0,0.07501030448308338,,7034.0,,,,,,,,,,,,,0,,,,,,,,,,,,,,,,,,,,,,,,,,,614360,-3289.0,0.0,6423.0,,,,,,,,,,,,,74616,3527.0,3527.0,4329.0,,,,,,,,,365186,457.0,457.0,,140940,147.0,147.0,,61639,4197.0,4197.0,,,,,,19125,149.0,149.0,,,,,,,,,,,,,,,,,,,,,,,,,,14435,-10251.0,0.0,1024.0,130301,-7360.0,0.0,1324.0,153616,9800.0,9800.0,,177055,2128.0,2128.0,5478.0,255272,940.0,940.0,10683.0,54295,2243.0,2243.0,
1984-09-30,,,,,,,,,,,,,,,,,,,,,,,,,,,,,,,,,False,,141845,607155,,2441412,,1573.0,,52892.0,,,,,,,,,,,,,,,,,,,,,False,2423953,0.9928488104424816,,1816798,161099,386988,59068,259416,200348,59068,,59068,0,,True,17459,62585,,,,,,,,,,,,,,2441412,0,0.07807417225250138,,103926.0,,,,,,,,,,,,,0,,,,,,,,,,,,,,,,,,,,,,,,,,,637467,23107.0,23107.0,8522.0,,,,,,,,,,,,,73195,-1421.0,0.0,2986.0,,,,,,,,,382083,16897.0,16897.0,,145841,4901.0,4901.0,,67218,5579.0,5579.0,,,,,,19776,651.0,651.0,,,,,,,,,,,,,,,,,,,,,,,,,,17459,3024.0,3024.0,188.0,141845,11544.0,11544.0,1573.0,161099,7483.0,7483.0,,186640,9585.0,9585.0,6460.0,259416,4144.0,4144.0,11679.0,62585,8290.0,8290.0,
1984-12-31,,,,,,,,,,,,,,,,,,,,,,,,,,,,,,,,,False,,146084,631094,,2508261,,1798.0,,53585.0,,,,,,,,,,,,,,,,,,,,,False,2488016,0.9919286708998785,,1856922,174174,394620,62300,264065,201765,62300,,62300,0,,True,20245,65438,,,,,,,,,,,,,,2508261,0,0.07866997105963525,,66849.0,,,,,,,,,,,,,0,,,,,,,,,,,,,,,,,,,,,,,,,,,647185,9718.0,9718.0,7776.0,,,,,,,,,,,,,76124,2929.0,2929.0,3961.0,,,,,,,,,382862,779.0,779.0,,148060,2219.0,2219.0,,72118,4900.0,4900.0,,,,,,20320,544.0,544.0,,,,,,,,,,,,,,,,,,,,,,,,,,20245,2786.0,2786.0,397.0,146084,4239.0,4239.0,1798.0,174174,13075.0,13075.0,,192855,6215.0,6215.0,6585.0,264065,4649.0,4649.0,12473.0,65438,2853.0,2853.0,
1985-03-31,,,,,,,,,,,,,,,,,,,,,,,,,,,,,,,,,False,,154668,649062,,2578027,,1699.0,,62287.0,,,,,,,,,,,,,,,,,,,,,False,2551495,0.9897084087947876,,1902433,178917,403864,66281,269227,202946,66281,,66281,0,,True,26532,71349,,,,,,,,,,,,,,2578027,0,0.08130010360417424,,69766.0,,,,,,,,,,,,,0,,,,,,,,,,,,,,,,,,,,,,,,,,,654844,7659.0,7659.0,10762.0,,,,,,,,,,,,,74636,-1488.0,0.0,3666.0,,,,,,,,,391335,8473.0,8473.0,,150975,2915.0,2915.0,,79140,7022.0,7022.0,,,,,,21036,716.0,716.0,,,,,,,,,,,,,,,,,,,,,,,,,,26532,6287.0,6287.0,1225.0,154668,8584.0,8584.0,1699.0,178917,4743.0,4743.0,,200918,8063.0,8063.0,8165.0,269227,5162.0,5162.0,12521.0,71349,5911.0,5911.0,
1985-06-30,,,,,,,,,,,,,,,,,,,,,,,,,,,,,,,,,False,,145305,661822,,2574574,,1528.0,,52392.0,,,,,,,,,,,,,,,,,,,,,False,2558665,0.9938207252928057,,1896843,184849,410156,66817,271001,204184,66817,,66817,0,,True,15909,71436,,,,,,,,,,,,,,2574574,0,0.07660359871639351,,-3453.0,,,,,,,,,,,,,0,,,,,,,,,,,,,,,,,,,,,,,,,,,651992,-2852.0,0.0,6901.0,,,,,,,,,,,,,76995,2359.0,2359.0,3698.0,,,,,,,,,386827,-4508.0,0.0,,150686,-289.0,0.0,,84959,5819.0,5819.0,,,,,,21531,495.0,495.0,,,,,,,,,,,,,,,,,,,,,,,,,,15909,-10623.0,0.0,1039.0,145305,-9363.0,0.0,1528.0,184849,5932.0,5932.0,,205972,5054.0,5054.0,7248.0,271001,1774.0,1774.0,13050.0,71436,87.0,87.0,
1985-09-30,,,,,,,,,,,,,,,,,,,,,,,,,,,,,,,,,False,,155525,692187,,2642818,,1870.0,,60828.0,,,,,,,,,,,,,,,,,,,,,False,2623328,0.9926252961800623,,1931141,194598,427209,70380,276964,206584,70380,,70380,0,,True,19490,75360,,,,,,,,,,,,,,2642818,0,0.08053528975874884,,68244.0,,,,,,,,,,,,,0,,,,,,,,,,,,,,,,,,,,,,,,,,,650383,-1609.0,0.0,9755.0,,,,,,,,,,,,,76352,-643.0,0.0,3017.0,,,,,,,,,389437,2610.0,2610.0,,154812,4126.0,4126.0,,92946,7987.0,7987.0,,,,,,22889,1358.0,1358.0,,,,,,,,,,,,,,,,,,,,,,,,,,19490,3581.0,3581.0,227.0,155525,10220.0,10220.0,1870.0,194598,9749.0,9749.0,,220625,14653.0,14653.0,8957.0,276964,5963.0,5963.0,14693.0,75360,3924.0,3924.0,
1985-12-31,,,,,,,,,,,,,,,,,,,,,,,,,,,,,,,,,False,,161632,726829,,2751413,,1952.0,,77107.0,,,,,,,,,,,,,,,,,,,,,False,2729319,0.9919699441705044,,2002490,205290,446928,74611,286059,211448,74611,,74611,0,,True,22094,83000,,,,,,,,,,,,,,2751413,0,0.08071550919105713,,108595.0,,,,,,,,,,,,,0,,,,,,,,,,,,,,,,,,,,,,,,,,,673524,23141.0,23141.0,11711.0,,,,,,,,,,,,,78015,1663.0,1663.0,4512.0,,,,,,,,,397152,7715.0,7715.0,,157253,2441.0,2441.0,,100103,7157.0,7157.0,,,,,,23135,246.0,246.0,,,,,,,,,,,,,,,,,,,,,,,,,,22094,2604.0,2604.0,383.0,161632,6107.0,6107.0,1952.0,205290,10692.0,10692.0,,235480,14855.0,14855.0,10721.0,286059,9095.0,9095.0,19655.0,83000,7640.0,7640.0,
1986-03-31,,,,,,,,,,,,,,,,,,,,,,,,,,,,,,,,,False,,166500,771454,,2792449,,2167.0,,66582.0,,,,,,,,,,,,,,,,,,,,,False,2763789,0.9897366075441306,,1992335,221596,467103,82755,296831,214076,82755,21910.0,82755,0,60845.0,True,28660,80246,,,,,,,,,,,,,,2792449,0,0.08357028311001914,,41036.0,,,,,,,,,,,,,0,,,,,,,,,,,,,,,,,,,,,,,,,,,655187,-18337.0,0.0,9583.0,,,,,,,,,,,,,75864,-2151.0,0.0,2975.0,,,,,,,,,393327,-3825.0,0.0,,159106,1853.0,1853.0,,106002,5899.0,5899.0,,,,,,23570,435.0,435.0,,,,,,,,,,,,,,,,,,,,,,,,,,28660,6566.0,6566.0,716.0,166500,4868.0,4868.0,2167.0,221596,16306.0,16306.0,,253027,17547.0,17547.0,10812.0,296831,10772.0,10772.0,15828.0,80246,-2754.0,0.0,
1986-06-30,,,,,,,,,,,,,,,,,,,,,,,,,,,,,,,,,False,,157604,792955,,2800362,,1973.0,,70014.0,,,,,,,,,,,,,,,,,,,,,False,2784028,0.9941671826713832,,1991073,227635,485212,80108,298514,218406,80108,23478.0,80108,0,56630.0,True,16334,83972,,,,,,,,,,,,,,2800362,0,0.07915530972495735,,7913.0,,,,,,,,,,,,,0,,,,,,,,,,,,,,,,,,,,,,,,,,,650343,-4844.0,0.0,7983.0,,,,,,,,,,,,,78287,2423.0,2423.0,3654.0,,,,,,,,,387496,-5831.0,0.0,,157883,-1223.0,0.0,,111550,5548.0,5548.0,,,,,,24363,793.0,793.0,,,,,,,,,,,,,,,,,,,,,,,,,,16334,-12326.0,0.0,1062.0,157604,-8896.0,0.0,1973.0,227635,6039.0,6039.0,,266806,13779.0,13779.0,11236.0,298514,1683.0,1683.0,20230.0,83972,3726.0,3726.0,
1986-09-30,,,,,,,,,,,,,,,,,,,,,,,,,,,,,,,,,False,,166248,834552,,2883411,,2374.0,,83771.0,,,,,,,,,,,,,,,,,,,,,False,2862549,0.9927648191672988,,2027997,238407,509035,87110,312023,224913,87110,25641.0,87110,0,61469.0,True,20862,83104,,,,,,,,,,,,,,2883411,0,0.0819764526278885,,83049.0,,,,,,,,,,,,,0,,,,,,,,,,,,,,,,,,,,,,,,,,,651876,1533.0,1533.0,10619.0,,,,,,,,,,,,,76390,-1897.0,0.0,2666.0,,,,,,,,,393217,5721.0,5721.0,,162054,4171.0,4171.0,,118258,6708.0,6708.0,,,,,,25188,825.0,825.0,,,,,,,,,,,,,,,,,,,,,,,,,,20862,4528.0,4528.0,233.0,166248,8644.0,8644.0,2374.0,238407,10772.0,10772.0,,284122,17316.0,17316.0,12443.0,312023,13509.0,13509.0,27046.0,83104,-868.0,0.0,
1986-12-31,,,,,,,,,,,,,,,,,,,,,,,,,,,,,,,,,False,,170648,891082,,2981302,,2562.0,,81949.0,,,,,,,,,,,,,,,,,,,,,False,2957036,0.9918606031861247,,2065954,255391,541019,94672,325827,231155,94672,27954.0,94672,0,66718.0,True,24266,81589,,,,,,,,,,,,,,2981302,0,0.0826000966139614,,97891.0,,,,,,,,,,,,,0,,,,,,,,,,,,,,,,,,,,,,,,,,,660256,8380.0,8380.0,9353.0,,,,,,,,,,,,,77384,994.0,994.0,4193.0,,,,,,,,,397236,4019.0,4019.0,,163125,1071.0,1071.0,,123243,4985.0,4985.0,,,,,,26039,851.0,851.0,,,,,,,,,,,,,,,,,,,,,,,,,,24266,3404.0,3404.0,387.0,170648,4400.0,4400.0,2562.0,255391,16984.0,16984.0,,309864,25742.0,25742.0,14352.0,325827,13804.0,13804.0,24912.0,81589,-1515.0,0.0,
1987-03-31,,,,,,,,,,,,,,,,,,,,,,,,,,,,,,,,,False,,177549,949550,,3037264,,3059.0,,97307.0,,,,,,,,,,,,,,,,,,,,,False,3006356,0.9898237360993315,,2056806,273099,574098,102353,340800,238447,102353,31793.0,102353,0,70560.0,True,30908,81679,,,,,,,,,,,,,,3037264,0,0.08632267700502624,,55962.0,,,,,,,,,,,,,0,,,,,,,,,,,,,,,,,,,,,,,,,,,638648,-21608.0,0.0,12193.0,,,,,,,,,,,,,76346,-1038.0,0.0,3721.0,,,,,,,,,391212,-6024.0,0.0,,165137,2012.0,2012.0,,128030,4787.0,4787.0,,,,,,26881,842.0,842.0,,,,,,,,,,,,,,,,,,,,,,,,,,30908,6642.0,6642.0,865.0,177549,6901.0,6901.0,3059.0,273099,17708.0,17708.0,,335651,25787.0,25787.0,18477.0,340800,14973.0,14973.0,25796.0,81679,90.0,90.0,
1987-06-30,,,,,,,,,,,,,,,,,,,,,,,,,,,,,,,,,False,,165730,989830,,3054306,,3260.0,,98842.0,,,,,,,,,,,,,,,,,,,,,False,3036815,0.9942733308319468,,2046985,282395,598572,108863,355276,246413,108863,35691.0,108863,0,73172.0,True,17491,85593,,,,,,,,,,,,,,3054306,0,0.08096297725679474,,17042.0,,,,,,,,,,,,,0,,,,,,,,,,,,,,,,,,,,,,,,,,,623707,-14941.0,0.0,9273.0,,,,,,,,,,,,,78196,1850.0,1850.0,4048.0,,,,,,,,,388796,-2416.0,0.0,,165058,-79.0,0.0,,131553,3523.0,3523.0,,,,,,27525,644.0,644.0,,,,,,,,,,,,,,,,,,,,,,,,,,17491,-13417.0,0.0,1248.0,165730,-11819.0,0.0,3260.0,282395,9296.0,9296.0,,352159,16508.0,16508.0,18071.0,355276,14476.0,14476.0,32011.0,85593,3914.0,3914.0,
1987-09-30,,,,,,,,,,,,,,,,,,,,,,,,,,,,,,,,,False,,173830,1042057,,3161644,,3755.0,,131309.0,,,,,,,,,,,,,,,,,,,,,False,3140814,0.9934116554551999,,2098757,301226,622951,117880,381306,263426,117880,41169.0,117880,0,76711.0,True,20830,88309,,,,,,,,,,,,,,3161644,0,0.08282521511542308,,107338.0,,,,,,,,,,,,,0,,,,,,,,,,,,,,,,,,,,,,,,,,,623418,-289.0,0.0,15107.0,,,,,,,,,,,,,77494,-702.0,0.0,3510.0,,,,,,,,,394939,6143.0,6143.0,,168851,3793.0,3793.0,,141299,9746.0,9746.0,,,,,,28425,900.0,900.0,,,,,,,,,,,,,,,,,,,,,,,,,,20830,3339.0,3339.0,237.0,173830,8100.0,8100.0,3755.0,301226,18831.0,18831.0,,359525,7366.0,7366.0,21678.0,381306,26030.0,26030.0,43471.0,88309,2716.0,2716.0,
1987-12-31,,,,,,,,,,,,,,,,,,,,,,,,,,,,,,,,,False,,178161,1092274,,3266132,,3186.0,,101446.0,,,,,,,,,,,,,,,,,,,,,False,3243512,0.9930743766632825,,2151238,324439,639209,128626,403394,274768,128626,47265.0,128626,0,81361.0,True,22620,88239,,,,,,,,,,,,,,3266132,0,0.08281789369655984,,104488.0,,,,,,,,,,,,,0,,,,,,,,,,,,,,,,,,,,,,,,,,,629341,5923.0,5923.0,9441.0,,,,,,,,,,,,,77801,307.0,307.0,5041.0,,,,,,,,,403675,8736.0,8736.0,,171895,3044.0,3044.0,,145473,4174.0,4174.0,,,,,,29079,654.0,654.0,,,,,,,,,,,,,,,,,,,,,,,,,,22620,1790.0,1790.0,295.0,178161,4331.0,4331.0,3186.0,324439,23213.0,23213.0,,364441,4916.0,4916.0,18544.0,403394,22088.0,22088.0,32265.0,88239,-70.0,0.0,
1988-03-31,,,,,,,,,,,,,,,,,,,,,,,,,,,,,,,,,False,,182336,1133177,,3309255,,3495.0,,102064.0,,,,,,,,,,,,,,,,,,,,,False,3279774,0.9910913483548413,,2146597,342058,656257,134862,417438,282576,134862,54649.0,134862,0,80213.0,True,29481,88166,,,,,,,,,,,,,,3309255,0,0.0849418870891928,,43123.0,,,,,,,,,,,,,0,,,,,,,,,,,,,,,,,,,,,,,,,,,614270,-15071.0,0.0,10927.0,,,,,,,,,,,,,77806,5.0,5.0,3710.0,,,,,,,,,395200,-8475.0,0.0,,172777,882.0,882.0,,153244,7771.0,7771.0,,,,,,29533,454.0,454.0,,,,,,,,,,,,,,,,,,,,,,,,,,29481,6861.0,6861.0,741.0,182336,4175.0,4175.0,3495.0,342058,17619.0,17619.0,,373681,9240.0,9240.0,19537.0,417438,14044.0,14044.0,28217.0,88166,-73.0,0.0,
1988-06-30,,,,,,,,,,,,,,,,,,,,,,,,,,,,,,,,,False,,174230,1162503,,3326072,,3553.0,,99193.0,,,,,,,,,,,,,,,,,,,,,False,3309425,0.9949949971016863,,2146922,348239,675444,138820,429005,290185,138820,61563.0,138820,0,77257.0,True,16647,91501,,,,,,,,,,,,,,3326072,0,0.08115339076128522,,16817.0,,,,,,,,,,,,,0,,,,,,,,,,,,,,,,,,,,,,,,,,,604002,-10268.0,0.0,9047.0,,,,,,,,,,,,,77280,-526.0,0.0,3875.0,,,,,,,,,392115,-3085.0,0.0,,175728,2951.0,2951.0,,158867,5623.0,5623.0,,,,,,30278,745.0,745.0,,,,,,,,,,,,,,,,,,,,,,,,,,16647,-12834.0,0.0,1360.0,174230,-8106.0,0.0,3553.0,348239,6181.0,6181.0,,385259,11578.0,11578.0,18716.0,429005,11567.0,11567.0,28972.0,91501,3335.0,3335.0,
1988-09-30,,,,,,,,,,,,,,,,,,,,,,,,,,,,,,,,,False,,181970,1201186,,3413243,,4162.0,,120871.0,,,,,,,,,,,,,,,,,,,,,False,3394124,0.9943985822281038,,2192938,350613,700585,149988,453138,303150,149988,73438.0,149988,0,76550.0,True,19119,91047,,,,,,,,,,,,,,3413243,0,0.082980002170604,,87171.0,,,,,,,,,,,,,0,,,,,,,,,,,,,,,,,,,,,,,,,,,608584,4582.0,4582.0,14167.0,,,,,,,,,,,,,78307,1027.0,1027.0,3881.0,,,,,,,,,398823,6708.0,6708.0,,177722,1994.0,1994.0,,162695,3828.0,3828.0,,,,,,30947,669.0,669.0,,,,,,,,,,,,,,,,,,,,,,,,,,19119,2472.0,2472.0,198.0,181970,7740.0,7740.0,4162.0,350613,2374.0,2374.0,,397435,12176.0,12176.0,21128.0,453138,24133.0,24133.0,34665.0,91047,-454.0,0.0,
1988-12-31,,,,,,,,,,,,,,,,,,,,,,,,,,,,,,,,,False,,188746,1249987,,3501051,,4436.0,,114462.0,,,,,,,,,,,,,,,,,,,,,False,3480095,0.9940143688281033,,2230108,362949,726074,160964,475970,315006,160964,85678.0,160964,0,75286.0,True,20956,91456,,,,,,,,,,,,,,3501051,0,0.08463536295103197,,87808.0,,,,,,,,,,,,,0,,,,,,,,,,,,,,,,,,,,,,,,,,,616206,7622.0,7622.0,10954.0,,,,,,,,,,,,,76160,-2147.0,0.0,3531.0,,,,,,,,,404368,5545.0,5545.0,,180233,2511.0,2511.0,,165938,3243.0,3243.0,,,,,,32194,1247.0,1247.0,,,,,,,,,,,,,,,,,,,,,,,,,,20956,1837.0,1837.0,450.0,188746,6776.0,6776.0,4436.0,362949,12336.0,12336.0,,411068,13633.0,13633.0,21890.0,475970,22832.0,22832.0,34953.0,91456,409.0,409.0,
1989-03-31,,,,,,,,,,,,,,,,,,,,,,,,,,,,,,,,,False,,193108,1306387,,3588647,,4939.0,,129436.0,,,,,,,,,,,,,,,,,,,,,False,3561446,0.9924202631242359,,2255059,379577,751730,175080,503568,328488,175080,97054.0,175080,0,78026.0,True,27201,92644,,,,,,,,,,,,,,3588647,0,0.08563323620357605,,87596.0,,,,,,,,,,,,,0,,,,,,,,,,,,,,,,,,,,,,,,,,,601415,-14791.0,0.0,13284.0,,,,,,,,,,,,,77702,1542.0,1542.0,3488.0,,,,,,,,,407272,2904.0,2904.0,,183400,3167.0,3167.0,,171309,5371.0,5371.0,,,,,,32764,570.0,570.0,,,,,,,,,,,,,,,,,,,,,,,,,,27201,6245.0,6245.0,1128.0,193108,4362.0,4362.0,4939.0,379577,16628.0,16628.0,,423242,12174.0,12174.0,23214.0,503568,27598.0,27598.0,38264.0,92644,1188.0,1188.0,
1989-06-30,,,,,,,,,,,,,,,,,,,,,,,,,,,,,,,,,False,,182885,1348067,,3584088,,4848.0,,139270.0,,,,,,,,,,,,,,,,,,,,,False,3567157,0.9952760646501984,,2219090,389655,778559,179853,522166,342313,179853,106003.0,179853,0,73850.0,True,16931,92216,,,,,,,,,,,,,,3584088,0,0.082414413115286,,-4559.0,,,,,,,,,,,,,0,,,,,,,,,,,,,,,,,,,,,,,,,,,586659,-14756.0,0.0,14212.0,,,,,,,,,,,,,76592,-1110.0,0.0,5961.0,,,,,,,,,396632,-10640.0,0.0,,182173,-1227.0,0.0,,172541,1232.0,1232.0,,,,,,33558,794.0,794.0,,,,,,,,,,,,,,,,,,,,,,,,,,16931,-10270.0,0.0,1630.0,182885,-10223.0,0.0,4848.0,389655,10078.0,10078.0,,436246,13004.0,13004.0,24923.0,522166,18598.0,18598.0,39800.0,92216,-428.0,0.0,
1989-09-30,,,,,,,,,,,,,,,,,,,,,,,,,,,,,,,,,False,,194146,1407889,,3738573,,5570.0,,138472.0,,,,,,,,,,,,,,,,,,,,,False,3719846,0.994990869510907,,2311957,407482,809293,191114,549646,358532,191114,119123.0,191114,0,71991.0,True,18727,94315,,,,,,,,,,,,,,3738573,0,0.08397474520503626,,154485.0,,,,,,,,,,,,,0,,,,,,,,,,,,,,,,,,,,,,,,,,,605713,19054.0,19054.0,13756.0,,,,,,,,,,,,,75499,-1093.0,0.0,2209.0,,,,,,,,,411248,14616.0,14616.0,,186905,4732.0,4732.0,,183004,10463.0,10463.0,,,,,,34548,990.0,990.0,,,,,,,,,,,,,,,,,,,,,,,,,,18727,1796.0,1796.0,266.0,194146,11261.0,11261.0,5570.0,407482,17827.0,17827.0,,450761,14515.0,14515.0,25467.0,549646,27480.0,27480.0,45663.0,94315,2099.0,2099.0,
1989-12-31,,,,,,,,,,,,,,,,,,,,,,,,,,,,,,,,,False,,200285,1480339,,3846247,,6102.0,,164726.0,,,,,,,,,,,,,,,,,,,,,False,3826414,0.9948435448893428,,2346075,431707,839808,208824,579612,370788,208824,132192.0,208824,0,76632.0,True,19833,94575,,,,,,,,,,,,,,3846247,0,0.08537024604925247,,107674.0,,,,,,,,,,,,,0,,,,,,,,,,,,,,,,,,,,,,,,,,,613832,8119.0,8119.0,16810.0,,,,,,,,,,,,,72356,-3143.0,0.0,4443.0,,,,,,,,,415756,4508.0,4508.0,,189779,2874.0,2874.0,,184108,1104.0,1104.0,,,,,,37000,2452.0,2452.0,,,,,,,,,,,,,,,,,,,,,,,,,,19833,1106.0,1106.0,480.0,200285,6139.0,6139.0,6102.0,431707,24225.0,24225.0,,469020,18259.0,18259.0,30815.0,579612,29966.0,29966.0,47490.0,94575,260.0,260.0,
1990-03-31,,,,,,,,,,,,,,,,,,,,,,,,,,,,,,,,,False,,206299,1547844,,3977604,,6143.0,,146327.0,,,,,,,,,,,,,,,,,,,,,False,3952155,0.9936019271903387,,2404311,459598,869465,218781,600359,381578,218781,148904.0,218781,0,69877.0,True,25449,95870,,,,,,,,,,,,,,3977604,0,0.0858037916059944,,131357.0,,,,,,,,,,,,,0,,,,,,,,,,,,,,,,,,,,,,,,,,,609098,-4734.0,0.0,14636.0,,,,,,,,,,,,,75400,3044.0,3044.0,3467.0,,,,,,,,,425681,9925.0,9925.0,,192832,3053.0,3053.0,,196873,12765.0,12765.0,,,,,,38685,1685.0,1685.0,,,,,,,,,,,,,,,,,,,,,,,,,,25449,5616.0,5616.0,1429.0,206299,6014.0,6014.0,6143.0,459598,27891.0,27891.0,,487887,18867.0,18867.0,28751.0,600359,20747.0,20747.0,41598.0,95870,1295.0,1295.0,
1990-06-30,,,,,,,,,,,,,,,,,,,,,,,,,,,,,,,,,False,,197792,1556522,,3956403,,5968.0,,135778.0,,,,,,,,,,,,,,,,,,,,,False,3937856,0.9953121560164624,,2381334,458724,870759,227039,617713,390674,227039,158899.0,227039,0,68140.0,True,18547,95036,,,,,,,,,,,,,,3956403,0,0.0830593272510282,,-21201.0,,,,,,,,,,,,,0,,,,,,,,,,,,,,,,,,,,,,,,,,,601390,-7708.0,0.0,12796.0,,,,,,,,,,,,,72306,-3094.0,0.0,3984.0,,,,,,,,,417354,-8327.0,0.0,,193574,742.0,742.0,,194540,-2333.0,0.0,,,,,,40497,1812.0,1812.0,,,,,,,,,,,,,,,,,,,,,,,,,,18547,-6902.0,0.0,1868.0,197792,-8507.0,0.0,5968.0,458724,-874.0,0.0,,480085,-7802.0,0.0,22941.0,617713,17354.0,17354.0,37172.0,95036,-834.0,0.0,
1990-09-30,,,,,,,,,,,,,,,,,,,,,,,,,,,,,,,,,False,,205132,1576394,,4043391,,6159.0,,152075.0,,,,,,,,,,,,,,,,,,,,,False,4023974,0.9951978426029043,,2447580,450877,885785,239732,643787,404055,239732,173385.0,239732,0,66347.0,True,19417,96384,,,,,,,,,,,,,,4043391,0,0.08381013082309874,,86988.0,,,,,,,,,,,,,0,,,,,,,,,,,,,,,,,,,,,,,,,,,610486,9096.0,9096.0,16530.0,,,,,,,,,,,,,74294,1988.0,1988.0,3941.0,,,,,,,,,428145,10791.0,10791.0,,198089,4515.0,4515.0,,199608,5068.0,5068.0,,,,,,40922,425.0,425.0,,,,,,,,,,,,,,,,,,,,,,,,,,19417,870.0,870.0,366.0,205132,7340.0,7340.0,6159.0,450877,-7847.0,0.0,,481730,1645.0,1645.0,21850.0,643787,26074.0,26074.0,47864.0,96384,1348.0,1348.0,
1990-12-31,,,,,,,,,,,,,,,,,,,,,,,,,,,,,,,,,False,,208621,1591377,,4087909,,5419.0,,136384.0,,,,,,,,,,,,,,,,,,,,,False,4068238,0.9951880044296485,,2476861,453612,893390,244375,652932,408557,244375,181039.0,244375,0,63336.0,True,19671,96274,,,,,,,,,,,,,,4087909,0,0.08422798049628138,,44518.0,,,,,,,,,,,,,0,,,,,,,,,,,,,,,,,,,,,,,,,,,614651,4165.0,4165.0,16364.0,,,,,,,,,,,,,72057,-2237.0,0.0,4225.0,,,,,,,,,430609,2464.0,2464.0,,200930,2841.0,2841.0,,199438,-170.0,0.0,,,,,,43026,2104.0,2104.0,,,,,,,,,,,,,,,,,,,,,,,,,,19671,254.0,254.0,423.0,208621,3489.0,3489.0,5419.0,453612,2735.0,2735.0,,484833,3103.0,3103.0,20298.0,652932,9145.0,9145.0,36018.0,96274,-110.0,0.0,
1991-03-31,,,,,,,,,,,,,,,,,,,,,,,,,,,,,,,,,False,,214310,1601815,,4133410,,4701.0,52988.0,132549.0,,,,,,,,,,,,,,,,,,,,,False,4107988,0.993849630208472,,2506173,448435,903158,250222,664100,413878,250222,190718.0,250222,0,59504.0,True,25422,94751,,,,,,,,,,,,,,4133410,0,0.08551285166666467,,45501.0,,,,,,,,,,,,,0,,,,,,,,,,,,,,,,,,,,,,,,,,,621250,6599.0,6599.0,16815.0,,,,,,,,,,,,,75537,3480.0,3480.0,5099.0,,,,,,,,,431246,637.0,637.0,,201257,327.0,327.0,,199432,-6.0,0.0,,,,,,43553,527.0,527.0,,,,,,,,,,,,,,,,,,,,,,,,,,25422,5751.0,5751.0,1437.0,214310,5689.0,5689.0,4701.0,448435,-5177.0,0.0,1244.0,489280,4447.0,4447.0,18054.0,664100,11168.0,11168.0,33690.0,94751,-1523.0,0.0,992.0
1991-06-30,,,,,,,,,,,,,,,,,,,,,,,,,,,,,,,,,False,,208149,1617019,,4128583,,4786.0,48834.0,119629.0,,,,,,,,,,,,,,,,,,,,,False,4107834,0.9949743047432982,,2490815,451685,914310,251024,671729,420705,251024,194941.0,251024,0,56083.0,True,20749,95852,,,,,,,,,,,,,,4128583,0,0.08356662377575211,,-4827.0,,,,,,,,,,,,,0,,,,,,,,,,,,,,,,,,,,,,,,,,,616075,-5175.0,0.0,14215.0,,,,,,,,,,,,,72965,-2572.0,0.0,5064.0,,,,,,,,,421299,-9947.0,0.0,,202159,902.0,902.0,,198766,-666.0,0.0,,,,,,44614,1061.0,1061.0,,,,,,,,,,,,,,,,,,,,,,,,,,20749,-4673.0,0.0,2635.0,208149,-6161.0,0.0,4786.0,451685,3250.0,3250.0,1026.0,493605,4325.0,4325.0,15604.0,671729,7629.0,7629.0,32204.0,95852,1101.0,1101.0,1068.0
1991-09-30,,,,,,,,,,,,,,,,,,,,,,,,,,,,,,,,,False,,214525,1620832,,4142604,,5330.0,53939.0,131324.0,,,,,,,,,,,,,,,,,,,,,False,4120792,0.9947347127555518,,2499960,440301,922258,258273,685121,426848,258273,200597.0,258273,0,57676.0,True,21812,93545,,,,,,,,,,,,,,4142604,0,0.08581137298196771,,14021.0,,,,,,,,,,,,,0,,,,,,,,,,,,,,,,,,,,,,,,,,,611078,-4997.0,0.0,16879.0,,,,,,,,,,,,,75339,2374.0,2374.0,4279.0,,,,,,,,,419634,-1665.0,0.0,,202303,144.0,144.0,,195800,-2966.0,0.0,,,,,,45625,1011.0,1011.0,,,,,,,,,,,,,,,,,,,,,,,,,,21812,1063.0,1063.0,497.0,214525,6376.0,6376.0,5330.0,440301,-11384.0,0.0,1213.0,495410,1805.0,1805.0,17809.0,685121,13392.0,13392.0,34917.0,93545,-2307.0,0.0,854.0
1991-12-31,,,,,,,,,,,,,,,,,,,,,,,,,,,,,,,,,False,,224950,1643026,,4210834,,6367.0,55299.0,138228.0,,,,,,,,,,,,,,,,,,,,,False,4187197,0.9943866226975464,,2544171,443714,939384,259928,693061,433133,259928,200895.0,259928,0,59033.0,True,23637,94128,,,,,,,,,,,,,,4210834,0,0.08841779896084029,,68230.0,,,,,,,,,,,,,0,,,,,,,,,,,,,,,,,,,,,,,,,,,628241,17163.0,17163.0,16970.0,,,,,,,,,,,,,74149,-1190.0,0.0,5158.0,,,,,,,,,417326,-2308.0,0.0,,205299,2996.0,2996.0,,194096,-1704.0,0.0,,,,,,46791,1166.0,1166.0,,,,,,,,,,,,,,,,,,,,,,,,,,23637,1825.0,1825.0,891.0,224950,10425.0,10425.0,6367.0,443714,3413.0,3413.0,1294.0,506251,10841.0,10841.0,19307.0,693061,7940.0,7940.0,34698.0,94128,583.0,583.0,1768.0
1992-03-31,,,,,,,,,,,,,,,,,,,,,,,,,,,,,,,,,False,,233980,1659775,,4220025,,5579.0,53598.0,137897.0,,,,,,,,,,,,,,,,,,,,,False,4189240,0.9927050195200265,,2529465,450046,947531,262198,698950,436752,262198,203748.0,262198,0,58450.0,True,30785,95184,,,,,,,,,,,,,,4220025,0,0.09250177409056856,,9191.0,,,,,,,,,,,,,0,,,,,,,,,,,,,,,,,,,,,,,,,,,611690,-16551.0,0.0,18135.0,,,,,,,,,,,,,75189,1040.0,1040.0,5120.0,,,,,,,,,403871,-13455.0,0.0,,204343,-956.0,0.0,,192882,-1214.0,0.0,,,,,,48139,1348.0,1348.0,,,,,,,,,,,,,,,,,,,,,,,,,,30785,7148.0,7148.0,2538.0,233980,9030.0,9030.0,5579.0,450046,6332.0,6332.0,1297.0,510779,4528.0,4528.0,19800.0,698950,5889.0,5889.0,32501.0,95184,1056.0,1056.0,2337.0
1992-06-30,,,,,,,,,,,,,,,,,,,,,,,,,,,,,,,,,False,,225649,1659917,,4201473,,4758.0,49035.0,118004.0,,,,,,,,,,,,,,,,,,,,,False,4175090,0.9937205356311941,,2515173,443505,953324,263088,700153,437065,263088,203862.0,263088,0,59226.0,True,26383,96204,,,,,,,,,,,,,,4201473,0,0.08971510110835318,,-18552.0,,,,,,,,,,,,,0,,,,,,,,,,,,,,,,,,,,,,,,,,,612255,565.0,565.0,14509.0,,,,,,,,,,,,,75436,247.0,247.0,4966.0,,,,,,,,,393140,-10731.0,0.0,,205287,944.0,944.0,,189744,-3138.0,0.0,,,,,,49624,1485.0,1485.0,,,,,,,,,,,,,,,,,,,,,,,,,,26383,-4402.0,0.0,3475.0,225649,-8331.0,0.0,4758.0,443505,-6541.0,0.0,1070.0,516259,5480.0,5480.0,15930.0,700153,1203.0,1203.0,32035.0,96204,1020.0,1020.0,1198.0
1992-09-30,,,,,,,,,,,,,,,,,,,,,,,,,,,,,,,,,False,,234436,1668699,,4221529,,4766.0,47358.0,118529.0,,,,,,,,,,,,,,,,,,,,,False,4193436,0.9933453021405277,,2524737,442463,963303,262933,702077,439144,262933,202906.0,262933,0,60027.0,True,28093,95165,,,,,,,,,,,,,,4221529,0,0.09285561228753728,,20056.0,,,,,,,,,,,,,0,,,,,,,,,,,,,,,,,,,,,,,,,,,611428,-827.0,0.0,15211.0,,,,,,,,,,,,,75109,-327.0,0.0,4291.0,,,,,,,,,390173,-2967.0,0.0,,207823,2536.0,2536.0,,185886,-3858.0,0.0,,,,,,50652,1028.0,1028.0,,,,,,,,,,,,,,,,,,,,,,,,,,28093,1710.0,1710.0,547.0,234436,8787.0,8787.0,4766.0,442463,-1042.0,0.0,1199.0,524159,7900.0,7900.0,15109.0,702077,1924.0,1924.0,31050.0,95165,-1039.0,0.0,1514.0
1992-12-31,,,,,,,,,,,,,,,,,,,,,,,,,,,,,,,,,False,,244131,1674991,,4279724,,4097.0,48967.0,116153.0,,,,,,,,,,,,,,,,,,,,,False,4249918,0.9930355321978707,,2574927,437708,973352,263931,705013,441082,263931,198902.0,263931,0,65029.0,True,29806,97659,,,,,,,,,,,,,,4279724,0,0.09481084318118534,,58195.0,,,,,,,,,,,,,0,,,,,,,,,,,,,,,,,,,,,,,,,,,624162,12734.0,12734.0,12724.0,,,,,,,,,,,,,74653,-456.0,0.0,4947.0,,,,,,,,,391975,1802.0,1802.0,,212494,4671.0,4671.0,,184419,-1467.0,0.0,,,,,,51979,1327.0,1327.0,,,,,,,,,,,,,,,,,,,,,,,,,,29806,1713.0,1713.0,429.0,244131,9695.0,9695.0,4097.0,437708,-4755.0,0.0,1000.0,532270,8111.0,8111.0,16341.0,705013,2936.0,2936.0,31626.0,97659,2494.0,2494.0,1995.0
1993-03-31,,,,,,,,,,,,,,,,,,,,,,,,,,,,,,,,,False,,246925,1686797,,4279545,,4309.0,55458.0,129382.0,,,,,,,,,,,,,,,,,,,,,False,4241591,0.9911313001732661,,2554794,438794,982102,265901,706708,440807,265901,197165.0,265901,0,68736.0,True,37954,95589,,,,,,,,,,,,,,4279545,0,0.09665162827218163,,-179.0,,,,,,,,,,,,,0,,,,,,,,,,,,,,,,,,,,,,,,,,,612344,-11818.0,0.0,15925.0,,,,,,,,,,,,,73891,-762.0,0.0,3857.0,,,,,,,,,384790,-7185.0,0.0,4870.0,214238,1744.0,1744.0,6281.0,178634,-5785.0,0.0,,,,,,52763,784.0,784.0,2394.0,,,,1824.0,,,,,,,,,,,,,,,,,,,,,37954,8148.0,8148.0,1937.0,246925,2794.0,2794.0,4309.0,438794,1086.0,1086.0,1521.0,541295,9025.0,9025.0,20797.0,706708,1695.0,1695.0,33140.0,95589,-2070.0,0.0,2414.0
1993-06-30,,,,,,,,,,,,,,,,,,,,,,,,,,,,,,,,,False,,284315,1951347,,5008835,,3644.0,47896.0,114031.0,,,,,,,,,,,,,,,,,,,,,False,4975634,0.9933715125373465,,3024287,543164,1031883,376300,819003,442703,376300,193649.0,376300,0,182651.0,True,33201,90300,,,,,,,,,,,,,,5008835,0,0.09401058828080801,,729290.0,,,,,,,,,,,,,0,,,,,,,,,,,,,,,,,,,,,,,,,,,773443,161099.0,161099.0,11974.0,,,,,,,,,,,,,80007,6116.0,6116.0,5380.0,,,,,,,,,487223,102433.0,102433.0,4231.0,271622,57384.0,57384.0,5210.0,201830,23196.0,23196.0,1992.0,,,,,56630,3867.0,3867.0,2278.0,53148.0,,,1780.0,,,,,,,,,,,,,,,,,,,,,33201,-4753.0,0.0,5038.0,284315,37390.0,37390.0,3644.0,543164,104370.0,104370.0,850.0,589180,47885.0,47885.0,15103.0,819003,112295.0,112295.0,31943.0,90300,-5289.0,0.0,1616.0
1993-09-30,,,,,,,,,,,,,,,,,,,,,,,,,,,,,,,,,False,,296844,1963066,,5060022,,3876.0,48060.0,108857.0,,,,,,,,,,,,,,,,,,,,,False,5020969,0.9922820493665838,,3057903,554396,1031376,377294,818577,441283,377294,190428.0,377294,0,186866.0,True,39053,87309,,,,,,,,,,,,,,5060022,0,0.0970743676303663,,51187.0,,,,,,,,,,,,,0,,,,,,,,,,,,,,,,,,,,,,,,,,,772103,-1340.0,0.0,11247.0,,,,,,,,,,,,,78836,-1171.0,0.0,3976.0,,,,,,,,,498719,11496.0,11496.0,4185.0,275428,3806.0,3806.0,5413.0,202052,222.0,222.0,2027.0,,,,,57925,1295.0,1295.0,2917.0,53505.0,357.0,357.0,1939.0,,,,,,,,,,,,,,,,,,,,,39053,5852.0,5852.0,327.0,296844,12529.0,12529.0,3876.0,554396,11232.0,11232.0,1102.0,590093,913.0,913.0,15705.0,818577,-426.0,0.0,31253.0,87309,-2991.0,0.0,1666.0
1993-12-31,,,,,,,,,,,,,,,,,,,,,,,,,,,,,,,,,False,,309462,1956470,,5110183,,3888.0,49300.0,109403.0,,,,,,,,,,,,,,,,,,,,,False,5063004,0.9907676496125482,,3106534,542494,1042421,371555,813995,442440,371555,185684.0,371555,0,185871.0,True,47179,87889,,,,,,,,,,,,,,5110183,0,0.09961648576838367,,50161.0,,,,,,,,,,,,,0,,,,,,,,,,,,,,,,,,,,,,,,,,,799311,27208.0,27208.0,10728.0,,,,,,,,,,,,,80048,1212.0,1212.0,5318.0,,,,,,,,,495660,-3059.0,0.0,3890.0,278028,2600.0,2600.0,5094.0,196607,-5445.0,0.0,1698.0,,,,,59071,1146.0,1146.0,2331.0,53551.0,46.0,46.0,1775.0,,,,,,,,,,,,,,,,,,,,,47179,8126.0,8126.0,943.0,309462,12618.0,12618.0,3888.0,542494,-11902.0,0.0,612.0,599981,9888.0,9888.0,15547.0,813995,-4582.0,0.0,33141.0,87889,580.0,580.0,2180.0
1994-03-31,,,,,,,,,,,,,,,,,,,,,,,,,,,,,,,,,False,,311478,1975730,,5080051,,3853.0,61139.0,134124.0,,,,,,,,,,,,,,,,,,,,,False,5026162,0.9893920356311383,,3050432,555123,1050252,370355,817296,446941,370355,183787.0,370355,0,186568.0,True,53889,82406,,,,,,,,,,,,,,5080051,0,0.10210947170761388,,-30132.0,,,,,,,,,,,,,0,,,,,,,,,,,,,,,,,,,,,,,,,,,768509,-30802.0,0.0,14865.0,,,,,,,,,,,,,79259,-789.0,0.0,4240.0,,,,,,,,,489516,-6144.0,0.0,4380.0,278155,127.0,127.0,5894.0,191896,-4711.0,0.0,2502.0,,,,,59428,357.0,357.0,2967.0,52950.0,-601.0,0.0,1621.0,,,,,,,,,,,,,,,,,,,,,53889,6710.0,6710.0,3653.0,311478,2016.0,2016.0,3853.0,555123,12629.0,12629.0,1073.0,603311,3330.0,3330.0,20294.0,817296,3301.0,3301.0,39772.0,82406,-5483.0,0.0,1890.0
1994-06-30,,,,,,,,,,,,,,,,,,,,,,,,,,,,,,,,,False,,293813,1957410,,4989504,,3120.0,50485.0,105654.0,,,,,,,,,,,,,,,,,,,,,False,4947543,0.9915901460345558,,2990133,544848,1049719,362843,811743,448900,362843,180809.0,362843,0,182034.0,True,41961,76449,,,,,,,,,,,,,,4989504,0,0.09826084659110482,,-90547.0,,,,,,,,,,,,,0,,,,,,,,,,,,,,,,,,,,,,,,,,,758631,-9878.0,0.0,8203.0,,,,,,,,,,,,,80987,1728.0,1728.0,5802.0,,,,,,,,,472894,-16622.0,0.0,3196.0,276225,-1930.0,0.0,4136.0,186584,-5312.0,0.0,1996.0,,,,,59987,559.0,559.0,1863.0,52349.0,-601.0,0.0,1634.0,,,,,,,,,,,,,,,,,,,,,41961,-11928.0,0.0,4910.0,293813,-17665.0,0.0,3120.0,544848,-10275.0,0.0,972.0,600819,-2492.0,0.0,15813.0,811743,-5553.0,0.0,33700.0,76449,-5957.0,0.0,1763.0
1994-09-30,,,,,,,,,,,,,,,,,,,,,,,,,,,,,,,,,False,,306226,1966165,,5039312,,3685.0,54386.0,113523.0,,,,,,,,,,,,,,,,,,,,,False,4986989,0.9896170350238287,,3020824,552596,1051716,361853,811006,449153,361853,176776.0,361853,0,185077.0,True,52323,73780,,,,,,,,,,,,,,5039312,0,0.10137167872077288,,49808.0,,,,,,,,,,,,,0,,,,,,,,,,,,,,,,,,,,,,,,,,,760445,1814.0,1814.0,11428.0,,,,,,,,,,,,,80423,-564.0,0.0,4237.0,,,,,,,,,482581,9687.0,9687.0,4039.0,278952,2727.0,2727.0,4337.0,186327,-257.0,0.0,2805.0,,,,,60785,798.0,798.0,2259.0,52608.0,259.0,259.0,1767.0,,,,,,,,,,,,,,,,,,,,,52323,10362.0,10362.0,494.0,306226,12413.0,12413.0,3685.0,552596,7748.0,7748.0,2040.0,602563,1744.0,1744.0,16951.0,811006,-737.0,0.0,35395.0,73780,-2669.0,0.0,1579.0
1994-12-31,,,,,,,,,,,,,,,,,,,,,,,,,,,,,,,,,False,,318530,1968010,,5088503,,3553.0,53759.0,108728.0,,,,,,,,,,,,,,,,,,,,,False,5029333,0.9883718256626752,,3061323,549743,1062631,355636,807910,452274,355636,172366.0,355636,0,183270.0,True,59170,71706,,,,,,,,,,,,,,5088503,0,0.10404978501125167,,49191.0,,,,,,,,,,,,,0,,,,,,,,,,,,,,,,,,,,,,,,,,,778613,18168.0,18168.0,8764.0,,,,,,,,,,,,,80447,24.0,24.0,4764.0,,,,,,,,,483272,691.0,691.0,3563.0,280856,1904.0,1904.0,4483.0,184637,-1690.0,0.0,1748.0,,,,,61765,980.0,980.0,1737.0,52721.0,113.0,113.0,1665.0,,,,,,,,,,,,,,,,,,,,,59170,6847.0,6847.0,758.0,318530,12304.0,12304.0,3553.0,549743,-2853.0,0.0,980.0,610357,7794.0,7794.0,15755.0,807910,-3096.0,0.0,37024.0,71706,-2074.0,0.0,2039.0
1995-03-31,,,,,,,,,,,,,,,,,,,,,,,,,,,,,,,,,False,,319845,1985464,,5060794,,3886.0,62640.0,123609.0,,,,,,,,,,,,,,,,,,,,,False,5000154,0.9880176905046916,,3014690,555706,1075177,354581,811997,457416,354581,170441.0,354581,0,184140.0,True,60640,67525,,,,,,,,,,,,,,5060794,0,0.10609548577133968,,-27709.0,,,,,,,,,,,,,0,,,,,,,,,,,,,,,,,,,,,,,,,,,749447,-29166.0,0.0,10964.0,,,,,,,,,,,,,80020,-427.0,0.0,3756.0,,,,,,,,,478391,-4881.0,0.0,4112.0,280416,-440.0,0.0,4839.0,184582,-55.0,0.0,1759.0,,,,,62010,245.0,245.0,1794.0,52266.0,-455.0,0.0,1440.0,,,,,,,,,,,,,,,,,,,,,60640,1470.0,1470.0,2493.0,319845,1315.0,1315.0,3886.0,555706,5963.0,5963.0,1261.0,617761,7404.0,7404.0,23146.0,811997,4087.0,4087.0,38233.0,67525,-4181.0,0.0,1899.0
1995-06-30,,,,,,,,,,,,,,,,,,,,,,,,,,,,,,,,,False,,300951,1971346,,4981256,,3842.0,53136.0,113651.0,,,,,,,,,,,,,,,,,,,,,False,4929753,0.9896606398065066,,2958407,545709,1075960,349677,811218,461541,349677,166963.0,349677,0,182714.0,True,51503,63363,,,,,,,,,,,,,,4981256,0,0.10172738233785954,,-79538.0,,,,,,,,,,,,,0,,,,,,,,,,,,,,,,,,,,,,,,,,,739205,-10242.0,0.0,9110.0,,,,,,,,,,,,,81209,1189.0,1189.0,6390.0,,,,,,,,,457950,-20441.0,0.0,3627.0,279076,-1340.0,0.0,4297.0,184850,268.0,268.0,1517.0,,,,,62578,568.0,568.0,1803.0,51718.0,-548.0,0.0,1547.0,,,,,,,,,,,,,,,,,,,,,51503,-9137.0,0.0,6259.0,300951,-18894.0,0.0,3842.0,545709,-9997.0,0.0,1209.0,614419,-3342.0,0.0,16091.0,811218,-779.0,0.0,35836.0,63363,-4162.0,0.0,2027.0
1995-09-30,,,,,,,,,,,,,,,,,,,,,,,,,,,,,,,,,False,,313718,2004444,,5077251,,3977.0,80183.0,146985.0,,,,,,,,,,,,,,,,,,,,,False,5014718,0.9876836894610883,,3010274,553531,1102279,348634,833455,484821,348634,163201.0,348634,0,185433.0,True,62533,67065,,,,,,,,,,,,,,5077251,0,0.10421576241896917,,95995.0,,,,,,,,,,,,,0,,,,,,,,,,,,,,,,,,,,,,,,,,,746129,6924.0,6924.0,12487.0,,,,,,,,,,,,,81477,268.0,268.0,4579.0,,,,,,,,,473077,15127.0,15127.0,3935.0,280663,1587.0,1587.0,5518.0,184653,-197.0,0.0,3007.0,,,,,63056,478.0,478.0,2085.0,51632.0,-86.0,0.0,1695.0,,,,,,,,,,,,,,,,,,,,,62533,11030.0,11030.0,470.0,313718,12767.0,12767.0,3977.0,553531,7822.0,7822.0,1942.0,617458,3039.0,3039.0,20959.0,833455,22237.0,22237.0,57282.0,67065,3702.0,3702.0,4218.0
1995-12-31,,,,,,,,,,,,,,,,,,,,,,,,,,,,,,,,,False,,322083,2025789,,5127471,,4379.0,78458.0,139719.0,,,,,,,,,,,,,,,,,,,,,False,5057409,0.9863359539234839,,3031620,548995,1133955,342839,854225,511386,342839,160114.0,342839,0,182725.0,True,70062,67724,,,,,,,,,,,,,,5127471,0,0.10624121756684544,,50220.0,,,,,,,,,,,,,0,,,,,,,,,,,,,,,,,,,,,,,,,,,752429,6300.0,6300.0,9359.0,,,,,,,,,,,,,81048,-429.0,0.0,4627.0,,,,,,,,,466648,-6429.0,0.0,3807.0,280722,59.0,59.0,5076.0,186642,1989.0,1989.0,1798.0,,,,,63283,227.0,227.0,1716.0,51670.0,38.0,38.0,1657.0,,,,,,,,,,,,,,,,,,,,,70062,7529.0,7529.0,818.0,322083,8365.0,8365.0,4379.0,548995,-4536.0,0.0,894.0,622569,5111.0,5111.0,16914.0,854225,20770.0,20770.0,60650.0,67724,659.0,659.0,2713.0
1996-03-31,,,,,,,,,,,,,,,,,,,,,,,,,,,,,,,,,False,,313613,2031019,,5090445,,3822.0,78812.0,150654.0,,,,,,,,,,,,,,,,,,,,,False,5018736,0.9859130193922142,,2987717,530704,1151969,348346,873603,525257,348346,159254.0,348346,0,189092.0,True,71709,67993,,,,,,,,,,,,,,5090445,0,0.10496743834841119,,-37026.0,,,,,,,,,,,,,0,,,,,,,,,,,,,,,,,,,,,,,,,,,729227,-23202.0,0.0,13288.0,,,,,,,,,,,,,81304,256.0,256.0,6557.0,,,,,,,,,462919,-3729.0,0.0,3716.0,276553,-4169.0,0.0,4837.0,184987,-1655.0,0.0,2500.0,,,,,63848,565.0,565.0,2170.0,50592.0,-1078.0,0.0,1417.0,,,,,,,,,,,,,,,,,,,,,71709,1647.0,1647.0,2825.0,313613,-8470.0,0.0,3822.0,530704,-18291.0,0.0,1903.0,626712,4143.0,4143.0,23490.0,873603,19378.0,19378.0,53419.0,67993,269.0,269.0,2991.0
1996-06-30,,,,,,,,,,,,,,,,,,,,,,,,,,,,,,,,,False,,293084,2031098,,5034993,,3349.0,57250.0,118571.0,,,,,,,,,,,,,,,,,,,,,False,4976950,0.9884720793057706,,2945852,528041,1157901,345156,878060,532904,345156,156353.0,345156,0,188803.0,True,58043,67949,,,,,,,,,,,,,,5034993,0,0.0994904020975935,,-55452.0,,,,,,,,,,,,,0,,,,,,,,,,,,,,,,,,,,,,,,,,,722314,-6913.0,0.0,8482.0,,,,,,,,,,,,,82509,1205.0,1205.0,6553.0,,,,,,,,,451385,-11534.0,0.0,3180.0,276707,154.0,154.0,4045.0,183295,-1692.0,0.0,1365.0,,,,,64038,190.0,190.0,1710.0,49726.0,-866.0,0.0,1352.0,,,,,,,,,,,,,,,,,,,,,58043,-13666.0,0.0,6018.0,293084,-20529.0,0.0,3349.0,528041,-2663.0,0.0,1338.0,624997,-1715.0,0.0,17656.0,878060,4457.0,4457.0,38256.0,67949,-44.0,0.0,2721.0
1996-09-30,,,,,,,,,,,,,,,,,,,,,,,,,,,,,,,,,False,,302933,2016210,,5020776,,3659.0,59427.0,118000.0,,,,,,,,,,,,,,,,,,,,,False,4953547,0.9866098387978273,,2937337,503083,1168409,344718,886362,541644,344718,154538.0,344718,0,190180.0,True,67229,67036,,,,,,,,,,,,,,5020776,0,0.10313185038012322,,-14217.0,,,,,,,,,,,,,0,,,,,,,,,,,,,,,,,,,,,,,,,,,703362,-18952.0,0.0,10108.0,,,,,,,,,,,,,81415,-1094.0,0.0,4300.0,,,,,,,,,451806,421.0,421.0,3715.0,277810,1103.0,1103.0,4542.0,180539,-2756.0,0.0,1722.0,,,,,64010,-28.0,0.0,1862.0,49734.0,8.0,8.0,1522.0,,,,,,,,,,,,,,,,,,,,,67229,9186.0,9186.0,596.0,302933,9849.0,9849.0,3659.0,503083,-24958.0,0.0,1441.0,626765,1768.0,1768.0,17211.0,886362,8302.0,8302.0,40775.0,67036,-913.0,0.0,3161.0
1996-12-31,,,,,,,,,,,,,,,,,,,,,,,,,,,,,,,,,False,,316273,2040101,,5120603,,3367.0,56867.0,115055.0,,,,,,,,,,,,,,,,,,,,,False,5047388,0.9857018792513303,,3007287,517517,1186079,336505,888544,552039,336505,151444.0,336505,0,185061.0,True,73215,68439,,,,,,,,,,,,,,5120603,0,0.10516887812835955,,99827.0,,,,,,,,,,,,,0,,,,,,,,,,,,,,,,,,,,,,,,,,,731350,27988.0,27988.0,9903.0,,,,,,,,,,,,,82486,1071.0,1071.0,5879.0,,,,,,,,,458073,6267.0,6267.0,3189.0,279806,1996.0,1996.0,4723.0,181162,623.0,623.0,1239.0,,,,,64125,115.0,115.0,1440.0,50023.0,289.0,289.0,1400.0,,,,,,,,,,,,,,,,,,,,,73215,5986.0,5986.0,732.0,316273,13340.0,13340.0,3367.0,517517,14434.0,14434.0,2294.0,634040,7275.0,7275.0,15091.0,888544,2182.0,2182.0,39482.0,68439,1403.0,1403.0,3603.0
1997-03-31,,,,,,,,,,,,,,,,,,,,,,,,,,,,,,,,,False,,314332,2041676,,5052681,,3765.0,70272.0,142487.0,,,,,,,,,,,,,,,,,,,,,False,4974608,0.9845482032212206,,2932932,501670,1202878,337128,902327,565199,337128,150517.0,337128,0,186611.0,True,78073,71095,,,,,,,,,,,,,,5052681,0,0.10717329961962978,,-67922.0,,,,,,,,,,,,,0,,,,,,,,,,,,,,,,,,,,,,,,,,,693431,-37919.0,0.0,11626.0,,,,,,,,,,,,,77544,-4942.0,0.0,5589.0,,,,,,,,,445202,-12871.0,0.0,3545.0,276475,-3331.0,0.0,5835.0,177181,-3981.0,0.0,1402.0,,,,,64044,-81.0,0.0,2035.0,49510.0,-513.0,0.0,1393.0,,,,,,,,,,,,,,,,,,,,,78073,4858.0,4858.0,2841.0,314332,-1941.0,0.0,3765.0,501670,-15847.0,0.0,2105.0,637679,3639.0,3639.0,23714.0,902327,13783.0,13783.0,44453.0,71095,2656.0,2656.0,3911.0
1997-06-30,,,,,,,,,,,,,,,,,,,,,,,,,,,,,,,,,False,,294333,2049618,,5000878,,3060.0,54009.0,116127.0,,,,,,,,,,,,,,,,,,,,,False,4935021,0.9868309124917665,,2885403,505892,1212624,331102,904908,573806,331102,148059.0,331102,0,183043.0,True,65857,67243,,,,,,,,,,,,,,5000878,0,0.10200758784821393,,-51803.0,,,,,,,,,,,,,0,,,,,,,,,,,,,,,,,,,,,,,,,,,688480,-4951.0,0.0,9247.0,,,,,,,,,,,,,80217,2673.0,2673.0,7073.0,,,,,,,,,434921,-10281.0,0.0,2745.0,277304,829.0,829.0,4295.0,173868,-3313.0,0.0,1730.0,,,,,64505,461.0,461.0,2257.0,48822.0,-688.0,0.0,1270.0,,,,,,,,,,,,,,,,,,,,,65857,-12216.0,0.0,5974.0,294333,-19999.0,0.0,3060.0,505892,4222.0,4222.0,1021.0,638818,1139.0,1139.0,15612.0,904908,2581.0,2581.0,37376.0,67243,-3852.0,0.0,2842.0
1997-09-30,,,,,,,,,,,,,,,,,,,,,,,,,,,,,,,,,False,,303607,2052133,,4994290,,3109.0,57656.0,116078.0,,,,,,,,,,,,,,,,,,,,,False,4921816,0.985488628013191,,2869683,498814,1221014,332305,913049,580744,332305,146403.0,332305,0,185902.0,True,72474,66900,,,,,,,,,,,,,,4994290,0,0.10579809686296361,,-6588.0,,,,,,,,,,,,,0,,,,,,,,,,,,,,,,,,,,,,,,,,,673150,-15330.0,0.0,9982.0,,,,,,,,,,,,,73243,-6974.0,0.0,3798.0,,,,,,,,,437569,2648.0,2648.0,3370.0,277649,345.0,345.0,5232.0,171211,-2657.0,0.0,1403.0,,,,,65001,496.0,496.0,2990.0,48335.0,-487.0,0.0,1452.0,,,,,,,,,,,,,,,,,,,,,72474,6617.0,6617.0,586.0,303607,9274.0,9274.0,3109.0,498814,-7078.0,0.0,1620.0,640270,1452.0,1452.0,18518.0,913049,8141.0,8141.0,37518.0,66900,-343.0,0.0,2891.0
1997-12-31,,,,,,,,,,,,,,,,,,,,,,,,,,,,,,,,,False,,318571,2083162,,5137480,,2989.0,55663.0,113565.0,,,,,,,,,,,,,,,,,,,,,False,5054525,0.9838529785030793,,2971363,516274,1242114,324774,916573,591799,324774,143795.0,324774,0,180979.0,True,82955,69842,,,,,,,,,,,,,,5137480,0,0.1072137601498033,,143190.0,,,,,,,,,,,,,0,,,,,,,,,,,,,,,,,,,,,,,,,,,711403,38253.0,38253.0,10651.0,,,,,,,,,,,,,74439,1196.0,1196.0,3672.0,,,,,,,,,451161,13592.0,13592.0,3444.0,280304,2655.0,2655.0,4497.0,175999,4788.0,4788.0,1656.0,,,,,65538,537.0,537.0,2962.0,48540.0,205.0,205.0,1333.0,,,,,,,,,,,,,,,,,,,,,82955,10481.0,10481.0,850.0,318571,14964.0,14964.0,2989.0,516274,17460.0,17460.0,1237.0,650315,10045.0,10045.0,16151.0,916573,3524.0,3524.0,38275.0,69842,2942.0,2942.0,2863.0
1998-03-31,,,,,,,,,,,,,,,,,,,,,,,,,,,,,,,,,False,,310043,2056392,,4981719,,3189.0,71394.0,138538.0,,,,,,,,,,,,,,,,,,,,,False,4895157,0.9826240701251917,,2838765,479369,1253916,323107,924615,601508,323107,139993.0,323107,0,183114.0,True,86562,66092,,,,,,,,,,,,,,4981719,0,0.1092175646804156,,-155761.0,,,,,,,,,,,,,0,,,,,,,,,,,,,,,,,,,,,,,,,,,670248,-41155.0,0.0,12035.0,,,,,,,,,,,,,64627,-9812.0,0.0,4438.0,,,,,,,,,430499,-20662.0,0.0,3376.0,273263,-7041.0,0.0,6317.0,166300,-9699.0,0.0,1178.0,,,,,63591,-1947.0,0.0,2235.0,47293.0,-1247.0,0.0,1052.0,,,,,,,,,,,,,,,,,,,,,86562,3607.0,3607.0,2715.0,310043,-8528.0,0.0,3189.0,479369,-36905.0,0.0,1768.0,652408,2093.0,2093.0,29170.0,924615,8042.0,8042.0,40456.0,66092,-3750.0,0.0,3974.0
1998-06-30,,,,,,,,,,,,,,,,,,,,,,,,,,,,,,,,,False,,295438,2067815,,4991167,,2192.0,52174.0,111209.0,,,,,,,,,,,,,,,,,,,,,False,4919633,0.9856678808783597,,2851818,489501,1260691,317623,925513,607890,317623,137017.0,317623,0,180606.0,True,71534,70522,,,,,,,,,,,,,,4991167,0,0.10359637255953921,,9448.0,,,,,,,,,,,,,0,,,,,,,,,,,,,,,,,,,,,,,,,,,681084,10836.0,10836.0,10832.0,,,,,,,,,,,,,68315,3688.0,3688.0,4588.0,,,,,,,,,429919,-580.0,0.0,2708.0,274022,759.0,759.0,4406.0,170421,4121.0,4121.0,1445.0,,,,,63576,-15.0,0.0,1457.0,46848.0,-445.0,0.0,1094.0,,,,,,,,,,,,,,,,,,,,,71534,-15028.0,0.0,5403.0,295438,-14605.0,0.0,2192.0,489501,10132.0,10132.0,1287.0,652801,393.0,393.0,17811.0,925513,898.0,898.0,33076.0,70522,4430.0,4430.0,4074.0
1998-09-30,,,,,,,,,,,,,,,,,,,,,,,,,,,,,,,,,False,,301549,2053095,,4955891,,2575.0,57860.0,111232.0,,,,,,,,,,,,,,,,,,,,,False,4870838,0.9828380002707888,,2817743,468387,1268783,315925,933446,617521,315925,134304.0,315925,0,181621.0,True,85053,68898,,,,,,,,,,,,,,4955891,0,0.10701792179059623,,-35276.0,,,,,,,,,,,,,0,,,,,,,,,,,,,,,,,,,,,,,,,,,668544,-12540.0,0.0,12130.0,,,,,,,,,,,,,63516,-4799.0,0.0,2719.0,,,,,,,,,421613,-8306.0,0.0,2811.0,271541,-2481.0,0.0,4954.0,163827,-6594.0,0.0,1361.0,,,,,63539,-37.0,0.0,1694.0,45981.0,-867.0,0.0,1316.0,,,,,,,,,,,,,,,,,,,,,85053,13519.0,13519.0,258.0,301549,6111.0,6111.0,2575.0,468387,-21114.0,0.0,1747.0,651262,-1539.0,0.0,18333.0,933446,7933.0,7933.0,37780.0,68898,-1624.0,0.0,3385.0
1998-12-31,,,,,,,,,,,,,,,,,,,,,,,,,,,,,,,,,False,,319633,2059112,,5029021,,2372.0,53052.0,105375.0,,,,,,,,,,,,,,,,,,,,,False,4935856,0.9814745255587519,,2876744,477349,1275385,306378,931926,625548,306378,128477.0,306378,0,177901.0,True,93165,63037,,,,,,,,,,,,,,5029021,0,0.11110929578718162,,73130.0,,,,,,,,,,,,,0,,,,,,,,,,,,,,,,,,,,,,,,,,,710143,41599.0,41599.0,10361.0,,,,,,,,,,,,,64795,1279.0,1279.0,4003.0,,,,,,,,,438637,17024.0,17024.0,3322.0,279801,8260.0,8260.0,4501.0,166410,2583.0,2583.0,1475.0,,,,,63097,-442.0,0.0,1731.0,46497.0,516.0,516.0,1210.0,,,,,,,,,,,,,,,,,,,,,93165,8112.0,8112.0,800.0,319633,18084.0,18084.0,2372.0,477349,8962.0,8962.0,1324.0,649837,-1425.0,0.0,14864.0,931926,-1520.0,0.0,36864.0,63037,-5861.0,0.0,3035.0
1999-03-31,,,,,,,,,,,,,,,,,,,,,,,,,,,,,,,,,False,,305684,2012740,,4864024,,2829.0,65833.0,125581.0,,,,,,,,,,,,,,,,,,,,,False,4765883,0.979823084754516,,2753143,438263,1270756,303721,937562,633841,303721,125742.0,303721,0,177979.0,True,98141,61827,,,,,,,,,,,,,,4864024,0,0.11103091993405355,,-164997.0,,,,,,,,,,,,,0,,,,,,,,,,,,,,,,,,,,,,,,,,,674973,-35170.0,0.0,11414.0,,,,,,,,,,,,,61497,-3298.0,0.0,2657.0,,,,,,,,,419526,-19111.0,0.0,2931.0,272348,-7453.0,0.0,5173.0,152920,-13490.0,0.0,1950.0,,,,,61058,-2039.0,0.0,2176.0,45034.0,-1463.0,0.0,1285.0,,,,,,,,,,,,,,,,,,,,,98141,4976.0,4976.0,2863.0,305684,-13949.0,0.0,2829.0,438263,-39086.0,0.0,2617.0,636915,-12922.0,0.0,23491.0,937562,5636.0,5636.0,39725.0,61827,-1210.0,0.0,2542.0
1999-06-30,,,,,,,,,,,,,,,,,,,,,,,,,,,,,,,,,False,,296666,2050454,,4954413,,2382.0,50816.0,99904.0,,,,,,,,,,,,,,,,,,,,,False,4878019,0.9845806153019541,,2827565,458284,1314464,277706,935434,657728,277706,120433.0,277706,0,157273.0,True,76394,59478,,,,,,,,,,,,,,4954413,0,0.10491925030901146,,90389.0,,,,,,,,,,,,,0,,,,,,,,,,,,,,,,,,,,,,,,,,,719426,44453.0,44453.0,7579.0,,,,,6486.0,,,57.0,10355.0,,,123.0,65475,3978.0,3978.0,3910.0,,,,,,,,,432824,13298.0,13298.0,2366.0,279278,6930.0,6930.0,3758.0,163655,10735.0,10735.0,1795.0,,,,,62170,1112.0,1112.0,1510.0,45321.0,287.0,287.0,1166.0,,,,,,,,,,,,,,,,,,,,,76394,-21747.0,0.0,5198.0,296666,-9018.0,0.0,2382.0,458284,20021.0,20021.0,1261.0,656736,19821.0,19821.0,16308.0,935434,-2128.0,0.0,33247.0,59478,-2349.0,0.0,3189.0
1999-09-30,,,,,,,,,,,,,,,,,,,,,,,,,,,,,,,,,False,,300912,2033288,,4907045,,2531.0,57958.0,106255.0,,,,,,,,,,,,,,,,,,,,,False,4823577,0.9829901702552147,,2790289,451675,1306741,274872,942941,668069,274872,119929.0,274872,0,154943.0,True,83468,51607,,,,,,,,,,,,,,4907045,0,0.10784259264900517,,-47368.0,,,,,,,,,,,,,0,,,,,,,,,,,,,,,,,,,,,,,,,,,707592,-11834.0,0.0,8230.0,,,,,6312.0,-174.0,0.0,58.0,10427.0,72.0,72.0,77.0,66333,858.0,858.0,2415.0,,,,,,,,,431841,-983.0,0.0,3103.0,275223,-4055.0,0.0,3869.0,156170,-7485.0,0.0,1755.0,,,,,61088,-1082.0,0.0,1830.0,44530.0,-791.0,0.0,1149.0,,,,,,,,,,,,,,,,,,,,,83468,7074.0,7074.0,1348.0,300912,4246.0,4246.0,2531.0,451675,-6609.0,0.0,1144.0,638672,-18064.0,0.0,15856.0,942941,7507.0,7507.0,40958.0,51607,-7871.0,0.0,2664.0
1999-12-31,,,,,,,,,,,,,,,,,,,,,,,,,,,,,,,,,False,,308470,2016007,,4930348,,2004.0,49830.0,93949.0,,,,,,,,,,,,,,,,,,,,,False,4839719,0.9816181332433329,,2823712,449413,1297585,269009,942929,673920,269009,114349.0,269009,0,154660.0,True,90629,48140,,,,,,,,,,,,,,4930348,0,0.10924272730363437,,23303.0,,,,,,,,,,,,,0,,,,,,,,,,,,,,,,,,,,,,,,,,,730137,22545.0,22545.0,6862.0,,,,,6447.0,135.0,135.0,51.0,10500.0,73.0,73.0,90.0,68964,2631.0,2631.0,3239.0,,,,,,,,,434493,2652.0,2652.0,2426.0,273246,-1977.0,0.0,3492.0,154005,-2165.0,0.0,1369.0,,,,,60294,-794.0,0.0,1429.0,43883.0,-647.0,0.0,999.0,,,,,,,,,,,,,,,,,,,,,90629,7161.0,7161.0,705.0,308470,7558.0,7558.0,2004.0,449413,-2262.0,0.0,1200.0,623665,-15007.0,0.0,14303.0,942929,-12.0,0.0,34327.0,48140,-3467.0,0.0,2987.0
2000-03-31,,,,,,,,,,,,,,,,,,,,,,,,,,,,,,,,,False,,299913,2012479,,4850958,,2813.0,68005.0,124743.0,,,,,,,,,,,,,,,,,,,,,False,4755276,0.9802756486450718,,2742797,439982,1305422,267075,953371,686296,267075,116990.0,267075,0,150085.0,True,95682,50175,,,,,,,,,,,,,,4850958,0,0.10934567888181299,,-79390.0,,,,,,,,,,,,,0,,,,,,,,,,,,,,,,,,,,,,,,,,,702132,-28005.0,0.0,8461.0,,,,,5569.0,-878.0,0.0,24.0,10104.0,-396.0,0.0,157.0,67338,-1626.0,0.0,2961.0,,,,,,,,,424001,-10492.0,0.0,2832.0,267227,-6019.0,0.0,4398.0,141481,-12524.0,0.0,1585.0,,,,,57337,-2957.0,0.0,1260.0,42899.0,-984.0,0.0,1202.0,,,,,,,,,,,,,,,,,,,,,95682,5053.0,5053.0,2661.0,299913,-8557.0,0.0,2813.0,439982,-9431.0,0.0,1611.0,619126,-4539.0,0.0,24911.0,953371,10442.0,10442.0,41483.0,50175,2035.0,2035.0,3751.0
2000-06-30,,,,,,,,,,,,,,,,,,,,,,,,,,,,,,,,,False,,279580,1972118,,4726380,,1530.0,48025.0,91990.0,,,,,,,,,,,,,,,,,,,,,False,4646003,0.98299396155197,,2673885,417364,1284336,270418,946366,675948,270418,112786.0,270418,0,157632.0,True,80377,48240,,,,,,,,,,,,,,4726380,0,0.10455947058306546,,-124578.0,,,,,,,,,,,,,0,,,,,,,,,,,,,,,,,,,,,,,,,,,688903,-13229.0,0.0,6945.0,,,,,5465.0,-104.0,0.0,36.0,9825.0,-279.0,0.0,90.0,67188,-150.0,0.0,2875.0,,,,,,,,,408235,-15766.0,0.0,2522.0,262938,-4289.0,0.0,3276.0,140487,-994.0,0.0,1258.0,,,,,57017,-320.0,0.0,1198.0,42068.0,-831.0,0.0,974.0,,,,,,,,,,,,,,,,,,,,,80377,-15305.0,0.0,5007.0,279580,-20333.0,0.0,1530.0,417364,-22618.0,0.0,1078.0,608388,-10738.0,0.0,14194.0,946366,-7005.0,0.0,32753.0,48240,-1935.0,0.0,2953.0
2000-09-30,,,,,,,,,,,,,,,,,,,,,,,,,,,,,,,,,False,,287749,1970027,,4743492,,2760.0,62556.0,113479.0,,,,,,,,,,,,,,,,,,,,,False,4659986,0.9823956696880695,,2689959,415607,1296173,258247,955466,697219,258247,113091.0,258247,0,145156.0,True,83506,47158,,,,,,,,,,,,,,4743492,0,0.10697151889675642,,17112.0,,,,,,,,,,,,,0,,,,,,,,,,,,,,,,,,,,,,,,,,,690325,1422.0,1422.0,8773.0,,,,,5423.0,-42.0,0.0,24.0,9273.0,-552.0,0.0,147.0,65265,-1923.0,0.0,2457.0,,,,,,,,,415613,7378.0,7378.0,2698.0,258242,-4696.0,0.0,4343.0,137384,-3103.0,0.0,1627.0,,,,,55838,-1179.0,0.0,1361.0,41711.0,-357.0,0.0,1129.0,,,,,,,,,,,,,,,,,,,,,83506,3129.0,3129.0,755.0,287749,8169.0,8169.0,2760.0,415607,-1757.0,0.0,1123.0,598954,-9434.0,0.0,21810.0,955466,9100.0,9100.0,39623.0,47158,-1082.0,0.0,3893.0
2000-12-31,,,,,,,,,,,,,,,,,,,,,,,,,,,,,,,,,False,,292294,1973018,,4752649,,1841.0,56337.0,101565.0,,,,,,,,,,,,,,,,,,,,,False,4666748,0.9819256587221148,,2693730,416511,1304369,252138,960476,708338,252138,110906.0,252138,0,141232.0,True,85901,47656,,,,,,,,,,,,,,4752649,0,0.10850901909248514,,9157.0,,,,,,,,,,,,,0,,,,,,,,,,,,,,,,,,,,,,,,,,,694930,4605.0,4605.0,7117.0,,,,,5511.0,88.0,88.0,16.0,9169.0,-104.0,0.0,79.0,65120,-145.0,0.0,4170.0,,,,,,,,,412643,-2970.0,0.0,2260.0,259421,1179.0,1179.0,3301.0,131494,-5890.0,0.0,1210.0,,,,,55501,-337.0,0.0,1003.0,41330.0,-381.0,0.0,1077.0,,,,,,,,,,,,,,,,,,,,,85901,2395.0,2395.0,661.0,292294,4545.0,4545.0,1841.0,416511,904.0,904.0,1962.0,596031,-2923.0,0.0,18149.0,960476,5010.0,5010.0,36226.0,47656,498.0,498.0,3790.0
2001-03-31,,,,,,,,,,,,,,,,,,,,,,,,,,,,,,,,,False,,282271,1964723,,4692408,,2578.0,71419.0,129704.0,,,,,,,,,,,,,,,,,,,,,False,4599250,0.9801470801345492,,2634527,409626,1303739,251358,967105,715747,251358,111359.0,251358,0,139999.0,True,93158,47076,,,,,,,,,,,,,,4692408,0,0.10714295203655154,,-60241.0,,,,,,,,,,,,,0,,,,,,,,,,,,,,,,,,,,,,,,,,,676614,-18316.0,0.0,8615.0,,,,,5336.0,-175.0,0.0,21.0,8842.0,-327.0,0.0,191.0,62562,-2558.0,0.0,3540.0,,,,,,,,,407865,-4778.0,0.0,2777.0,253445,-5976.0,0.0,4332.0,130232,-1262.0,0.0,2006.0,,,,,52864,-2637.0,0.0,1052.0,40275.0,-1055.0,0.0,1089.0,,,,,,,,,,,,,,,,,,,,,93158,7257.0,7257.0,2789.0,282271,-10023.0,0.0,2578.0,409626,-6885.0,0.0,1887.0,587992,-8039.0,0.0,28507.0,967105,6629.0,6629.0,41025.0,47076,-580.0,0.0,3006.0
2001-06-30,,,,,,,,,,,,,,,,,,,,,,,,,,,,,,,,,False,,259289,1927308,,4560398,,1663.0,56662.0,102018.0,,,,,,,,,,,,,,,,,,,,,False,4476857,0.9816812041405159,,2549549,385217,1298478,243613,969330,725717,243613,108156.0,243613,0,135457.0,True,83541,46647,,,,,,,,,,,,,,4560398,0,0.10169994771624315,,-132010.0,,,,,,,,,,,,,0,,,,,,,,,,,,,,,,,,,,,,,,,,,664008,-12606.0,0.0,6928.0,,,,,5357.0,21.0,21.0,40.0,8619.0,-223.0,0.0,119.0,61487,-1075.0,0.0,4318.0,,,,,,,,,386175,-21690.0,0.0,2228.0,247875,-5570.0,0.0,2837.0,126333,-3899.0,0.0,1129.0,,,,,51868,-996.0,0.0,1043.0,39273.0,-1002.0,0.0,984.0,,,,,,,,,,,,,,,,,,,,,83541,-9617.0,0.0,4338.0,259289,-22982.0,0.0,1663.0,385217,-24409.0,0.0,491.0,572761,-15231.0,0.0,17401.0,969330,2225.0,2225.0,38770.0,46647,-429.0,0.0,2039.0
2001-09-30,,,,,,,,,,,,,,,,,,,,,,,,,,,,,,,,,False,,264555,1938618,,4558810,,2387.0,65181.0,118417.0,,,,,,,,,,,,,,,,,,,,,False,4474040,0.9814052351381172,,2535422,394784,1303811,240023,976484,736461,240023,106669.0,240023,0,133354.0,True,84770,47078,,,,,,,,,,,,,,4558810,0,0.10434357673002759,,-1588.0,,,,,,,,,,,,,0,,,,,,,,,,,,,,,,,,,,,,,,,,,656305,-7703.0,0.0,9118.0,,,,,5318.0,-39.0,0.0,66.0,8563.0,-56.0,0.0,95.0,58924,-2563.0,0.0,7118.0,,,,,,,,,389460,3285.0,3285.0,2636.0,242554,-5321.0,0.0,3588.0,125609,-724.0,0.0,1789.0,,,,,49777,-2091.0,0.0,1299.0,38506.0,-767.0,0.0,1233.0,,,,,,,,,,,,,,,,,,,,,84770,1229.0,1229.0,538.0,264555,5266.0,5266.0,2387.0,394784,9567.0,9567.0,1562.0,567350,-5411.0,0.0,21933.0,976484,7154.0,7154.0,41686.0,47078,431.0,431.0,2868.0
2001-12-31,,,,,,,,,,,,,,,,,,,,,,,,,,,,,,,,,False,,267119,1934442,,4540201,,1506.0,58355.0,100177.0,,,,,,,,,,,,,,,,,,,,,False,4450807,0.9803105633429005,,2516365,383628,1316838,233976,982277,748301,233976,103686.0,233976,0,130290.0,True,89394,47792,,,,,,,,,,,,,,4540201,0,0.10615272426694855,,-18609.0,,,,,,,,,,,,,0,,,,,,,,,,,,,,,,,,,,,,,,,,,659395,3090.0,3090.0,7308.0,,,,,5272.0,-46.0,0.0,32.0,8520.0,-43.0,0.0,111.0,57084,-1840.0,0.0,3232.0,,,,,,,,,381502,-7958.0,0.0,2064.0,239865,-2689.0,0.0,2904.0,123328,-2281.0,0.0,952.0,,,,,49002,-775.0,0.0,1005.0,38173.0,-333.0,0.0,943.0,,,,,,,,,,,,,,,,,,,,,89394,4624.0,4624.0,603.0,267119,2564.0,2564.0,1506.0,383628,-11156.0,0.0,829.0,568537,1187.0,1187.0,18342.0,982277,5793.0,5793.0,39184.0,47792,714.0,714.0,2107.0
2002-03-31,,,,,,,,,,,,,,,,,,,,,,,,,,,,,,,,,False,,252959,1940804,,4464123,,1706.0,79347.0,132763.0,,,,,,,,,,,,,,,,,,,,,False,4368157,0.9785028324712379,,2427353,392598,1314994,233212,993471,760259,233212,102506.0,233212,0,130706.0,True,95966,48942,,,,,,,,,,,,,,4464123,0,0.10421187194445966,,-76078.0,,,,,,,,,,,,,0,,,,,,,,,,,,,,,,,,,,,,,,,,,636261,-23134.0,0.0,8853.0,,,,,5010.0,-262.0,0.0,27.0,8248.0,-272.0,0.0,169.0,52795,-4289.0,0.0,3480.0,,,,,,,,,370618,-10884.0,0.0,2413.0,228589,-11276.0,0.0,3532.0,119566,-3762.0,0.0,1624.0,,,,,47208,-1794.0,0.0,1093.0,36685.0,-1488.0,0.0,1089.0,,,,,,,,,,,,,,,,,,,,,95966,6572.0,6572.0,1884.0,252959,-14160.0,0.0,1706.0,392598,8970.0,8970.0,3430.0,554735,-13802.0,0.0,29244.0,993471,11194.0,11194.0,46673.0,48942,1150.0,1150.0,3954.0
2002-06-30,,,,,,,,,,,,,,,,,,,,,,,,,,,,,,,,,False,,236562,1910694,,4350924,,3028.0,55107.0,99362.0,,,,,,,,,,,,,,,,,,,,,False,4260507,0.9792188969515441,,2349813,375185,1310897,224612,995635,771023,224612,97159.0,224612,0,127453.0,True,90417,44401,,,,,,,,,,,,,,4350924,0,0.10067269182696666,,-113199.0,,,,,,,,,,,,,0,,,,,,,,,,,,,,,,,,,,,,,,,,,618687,-17574.0,0.0,7239.0,,,,,5269.0,259.0,259.0,20.0,8328.0,80.0,80.0,97.0,52695,-100.0,0.0,4370.0,,,,,,,,,347878,-22740.0,0.0,1587.0,228698,109.0,109.0,2584.0,114886,-4680.0,0.0,1333.0,,,,,45931,-1277.0,0.0,946.0,35720.0,-965.0,0.0,929.0,,,,,,,,,,,,,,,,,,,,,90417,-5549.0,0.0,4754.0,236562,-16397.0,0.0,3028.0,375185,-17413.0,0.0,664.0,539874,-14861.0,0.0,17556.0,995635,2164.0,2164.0,36887.0,44401,-4541.0,0.0,2066.0
2002-09-30,,,,,,,,,,,,,,,,,,,,,,,,,,,,,,,,,False,,231403,1896446,,4286507,,1551.0,67807.0,107573.0,,,,,,,,,,,,,,,,,,,,,False,4190745,0.9776596655505286,,2294299,365856,1304257,226333,1001477,775144,226333,95068.0,226333,0,131265.0,True,95762,39564,,,,,,,,,,,,,,4286507,0,0.10086000124656812,,-64417.0,,,,,,,,,,,,,0,,,,,,,,,,,,,,,,,,,,,,,,,,,595772,-22915.0,0.0,6702.0,,,,,4565.0,-704.0,0.0,63.0,7843.0,-485.0,0.0,74.0,49261,-3434.0,0.0,2555.0,,,,,,,,,344540,-3338.0,0.0,2085.0,216947,-11751.0,0.0,2992.0,114389,-497.0,0.0,1059.0,,,,,45088,-843.0,0.0,1131.0,34976.0,-744.0,0.0,1155.0,,,,,,,,,,,,,,,,,,,,,95762,5345.0,5345.0,814.0,231403,-5159.0,0.0,1551.0,365856,-9329.0,0.0,933.0,529113,-10761.0,0.0,18432.0,1001477,5842.0,5842.0,48442.0,39564,-4837.0,0.0,3072.0
2002-12-31,,,,,,,,,,,,,,,,,,,,,,,,,,,,,,,,,False,,234094,1917406,,4323264,,1266.0,59789.0,96171.0,,,,,,,,,,,,,,,,,,,,,False,4223526,0.9769299307190124,,2306120,376397,1320690,220319,1009680,789361,220319,92943.0,220319,0,127376.0,True,99738,39575,,,,,,,,,,,,,,4323264,0,0.10150989540873849,,36757.0,,,,,,,,,,,,,0,,,,,,,,,,,,,,,,,,,,,,,,,,,611660,15888.0,15888.0,6311.0,,,,,4532.0,-33.0,0.0,16.0,8095.0,252.0,252.0,55.0,48317,-944.0,0.0,3119.0,,,,,,,,,343837,-703.0,0.0,1516.0,218116,1169.0,1169.0,2561.0,109979,-4410.0,0.0,908.0,,,,,44594,-494.0,0.0,811.0,34804.0,-172.0,0.0,889.0,,,,,,,,,,,,,,,,,,,,,99738,3976.0,3976.0,653.0,234094,2691.0,2691.0,1266.0,376397,10541.0,10541.0,1730.0,531329,2216.0,2216.0,15415.0,1009680,8203.0,8203.0,42644.0,39575,11.0,11.0,3074.0
2003-03-31,,,,,,,,,,,,,,,,,,,,,,,,,,,,,,,,,False,,221862,1911788,,4247689,,1532.0,74430.0,119068.0,,,,,,,,,,,,,,,,,,,,,False,4134082,0.9732543978619904,,2222294,375461,1316349,219978,1024994,805016,219978,92678.0,219978,0,127300.0,True,113607,37381,34506.0,,,,,,,,,,,,,4247689,0,0.09983467533998652,,-75575.0,,,,,,,,,,,,,0,,,,,,,,,,,,,,,,,,,,,,,,,,,569636,-42024.0,0.0,6388.0,,,,,4173.0,-359.0,0.0,26.0,8160.0,65.0,65.0,89.0,46907,-1410.0,0.0,3051.0,56316.0,,,1705.0,170047.0,,,5317.0,334140,-9697.0,0.0,1924.0,209353,-8763.0,0.0,3752.0,109062,-917.0,0.0,1505.0,,,,,41509,-3085.0,0.0,1058.0,33514.0,-1290.0,0.0,969.0,,,,,18324.0,,,897.0,91305.0,,,3604.0,371139.0,,,8372.0,34506.0,,,875.0,113607,13869.0,13869.0,2765.0,221862,-12232.0,0.0,1532.0,375461,-936.0,0.0,1649.0,511333,-19996.0,0.0,24427.0,1024994,15314.0,15314.0,48354.0,37381,-2194.0,0.0,3016.0
2003-06-30,,,,,,,,,,,,,,,,,,,,,,,,,,,,,,,,,False,,204106,1885953,,4141191,,1001.0,53486.0,91957.0,,,,,,,,,,,,,,,,,,,,,False,4042000,0.9760477118780564,,2156047,349190,1320822,215941,1032317,816376,215941,91336.0,215941,0,124605.0,True,99191,39328,34128.0,,,,,,,,,,,,,4141191,0,0.09466676746842717,,-106498.0,,,,,,,,,,,,,0,,,,,,,,,,,,,,,,,,,,,,,,,,,557163,-12473.0,0.0,4584.0,,,,,4146.0,-27.0,0.0,19.0,7792.0,-368.0,0.0,279.0,45731,-1176.0,0.0,4550.0,53995.0,-2321.0,0.0,1128.0,169069.0,-978.0,0.0,3324.0,316547,-17593.0,0.0,1241.0,208749,-604.0,0.0,4365.0,104663,-4399.0,0.0,1127.0,,,,,41046,-463.0,0.0,827.0,32730.0,-784.0,0.0,830.0,,,,,18370.0,46.0,46.0,529.0,89008.0,-2297.0,0.0,2711.0,360169.0,-10970.0,0.0,6174.0,34128.0,-378.0,0.0,426.0,99191,-14416.0,0.0,3613.0,204106,-17756.0,0.0,1001.0,349190,-26271.0,0.0,840.0,504446,-6887.0,0.0,11866.0,1032317,7323.0,7323.0,40780.0,39328,1947.0,1947.0,3180.0
2003-09-30,,,,,,,,,,,,,,,,,,,,,,,,,,,,,,,,,False,,198651,1902026,,4113229,,1264.0,75821.0,112884.0,,,,,,,,,,,,,,,,,,,,,False,4009165,0.9747001686509552,,2107139,360444,1326675,214907,1053066,838159,214907,90250.0,214907,0,124657.0,True,104064,36127,34729.0,,,,,,,,,,,,,4113229,0,0.09427522341905303,,-27962.0,,,,,,,,,,,,,0,,,,,,,,,,,,,,,,,,,,,,,,,,,541541,-15622.0,0.0,6324.0,,,,,4099.0,-47.0,0.0,14.0,7475.0,-317.0,0.0,67.0,44787,-944.0,0.0,2033.0,52473.0,-1522.0,0.0,1185.0,166442.0,-2627.0,0.0,4651.0,318595,2048.0,2048.0,1821.0,198118,-10631.0,0.0,2700.0,103079,-1584.0,0.0,1367.0,,,,,39140,-1906.0,0.0,847.0,32190.0,-540.0,0.0,1076.0,,,,,18612.0,242.0,242.0,625.0,88402.0,-606.0,0.0,3073.0,352479.0,-7690.0,0.0,7389.0,34729.0,601.0,601.0,343.0,104064,4873.0,4873.0,544.0,198651,-5455.0,0.0,1264.0,360444,11254.0,11254.0,1075.0,488516,-15930.0,0.0,17726.0,1053066,20749.0,20749.0,57020.0,36127,-3201.0,0.0,3275.0
2003-12-31,,,,,,,,,,,,,,,,,,,,,,,,,,,,,,,,,False,,197977,1898267,,4098746,,1237.0,60382.0,94776.0,,,,,,,,,,,,,,,,,,,,,False,3991236,0.9737700262470521,,2092969,349849,1338791,209627,1066807,857180,209627,87571.0,209627,0,122056.0,True,107510,35207,33601.0,,,,,,,,,,,,,4098746,0,0.09459146313203874,,-14483.0,,,,,,,,,,,,,0,,,,,,,,,,,,,,,,,,,,,,,,,,,541174,-367.0,0.0,4878.0,,,,,4169.0,70.0,70.0,10.0,7383.0,-92.0,0.0,156.0,42522,-2265.0,0.0,2690.0,52493.0,20.0,20.0,950.0,165196.0,-1246.0,0.0,3233.0,314881,-3714.0,0.0,1428.0,196134,-1984.0,0.0,2198.0,100455,-2624.0,0.0,990.0,,,,,38538,-602.0,0.0,693.0,31474.0,-716.0,0.0,880.0,,,,,18331.0,-281.0,0.0,502.0,89120.0,718.0,718.0,3193.0,350507.0,-1972.0,0.0,7541.0,33601.0,-1128.0,0.0,412.0,107510,3446.0,3446.0,954.0,197977,-674.0,0.0,1237.0,349849,-10595.0,0.0,1401.0,481611,-6905.0,0.0,14113.0,1066807,13741.0,13741.0,44868.0,35207,-920.0,0.0,3673.0
2004-03-31,,,,,,,,,,,,,,,,,,,,,,,,,,,,,,,,,False,,192231,1916154,,4086249,,1868.0,76172.0,122614.0,,,,,,,,,,,,,,,,,,,,,False,3964080,0.970102409324542,,2047926,355172,1379133,181849,1034910,853061,181849,85150.0,181849,0,96699.0,True,122169,35052,30726.0,,,,,,,,,,,,,4086249,0,0.0938661846179989,,-12497.0,,,,,,,,,,,,,0,,,,,,,,,,,,,,,,,,,,,,,,,,,523812,-17362.0,0.0,6679.0,,,,,3742.0,-427.0,0.0,19.0,6385.0,-998.0,0.0,153.0,42882,360.0,360.0,3430.0,52190.0,-303.0,0.0,1355.0,164408.0,-788.0,0.0,5561.0,308305,-6576.0,0.0,2018.0,191920,-4214.0,0.0,2918.0,99714,-741.0,0.0,1313.0,,,,,36810,-1728.0,0.0,914.0,31371.0,-103.0,0.0,1007.0,,,,,17436.0,-895.0,0.0,1304.0,89022.0,-98.0,0.0,3738.0,344777.0,-5730.0,0.0,10451.0,30726.0,-2875.0,0.0,630.0,122169,14659.0,14659.0,2403.0,192231,-5746.0,0.0,1868.0,355172,5323.0,5323.0,1615.0,526072,44461.0,44461.0,28289.0,1034910,-31897.0,0.0,46268.0,35052,-155.0,0.0,2491.0
2004-06-30,,,,,,,,,,,,,,,,,,,,,,,,,,,,,,,,,False,,175960,1893223,,3975285,,1139.0,54503.0,88695.0,,,,,,,,,,,,,,,,,,,,,False,3866812,0.9727131513841146,,1973589,336328,1378667,178228,1036398,858170,178228,83396.0,178228,0,94832.0,True,108473,34127,29948.0,,,,,,,,,,,,,3975285,0,0.08915736761808056,,-110964.0,,,,,,,,,,,,,0,,,,,,,,,,,,,,,,,,,,,,,,,,,502620,-21192.0,0.0,4223.0,,,,,3670.0,-72.0,0.0,15.0,6155.0,-230.0,0.0,58.0,43362,480.0,480.0,3002.0,48295.0,-3895.0,0.0,847.0,162015.0,-2393.0,0.0,3848.0,290154,-18151.0,0.0,1580.0,188917,-3003.0,0.0,2030.0,99701,-13.0,0.0,824.0,,,,,36522,-288.0,0.0,713.0,30569.0,-802.0,0.0,804.0,,,,,17831.0,395.0,395.0,584.0,87861.0,-1161.0,0.0,2876.0,338235.0,-6542.0,0.0,6015.0,29948.0,-778.0,0.0,321.0,108473,-13696.0,0.0,3675.0,175960,-16271.0,0.0,1139.0,336328,-18844.0,0.0,564.0,520497,-5575.0,0.0,17146.0,1036398,1488.0,1488.0,36793.0,34127,-925.0,0.0,2652.0
2004-09-30,,,,,,,,,,,,,,,,,,,,,,,,,,,,,,,,,False,,177700,1918306,,3988052,,1712.0,69134.0,106513.0,,,,,,,,,,,,,,,,,,,,,False,3876277,0.9719725319529434,,1957971,357052,1381931,179323,1047803,868480,179323,85206.0,179323,0,94117.0,True,111775,33484,28284.0,,,,,,,,,,,,,3988052,0,0.09075721754816593,,12767.0,,,,,,,,,,,,,0,,,,,,,,,,,,,,,,,,,,,,,,,,,497727,-4893.0,0.0,6303.0,,,,,3624.0,-46.0,0.0,27.0,6061.0,-94.0,0.0,66.0,41071,-2291.0,0.0,2111.0,46771.0,-1524.0,0.0,1166.0,160243.0,-1772.0,0.0,4200.0,294221,4067.0,4067.0,1531.0,186835,-2082.0,0.0,2294.0,100104,403.0,403.0,1477.0,,,,,35287,-1235.0,0.0,796.0,30297.0,-272.0,0.0,983.0,,,,,17512.0,-319.0,0.0,832.0,89344.0,1483.0,1483.0,3571.0,330518.0,-7717.0,0.0,8496.0,28284.0,-1664.0,0.0,811.0,111775,3302.0,3302.0,665.0,177700,1740.0,1740.0,1712.0,357052,20724.0,20724.0,940.0,513451,-7046.0,0.0,20325.0,1047803,11405.0,11405.0,47869.0,33484,-643.0,0.0,2459.0
2004-12-31,,,,,,,,,,,,,,,,,,,,,,,,,,,,,,,,,False,,181466,1926116,,3985306,,1155.0,60833.0,89836.0,,,,,,,,,,,,,,,,,,,,,False,3869047,0.9708280869775119,,1942931,352868,1397729,175519,1059562,884043,175519,89069.0,175519,0,86450.0,True,116259,31692,24013.0,,,,,,,,,,,,,3985306,0,0.09339806714700626,,-2746.0,,,,,,,,,,,,,0,,,,,,,,,,,,,,,,,,,,,,,,,,,495902,-1825.0,0.0,4838.0,,,,,3666.0,42.0,42.0,21.0,6008.0,-53.0,0.0,66.0,40337,-734.0,0.0,2057.0,47517.0,746.0,746.0,857.0,156947.0,-3296.0,0.0,2688.0,291754,-2467.0,0.0,1465.0,184932,-1903.0,0.0,2027.0,99495,-609.0,0.0,837.0,,,,,34970,-317.0,0.0,692.0,29960.0,-337.0,0.0,754.0,,,,,17460.0,-52.0,0.0,441.0,88971.0,-373.0,0.0,2952.0,324213.0,-6305.0,0.0,6072.0,24013.0,-4271.0,0.0,347.0,116259,4484.0,4484.0,440.0,181466,3766.0,3766.0,1155.0,352868,-4184.0,0.0,593.0,513686,235.0,235.0,17045.0,1059562,11759.0,11759.0,43195.0,31692,-1792.0,0.0,2349.0
2005-03-31,,,,,,,,,,,,,,,,,,,,,,,,,,,,,,,,,False,,175667,1927488,,3959934,,1415.0,82806.0,125116.0,,,,,,,,,,,,,,,,,,,,,False,3828484,0.966805002305594,,1900996,349196,1403387,174905,1069124,894219,174905,90874.0,174905,0,84031.0,True,131450,32160,23826.0,,,,,,,,,,,,,3959934,0,0.09240787460888923,,-25372.0,,,,,,,,,,,,,0,,,,,,,,,,,,,,,,,,,,,,,,,,,482070,-13832.0,0.0,6477.0,,,,,3389.0,-277.0,0.0,28.0,6130.0,122.0,122.0,180.0,38253,-2084.0,0.0,1771.0,45062.0,-2455.0,0.0,905.0,154402.0,-2545.0,0.0,5546.0,289863,-1891.0,0.0,1770.0,179706,-5226.0,0.0,2463.0,100085,590.0,590.0,930.0,,,,,33593,-1377.0,0.0,986.0,29871.0,-89.0,0.0,1090.0,,,,,16543.0,-917.0,0.0,785.0,86931.0,-2040.0,0.0,3786.0,320488.0,-3725.0,0.0,9227.0,23826.0,-187.0,0.0,534.0,131450,15191.0,15191.0,3251.0,175667,-5799.0,0.0,1415.0,349196,-3672.0,0.0,971.0,509168,-4518.0,0.0,32694.0,1069124,9562.0,9562.0,49141.0,32160,468.0,468.0,2455.0
2005-06-30,,,,,,,,,,,,,,,,,,,,,,,,,,,,,,,,,False,,162412,1914961,,3877502,,940.0,53709.0,86496.0,,,,,,,,,,,,,,,,,,,,,False,3755068,0.968424516608889,,1840107,336756,1406103,172102,1074043,901941,172102,89189.0,172102,0,82913.0,True,122434,31879,21342.0,,,,,,,,,,,,,3877502,0,0.08826225866213215,,-82432.0,,,,,,,,,,,,,0,,,,,,,,,,,,,,,,,,,,,,,,,,,470115,-11955.0,0.0,3830.0,,,,,3462.0,73.0,73.0,44.0,5994.0,-136.0,0.0,119.0,36724,-1529.0,0.0,3010.0,42700.0,-2362.0,0.0,690.0,151706.0,-2696.0,0.0,2575.0,277130,-12733.0,0.0,1375.0,175593,-4113.0,0.0,1772.0,102497,2412.0,2412.0,1154.0,,,,,33213,-380.0,0.0,719.0,29221.0,-650.0,0.0,685.0,,,,,16596.0,53.0,53.0,544.0,86330.0,-601.0,0.0,2899.0,310415.0,-10073.0,0.0,6471.0,21342.0,-2484.0,0.0,350.0,122434,-9016.0,0.0,4683.0,162412,-13255.0,0.0,940.0,336756,-12440.0,0.0,799.0,504162,-5006.0,0.0,15414.0,1074043,4919.0,4919.0,37496.0,31879,-281.0,0.0,2312.0
2005-09-30,,,,,,,,,,,,,,,,,,,,,,,,,,,,,,,,,False,,162336,1964022,,3947533,,1659.0,77603.0,114185.0,,,,,,,,,,,,,,,,,,,,,False,3823583,0.968600642477213,,1859561,351036,1442478,170508,1086083,915575,170508,87046.0,170508,0,83462.0,True,123950,31709,21954.0,,,,,,,,,,,,,3947533,0,0.08729802356577708,,70031.0,,,,,,,,,,,,,0,,,,,,,,,,,,,,,,,,,,,,,,,,,471096,981.0,981.0,5395.0,,,,,3274.0,-188.0,0.0,16.0,5931.0,-63.0,0.0,283.0,37548,824.0,824.0,2387.0,43773.0,1073.0,1073.0,1069.0,151953.0,247.0,247.0,4409.0,288821,11691.0,11691.0,2012.0,176112,519.0,519.0,2443.0,102357,-140.0,0.0,1143.0,,,,,31649,-1564.0,0.0,689.0,28875.0,-346.0,0.0,965.0,,,,,16712.0,116.0,116.0,607.0,86592.0,262.0,262.0,3511.0,316657.0,6242.0,6242.0,7568.0,21954.0,612.0,612.0,345.0,123950,1516.0,1516.0,985.0,162336,-76.0,0.0,1659.0,351036,14280.0,14280.0,720.0,526903,22741.0,22741.0,28634.0,1086083,12040.0,12040.0,48249.0,31709,-170.0,0.0,2396.0
2005-12-31,,,,,,,,,,,,,,,,,,,,,,,,,,,,,,,,,False,,167299,1978391,,3989315,,1373.0,68778.0,104411.0,,,,,,,,,,,,,,,,,,,,,False,3863472,0.9684549853796955,,1885081,347789,1466892,163710,1098690,934980,163710,85638.0,163710,0,78072.0,True,125843,33904,22196.0,,,,,,,,,,,,,3989315,0,0.08874897152960536,,41782.0,,,,,,,,,,,,,0,,,,,,,,,,,,,,,,,,,,,,,,,,,480716,9620.0,9620.0,5098.0,,,,,3389.0,115.0,115.0,31.0,6375.0,444.0,444.0,512.0,36760,-788.0,0.0,2159.0,45916.0,2143.0,2143.0,890.0,152594.0,641.0,641.0,6228.0,289828,1007.0,1007.0,1611.0,177251,1139.0,1139.0,2419.0,103761,1404.0,1404.0,925.0,,,,,31593,-56.0,0.0,501.0,28766.0,-109.0,0.0,764.0,,,,,16558.0,-154.0,0.0,538.0,88698.0,2106.0,2106.0,3274.0,318843.0,2186.0,2186.0,6182.0,22196.0,242.0,242.0,229.0,125843,1893.0,1893.0,993.0,167299,4963.0,4963.0,1373.0,347789,-3247.0,0.0,1553.0,531912,5009.0,5009.0,21768.0,1098690,12607.0,12607.0,45457.0,33904,2195.0,2195.0,2895.0
2006-03-31,,,,,,,,,,,,,,,,,,,,,,,,,,,,,,,,,False,,162182,2016897,,4014521,,1536.0,87384.0,134159.0,,,,,,,,,,,,,,,,,,,,,False,3873476,0.9648662941357138,,1856579,375178,1477077,164642,1112511,947869,164642,85697.0,164642,0,78945.0,True,141045,33378,16601.0,,,,,,,,,,,,,4014521,0,0.08735529164123908,,25206.0,,,,,,,,,,,,,0,,,,,,,,,,,,,,,,,,,,,,,,,,,472130,-8586.0,0.0,7129.0,,,,,3006.0,-383.0,0.0,25.0,6199.0,-176.0,0.0,547.0,36185,-575.0,0.0,2935.0,43406.0,-2510.0,0.0,1103.0,153783.0,1189.0,1189.0,5133.0,289632,-196.0,0.0,1938.0,172751,-4500.0,0.0,2897.0,107347,3586.0,3586.0,1062.0,,,,,27168,-4425.0,0.0,854.0,28349.0,-417.0,0.0,820.0,,,,,16151.0,-407.0,0.0,1612.0,88132.0,-566.0,0.0,4199.0,317650.0,-1193.0,0.0,8549.0,16601.0,-5595.0,0.0,483.0,141045,15202.0,15202.0,3928.0,162182,-5117.0,0.0,1536.0,375178,27389.0,27389.0,769.0,529208,-2704.0,0.0,29450.0,1112511,13821.0,13821.0,57165.0,33378,-526.0,0.0,3410.0
2006-06-30,,,,,,,,,,,,,,,,,,,,,,,,,,,,,,,,,False,,151853,2016338,,3989896,,1089.0,56148.0,92427.0,,,,,,,,,,,,,,,,,,,,,False,3854524,0.9660712960939333,,1838186,372064,1481712,162562,1115733,953171,162562,85082.0,162562,0,77480.0,True,135372,34003,16644.0,,,,,,,,,,,,,3989896,0,0.08261024727639096,,-24625.0,,,,,,,,,,,,,0,,,,,,,,,,,,,,,,,,,,,,,,,,,473165,1035.0,1035.0,4348.0,,,,,2958.0,-48.0,0.0,27.0,6373.0,174.0,174.0,631.0,36505,320.0,320.0,3920.0,45816.0,2410.0,2410.0,980.0,154780.0,997.0,997.0,3880.0,278310,-11322.0,0.0,1701.0,171686,-1065.0,0.0,1876.0,109465,2118.0,2118.0,938.0,,,,,26631,-537.0,0.0,683.0,28247.0,-102.0,0.0,674.0,,,,,16211.0,60.0,60.0,493.0,87764.0,-368.0,0.0,2889.0,317579.0,-71.0,0.0,5980.0,16644.0,43.0,43.0,320.0,135372,-5673.0,0.0,3970.0,151853,-10329.0,0.0,1089.0,372064,-3114.0,0.0,421.0,528541,-667.0,0.0,17328.0,1115733,3222.0,3222.0,38399.0,34003,625.0,625.0,3012.0
2006-09-30,,,,,,,,,,,,,,,,,,,,,,,,,,,,,,,,,False,,154983,2024917,,4017422,,1327.0,68144.0,102037.0,,,,,,,,,,,,,,,,,,,,,False,3878993,0.9655428282117239,,1854076,375099,1494223,155595,1074110,918515,155595,86200.0,155595,0,69395.0,True,138429,34930,15459.0,,,,,,,,,,,,,4017422,0,0.08359042455649067,,27526.0,,,,,,,,,,,,,0,,,,,,,,,,,,,,,,,,,,,,,,,,,478741,5576.0,5576.0,5469.0,,,,,2718.0,-240.0,0.0,25.0,6254.0,-119.0,0.0,804.0,35907,-598.0,0.0,2303.0,45407.0,-409.0,0.0,896.0,154208.0,-572.0,0.0,3743.0,285444,7134.0,7134.0,1512.0,170396,-1290.0,0.0,2086.0,110214,749.0,749.0,1104.0,,,,,26208,-423.0,0.0,752.0,27314.0,-933.0,0.0,832.0,,,,,16323.0,112.0,112.0,623.0,87388.0,-376.0,0.0,3195.0,321526.0,3947.0,3947.0,6244.0,15459.0,-1185.0,0.0,246.0,138429,3057.0,3057.0,544.0,154983,3130.0,3130.0,1327.0,375099,3035.0,3035.0,538.0,575708,47167.0,47167.0,24796.0,1074110,-41623.0,0.0,42810.0,34930,927.0,927.0,3384.0
2006-12-31,,,,,,,,,,,,,,,,,,,,,,,,,,,,,,,,,False,,159905,2032474,,4069765,,1180.0,58693.0,92093.0,,,,,,,,,,,,,,,,,,,,,False,3932951,0.966382825543981,,1900477,370746,1510080,151648,1080157,928509,151648,84101.0,151648,0,67547.0,True,136814,37474,16076.0,,,,,,,,,,,,,4069765,0,0.08413940289727263,,52343.0,,,,,,,,,,,,,0,,,,,,,,,,,,,,,,,,,,,,,,,,,494639,15898.0,15898.0,5249.0,,,,,2799.0,81.0,81.0,18.0,6504.0,250.0,250.0,119.0,36713,806.0,806.0,2539.0,57135.0,11728.0,11728.0,951.0,158001.0,3793.0,3793.0,4441.0,288521,3077.0,3077.0,1439.0,171245,849.0,849.0,2172.0,111498,1284.0,1284.0,618.0,,,,,25936,-272.0,0.0,597.0,27327.0,13.0,13.0,772.0,,,,,16077.0,-246.0,0.0,624.0,89421.0,2033.0,2033.0,3275.0,322537.0,1011.0,1011.0,5690.0,16076.0,617.0,617.0,138.0,136814,-1615.0,0.0,1094.0,159905,4922.0,4922.0,1180.0,370746,-4353.0,0.0,412.0,581571,5863.0,5863.0,20562.0,1080157,6047.0,6047.0,37719.0,37474,2544.0,2544.0,3069.0
2007-03-31,,,,,,,,,,,,,,,,,,,,,,,,,,,,,,,,,False,,155886,2039432,,4054810,,1350.0,79486.0,121404.0,,,,,,,,,,,,,,,,,,,,,False,3907181,0.9635916356130126,,1867749,364682,1525073,149677,1087045,937368,149677,82743.0,149677,0,66934.0,True,147629,39485,15893.0,,,,,,,,,,,,,4054810,0,0.0834619641075969,,-14955.0,,,,,,,,,,,,,0,,,,,,,,,,,,,,,,,,,,,,,,,,,479875,-14764.0,0.0,7238.0,,,,,2632.0,-167.0,0.0,21.0,6147.0,-357.0,0.0,83.0,34637,-2076.0,0.0,2429.0,56022.0,-1113.0,0.0,1322.0,154101.0,-3900.0,0.0,5117.0,283540,-4981.0,0.0,1748.0,166530,-4715.0,0.0,2580.0,114318,2820.0,2820.0,1012.0,,,,,24641,-1295.0,0.0,670.0,27841.0,514.0,514.0,783.0,,,,,15620.0,-457.0,0.0,678.0,88487.0,-934.0,0.0,3884.0,326129.0,3592.0,3592.0,7229.0,15893.0,-183.0,0.0,247.0,147629,10815.0,10815.0,2421.0,155886,-4019.0,0.0,1350.0,364682,-6064.0,0.0,1237.0,587705,6134.0,6134.0,29948.0,1087045,6888.0,6888.0,48301.0,39485,2011.0,2011.0,4212.0
2007-06-30,,,,,,,,,,,,,,,,,,,,,,,,,,,,,,,,,False,,145667,2028068,,4026061,,953.0,57601.0,91797.0,,,,,,,,,,,,,,,,,,,,,False,3881167,0.9640109774789801,,1853099,350506,1530829,146733,1089101,942368,146733,80987.0,146733,0,65746.0,True,144894,48313,14779.0,,,,,,,,,,,,,4026061,0,0.07860724116736342,,-28749.0,,,,,,,,,,,,,0,,,,,,,,,,,,,,,,,,,,,,,,,,,487947,8072.0,8072.0,4541.0,,,,,2531.0,-101.0,0.0,25.0,6463.0,316.0,316.0,147.0,34825,188.0,188.0,3746.0,53620.0,-2402.0,0.0,597.0,153818.0,-283.0,0.0,3389.0,278277,-5263.0,0.0,1370.0,165072,-1458.0,0.0,1496.0,113191,-1127.0,0.0,455.0,,,,,24420,-221.0,0.0,435.0,27530.0,-311.0,0.0,607.0,,,,,15779.0,159.0,159.0,498.0,88079.0,-408.0,0.0,3304.0,314792.0,-11337.0,0.0,4889.0,14779.0,-1114.0,0.0,210.0,144894,-2735.0,0.0,4097.0,145667,-10219.0,0.0,953.0,350506,-14176.0,0.0,439.0,588461,756.0,756.0,22458.0,1089101,2056.0,2056.0,34704.0,48313,8828.0,8828.0,3987.0
2007-09-30,,,,,,,,,,,,,,,,,,,,,,,,,,,,,,,,,False,,149793,2047521,,4054484,,1335.0,66629.0,103624.0,,,,,,,,,,,,,,,,,,,,,False,3909195,0.9641658469980398,,1861674,361703,1539088,146730,1095135,948405,146730,80275.0,146730,0,66455.0,True,145289,48241,13930.0,,,,,,,,,,,,,4054484,0,0.08046145565765005,,28423.0,,,,,,,,,,,,,0,,,,,,,,,,,,,,,,,,,,,,,,,,,490052,2105.0,2105.0,6825.0,,,,,2566.0,35.0,35.0,15.0,6110.0,-353.0,0.0,126.0,35020,195.0,195.0,3020.0,53074.0,-546.0,0.0,1067.0,152508.0,-1310.0,0.0,5082.0,282469,4192.0,4192.0,1980.0,164094,-978.0,0.0,2200.0,115263,2072.0,2072.0,626.0,,,,,23951,-469.0,0.0,580.0,27313.0,-217.0,0.0,891.0,,,,,15851.0,72.0,72.0,404.0,87647.0,-432.0,0.0,3038.0,316941.0,2149.0,2149.0,5956.0,13930.0,-849.0,0.0,274.0,145289,395.0,395.0,321.0,149793,4126.0,4126.0,1335.0,361703,11197.0,11197.0,1219.0,590683,2222.0,2222.0,25117.0,1095135,6034.0,6034.0,40293.0,48241,-72.0,0.0,4046.0
2007-12-31,,,,,,,,,,,,,,,,,,,,,,,,,,,,,,,,,False,,155144,2061360,,4106863,,1002.0,67167.0,99495.0,,,,,,,,,,,,,,,,,,,,,False,3962158,0.9647650773838816,,1900798,364639,1553605,143116,1101224,958108,143116,78588.0,143116,0,64528.0,True,144705,49568,13770.0,,,,,,,,,,,,,4106863,0,0.08162045625048006,,52379.0,,,,,,,,,,,,,0,,,,,,,,,,,,,,,,,,,,,,,,,,,509274,19222.0,19222.0,5282.0,,,,,2639.0,73.0,73.0,18.0,6066.0,-44.0,0.0,148.0,36148,1128.0,1128.0,2711.0,54122.0,1048.0,1048.0,659.0,154537.0,2029.0,2029.0,4043.0,286355,3886.0,3886.0,1565.0,166287,2193.0,2193.0,2150.0,116760,1497.0,1497.0,735.0,,,,,23816,-135.0,0.0,476.0,27882.0,569.0,569.0,810.0,,,,,16048.0,197.0,197.0,452.0,88489.0,842.0,842.0,2822.0,318352.0,1411.0,1411.0,5899.0,13770.0,-160.0,0.0,285.0,144705,-584.0,0.0,752.0,155144,5351.0,5351.0,1002.0,364639,2936.0,2936.0,2450.0,595497,4814.0,4814.0,24082.0,1101224,6089.0,6089.0,40635.0,49568,1327.0,1327.0,3388.0
2008-03-31,,,,,,,,,,,,,,,,,,,,,,,,,,,,,,,,,False,,150059,2078251,,4111180,,1529.0,79922.0,128356.0,,,,,,,,,,,,,,,,,,,,,False,3945432,0.9596835944911193,,1867181,365933,1568528,143790,1115725,971935,143790,78879.0,143790,0,64911.0,True,165748,46415,13658.0,,,,,,,,,,,,,4111180,0,0.08036660612977531,,4317.0,,,,,,,,,,,,,0,,,,,,,,,,,,,,,,,,,,,,,,,,,491655,-17619.0,0.0,9407.0,,,,,2477.0,-162.0,0.0,13.0,6698.0,632.0,632.0,190.0,38168,2020.0,2020.0,3888.0,54726.0,604.0,604.0,1916.0,156304.0,1767.0,1767.0,7666.0,283912,-2443.0,0.0,1826.0,163294,-2993.0,0.0,2332.0,118166,1406.0,1406.0,870.0,,,,,23131,-685.0,0.0,662.0,27406.0,-476.0,0.0,727.0,,,,,15295.0,-753.0,0.0,611.0,87841.0,-648.0,0.0,3476.0,313539.0,-4813.0,0.0,6335.0,13658.0,-112.0,0.0,393.0,165748,21043.0,21043.0,3601.0,150059,-5085.0,0.0,1529.0,365933,1294.0,1294.0,1553.0,596593,1096.0,1096.0,30611.0,1115725,14501.0,14501.0,47758.0,46415,-3153.0,0.0,4104.0
2008-06-30,,,,,,,,,,,,,,,,,,,,,,,,,,,,,,,,,False,,140232,2096289,,4105118,,1220.0,55870.0,91767.0,,,,,,,,,,,,,,,,,,,,,False,3939955,0.9597665645664754,,1843666,379557,1576085,140647,1120439,979792,140647,77478.0,140647,0,63169.0,True,165163,50410,12104.0,,,,,,,,,,,,,4105118,0,0.07606149920864191,,-6062.0,,,,,,,,,,,,,0,,,,,,,,,,,,,,,,,,,,,,,,,,,499397,7742.0,7742.0,6007.0,,,,,2403.0,-74.0,0.0,14.0,7116.0,418.0,418.0,143.0,38981,813.0,813.0,4085.0,56061.0,1335.0,1335.0,920.0,155840.0,-464.0,0.0,4380.0,278184,-5728.0,0.0,1627.0,162350,-944.0,0.0,1448.0,120560,2394.0,2394.0,1020.0,,,,,22979,-152.0,0.0,438.0,27317.0,-89.0,0.0,715.0,,,,,15469.0,174.0,174.0,356.0,86390.0,-1451.0,0.0,2328.0,294765.0,-18774.0,0.0,5205.0,12104.0,-1554.0,0.0,248.0,165163,-585.0,0.0,2609.0,140232,-9827.0,0.0,1220.0,379557,13624.0,13624.0,509.0,596293,-300.0,0.0,17993.0,1120439,4714.0,4714.0,37368.0,50410,3995.0,3995.0,4307.0
2008-09-30,,,,,,,,,,,,,,,,,,,,,,,,,,,,,,,,,False,,141911,2101208,,4120944,,940.0,60144.0,94291.0,,,,,,,,,,,,,,,,,,,,,False,3953527,0.9593741142806115,,1852319,381232,1575930,144046,1129196,985150,144046,80791.0,144046,0,63255.0,True,167417,52798,12305.0,,,,,,,,,,,,,4120944,0,0.07661261370206751,,15826.0,,,,,,,,,,,,,0,,,,,,,,,,,,,,,,,,,,,,,,,,,502220,2823.0,2823.0,6808.0,,,,,2185.0,-218.0,0.0,21.0,6797.0,-319.0,0.0,147.0,39062,81.0,81.0,1932.0,56742.0,681.0,681.0,1075.0,157269.0,1429.0,1429.0,5079.0,283198,5014.0,5014.0,1903.0,161332,-1018.0,0.0,1786.0,119007,-1553.0,0.0,720.0,,,,,22719,-260.0,0.0,548.0,26989.0,-328.0,0.0,853.0,,,,,15597.0,128.0,128.0,662.0,86384.0,-6.0,0.0,2354.0,291275.0,-3490.0,0.0,5192.0,12305.0,201.0,201.0,151.0,167417,2254.0,2254.0,761.0,141911,1679.0,1679.0,940.0,381232,1675.0,1675.0,610.0,590780,-5513.0,0.0,20410.0,1129196,8757.0,8757.0,39124.0,52798,2388.0,2388.0,3932.0
2008-12-31,,,,,,,,,,,,,,,,,,,,,,,,,,,,,,,,,False,,153802,2135156,,4271603,,859.0,51863.0,89053.0,,,,,,,,,,,,,,,,,,,,,False,4101451,0.9601667102490564,,1966295,407311,1580610,147235,1135648,988413,147235,85448.0,147235,0,61787.0,True,170152,51845,12125.0,,,,,,,,,,,,,4271603,0,0.07821918888061048,,150659.0,,,,,,,,,,,,,0,,,,,,,,,,,,,,,,,,,,,,,,,,,564823,62603.0,62603.0,7038.0,,,,,2237.0,52.0,52.0,17.0,7814.0,1017.0,1017.0,520.0,41499,2437.0,2437.0,4174.0,58677.0,1935.0,1935.0,795.0,161732.0,4463.0,4463.0,7662.0,294525,11327.0,11327.0,1495.0,164349,3017.0,3017.0,1704.0,128946,9939.0,9939.0,460.0,,,,,22753,34.0,34.0,436.0,26965.0,-24.0,0.0,594.0,,,,,15949.0,352.0,352.0,308.0,88217.0,1833.0,1833.0,2259.0,305219.0,13944.0,13944.0,4033.0,12125.0,-180.0,0.0,183.0,170152,2735.0,2735.0,619.0,153802,11891.0,11891.0,859.0,407311,26079.0,26079.0,631.0,592197,1417.0,1417.0,15281.0,1135648,6452.0,6452.0,35951.0,51845,-953.0,0.0,4582.0
2009-03-31,,,,,,,,,,,,,,,,,,,,,,,,,,,,,,,,,False,,148459,2122862,,4277448,,932.0,69473.0,112823.0,,,,,,,,,,,,,,,,,,,,,False,4085398,0.9551017335570181,,1962536,388664,1589708,144490,1149256,1004766,144490,83482.0,144490,0,61008.0,True,192050,57116,10878.0,,,,,,,,,,,,,4277448,0,0.07564651043343919,,5845.0,,,,,,,,,,,,,0,,,,,,,,,,,,,,,,,,,,,,,,,,,581471,16648.0,16648.0,8539.0,,,,,2139.0,-98.0,0.0,11.0,7763.0,-51.0,0.0,217.0,40992,-507.0,0.0,2239.0,58374.0,-303.0,0.0,1053.0,164405.0,2673.0,2673.0,7205.0,288159,-6366.0,0.0,1652.0,161894,-2455.0,0.0,2103.0,121974,-6972.0,0.0,704.0,,,,,22234,-519.0,0.0,549.0,27095.0,130.0,130.0,724.0,,,,,15525.0,-424.0,0.0,762.0,86818.0,-1399.0,0.0,2934.0,293969.0,-11250.0,0.0,6061.0,10878.0,-1247.0,0.0,213.0,192050,21898.0,21898.0,3129.0,148459,-5343.0,0.0,932.0,388664,-18647.0,0.0,544.0,584942,-7255.0,0.0,23257.0,1149256,13608.0,13608.0,45672.0,57116,5271.0,5271.0,5139.0
2009-06-30,,,,,,,,,,,,,,,,,,,,,,,,,,,,,,,,,False,1927747.0,135309,2094997,4158053.0,4209931,29849.0,633.0,50118.0,84785.0,,,,,,,,,,,,,,,,,,,,,False,4018834,0.9546080446449122,,1923837,359899,1601124,133974,1113366,979392,133974,79080.0,133974,0,54894.0,True,191097,60000,8144.0,-8122.0,22.0,1863815.0,0.0,0.9688008911357875,,,,,,,,4209931,0,0.07033288163186383,,-67517.0,,4158053.0,,,,,,,,,,,0,,,,,,,,,,,,,,,,,,,,,,,,,,0.0,574076,-7395.0,0.0,5601.0,5520.0,,,74.0,2085.0,-54.0,0.0,24.0,7546.0,-217.0,0.0,443.0,42209,1217.0,1217.0,3520.0,56879.0,-1495.0,0.0,732.0,166859.0,2454.0,2454.0,6185.0,275826,-12333.0,0.0,1034.0,158997,-2897.0,0.0,1232.0,119551,-2423.0,0.0,496.0,23579.0,,,270.0,22424,190.0,190.0,597.0,27338.0,243.0,243.0,578.0,49278.0,,,1142.0,16832.0,1307.0,1307.0,367.0,86374.0,-444.0,0.0,2319.0,93133.0,-200836.0,0.0,1812.0,8144.0,-2734.0,0.0,155.0,191097,-953.0,0.0,3268.0,135309,-13150.0,0.0,633.0,359899,-28765.0,0.0,152.0,621732,36790.0,36790.0,14170.0,1113366,-35890.0,0.0,35796.0,60000,2884.0,2884.0,4325.0
2009-09-30,11740.0,1640.0,0.0,1846.0,10762.0,-6188.0,1846.0,10762.0,12608.0,0.0,12608.0,6420.0,-22.0,6398.0,7398.0,1846.0,15441.0,24685.0,0.0,24685.0,0.0,0.14641497461928935,0.8535850253807107,,,,,0.0,,,0.7067180351553094,0.7067180351553094,True,1921559.0,137155,2105759,4164473.0,4216443,27588.0,705.0,56362.0,89369.0,11740.0,11740.0,1640.0,0.0,8258.0,3482.0,0.0,-9122.0,8258.0,3482.0,-978.0,0.0,0.7034071550255536,0.2965928449744463,0.0,,,,,,True,4020474,0.9535226730208377,0.7067180351553094,1914715,368157,1604606,132996,1120549,987553,132996,78354.0,132996,0,54642.0,True,195969,59978,8031.0,-8008.0,23.0,1854714.0,0.0,0.9686632214193758,4872.0,-22.0,1.0,4872.0,0.0,1.0,16612.0,4216443,0,0.07163207056924921,12608.0,6512.0,,4164473.0,1.0,5425.0,0.0,5425.0,-3785.0,1.0,0.0,,,5425.0,0,0.0,0.0,0.0,8258.0,7183.0,0.0,-1584.0,-7482.0,-4714.0,8258.0,7183.0,-21.0,0.0,0.0,0.0,0.5348099216371996,0.46519007836280035,0.0,,,,,,,15441.0,0.0,572506,-1570.0,0.0,7205.0,5548.0,28.0,28.0,110.0,2075.0,-10.0,0.0,7.0,7514.0,-32.0,0.0,725.0,41791,-418.0,0.0,2266.0,56387.0,-492.0,0.0,856.0,165559.0,-1300.0,0.0,4425.0,274565,-1261.0,0.0,1650.0,157984,-1013.0,0.0,1650.0,115632,-3919.0,0.0,772.0,24059.0,480.0,480.0,473.0,22240,-184.0,0.0,546.0,26939.0,-399.0,0.0,577.0,48939.0,-339.0,0.0,1129.0,18850.0,2018.0,2018.0,473.0,86145.0,-229.0,0.0,2426.0,90826.0,-2307.0,0.0,1703.0,8031.0,-113.0,0.0,168.0,195969,4872.0,4872.0,427.0,137155,1846.0,1846.0,705.0,368157,8258.0,8258.0,345.0,617053,-4679.0,0.0,18234.0,1120549,7183.0,7183.0,37783.0,59978,-22.0,0.0,4867.0
2009-12-31,5729.0,-2046.0,0.0,1405.0,0.0,-1996.0,1405.0,-3344.0,1405.0,2265.0,3670.0,-3935.0,2265.0,-1670.0,4709.0,1405.0,7436.0,13550.0,2265.0,15815.0,0.0,1.0,0.0,,,,,0.0,,,0.9134247448979592,0.9134247448979592,True,1919563.0,138560,2102415,4160538.0,4214940,22038.0,584.0,49541.0,76990.0,5729.0,5729.0,-2046.0,1298.0,0.0,4431.0,0.0,1298.0,-4456.0,4431.0,-3319.0,0.22656659102810264,0.0,0.7734334089718974,0.0,,,,,,True,4018428,0.9533772722743384,0.9134247448979592,1916013,363701,1609037,129677,1127985,998308,129677,76328.0,129677,0,53349.0,True,196512,62243,7863.0,-7841.0,22.0,1853748.0,0.0,0.9675028300956204,543.0,2265.0,-1.0,543.0,2265.0,0.0,6272.0,4214940,0,0.07231683709870444,1405.0,-1503.0,,4160538.0,0.38283378746594005,0.0,7329.0,-9375.0,7329.0,0.0,1.0,,,7329.0,0,340.0,0.0,0.0,0.0,7436.0,2264.0,340.0,-7368.0,-262.0,-4456.0,7436.0,2264.0,0.03386454183266932,0.0,0.0,0.0,0.7406374501992032,0.2254980079681275,,,,,,,10040.0,0.0,572695,189.0,189.0,3471.0,5552.0,4.0,4.0,89.0,2175.0,100.0,100.0,24.0,7561.0,47.0,47.0,694.0,41829,38.0,38.0,2572.0,56621.0,234.0,234.0,709.0,165725.0,166.0,166.0,3783.0,273851,-714.0,0.0,1044.0,155973,-2011.0,0.0,1407.0,112184,-3448.0,0.0,655.0,24825.0,766.0,766.0,328.0,22202,-38.0,0.0,532.0,26853.0,-86.0,0.0,567.0,48699.0,-240.0,0.0,1129.0,19725.0,875.0,875.0,396.0,87291.0,1146.0,1146.0,2473.0,91427.0,601.0,601.0,1480.0,7863.0,-168.0,0.0,98.0,196512,543.0,543.0,587.0,138560,1405.0,1405.0,584.0,363701,-4456.0,0.0,501.0,610729,-6324.0,0.0,14683.0,1127985,7436.0,7436.0,34357.0,62243,2265.0,2265.0,4905.0
2010-03-31,13048.0,-21114.0,0.0,0.0,12820.0,-19703.0,-4502.0,12820.0,12820.0,2681.0,15501.0,-11385.0,2681.0,-8704.0,14076.0,0.0,14528.0,28604.0,2681.0,31285.0,0.0,0.0,1.0,,,,,0.0,,,0.5231546449621106,0.5231546449621106,True,1899860.0,134058,2115235,4149153.0,4205719,33506.0,1131.0,67619.0,107669.0,13048.0,13048.0,-21114.0,0.0,2944.0,10104.0,0.0,-33934.0,2944.0,10104.0,-228.0,0.0,0.22562844880441446,0.7743715511955855,0.0,,,,,,True,3997314,0.9504472362513996,0.5231546449621106,1882079,366645,1619141,129449,1139569,1010120,129449,75941.0,129449,0,53508.0,True,208405,64924,8381.0,-8358.0,23.0,1817132.0,0.0,0.9654918842407784,11893.0,2681.0,1.0,11893.0,2681.0,1.0,24941.0,4205719,0,0.07122867849861775,12820.0,-9221.0,,4149153.0,0.8270434165537707,0.0,0.0,-3266.0,-17848.0,,,,,0.0,0,0.0,0.0,0.0,2944.0,11584.0,2682.0,-17912.0,-16044.0,-4368.0,2944.0,11584.0,2682.0,0.0,0.0,0.0,0.17106333527019174,0.673097036606624,0.1558396281231842,,,,,,,17210.0,0.0,554621,-18074.0,0.0,5019.0,5886.0,334.0,334.0,90.0,2075.0,-100.0,0.0,15.0,7489.0,-72.0,0.0,1051.0,41475,-354.0,0.0,2326.0,55930.0,-691.0,0.0,704.0,165297.0,-428.0,0.0,6469.0,267970,-5881.0,0.0,1369.0,154144,-1829.0,0.0,2083.0,109151,-3033.0,0.0,787.0,24737.0,-88.0,0.0,406.0,21803,-399.0,0.0,630.0,26247.0,-606.0,0.0,539.0,48631.0,-68.0,0.0,2140.0,17569.0,-2156.0,0.0,679.0,88591.0,1300.0,1300.0,3003.0,91458.0,31.0,31.0,2054.0,8381.0,518.0,518.0,223.0,208405,11893.0,11893.0,3919.0,134058,-4502.0,0.0,1131.0,366645,2944.0,2944.0,658.0,609021,-1708.0,0.0,25304.0,1139569,11584.0,11584.0,41657.0,64924,2681.0,2681.0,5617.0
2010-06-30,2967.0,-71405.0,0.0,0.0,0.0,-37455.0,-10182.0,-21680.0,0.0,0.0,0.0,-69317.0,-530.0,-69847.0,5039.0,0.0,0.0,5039.0,0.0,5039.0,,,,0.0,0.12115678455632989,0.8788432154436701,0.03876478318002628,,0.0,0.0,0.5944700460829493,0.5944700460829493,True,1862405.0,123876,2093555,4079836.0,4136338,28011.0,704.0,44962.0,78626.0,2967.0,2967.0,-71405.0,0.0,0.0,2967.0,0.0,-49725.0,-14136.0,2967.0,-10511.0,0.0,0.0,1.0,0.0,0.03876478318002628,0.3345478437462669,0.6266873730737068,0.0,0.03876478318002628,True,3925909,0.94912673964265,0.5944700460829493,1832354,352509,1622108,118938,1133008,1014070,118938,75093.0,118938,0,43845.0,True,210429,64394,7913.0,-7892.0,21.0,1767939.0,0.0,0.9648457667022857,2024.0,-530.0,-2.0,2024.0,0.0,0.0,4991.0,4136338,0,0.06760484054936983,,-69381.0,0.0,4079836.0,,0.0,0.0,-25301.0,-46104.0,,,0.4253567508232711,0.5746432491767288,0.0,0,0.0,0.0,0.0,0.0,0.0,0.0,-9351.0,-24747.0,-16078.0,-14136.0,-6561.0,-532.0,,,,,,,0.007964207912674803,0.0,0.0,0.2623972265817151,0.6137827645171113,0.11585580098849875,0.0,0.0,545734,-8887.0,0.0,4216.0,5349.0,-537.0,0.0,60.0,2027.0,-48.0,0.0,8.0,7610.0,121.0,121.0,397.0,42641,1166.0,1166.0,3939.0,54655.0,-1275.0,0.0,809.0,163828.0,-1469.0,0.0,5016.0,260344,-7626.0,0.0,891.0,151453,-2691.0,0.0,1040.0,105662,-3489.0,0.0,452.0,22146.0,-2591.0,0.0,222.0,21516,-287.0,0.0,414.0,26013.0,-234.0,0.0,527.0,47392.0,-1239.0,0.0,1112.0,19297.0,1728.0,1728.0,306.0,85390.0,-3201.0,0.0,2627.0,83006.0,-8452.0,0.0,1669.0,7913.0,-468.0,0.0,490.0,210429,2024.0,2024.0,3816.0,123876,-10182.0,0.0,704.0,352509,-14136.0,0.0,1064.0,608038,-983.0,0.0,15139.0,1133008,-6561.0,0.0,28759.0,64394,-530.0,0.0,5423.0
2010-09-30,9572.0,6889.0,0.0,1957.0,8285.0,-604.0,1957.0,8285.0,10242.0,27.0,10269.0,9638.0,27.0,9665.0,12061.0,1957.0,9360.0,23378.0,27.0,23405.0,0.0,0.19107596172622535,0.8089240382737747,0.0,0.1374095720766747,0.8625904279233253,0.04144846085068336,0.0,0.0,0.0,0.7782746564761363,0.7782746564761363,True,1861801.0,125833,2101840,4089474.0,4145954,30617.0,689.0,58663.0,95374.0,9572.0,9572.0,6889.0,0.0,1587.0,7985.0,0.0,-1396.0,1587.0,7985.0,-1287.0,0.0,0.1657960718763059,0.8342039281236941,0.0,0.04144846085068336,0.14468642227615278,0.8138651168731639,0.0,0.04144846085068336,True,3932798,0.9485869838401487,0.7782746564761363,1830958,354096,1630093,117651,1140781,1023130,117651,73648.0,117651,0,44003.0,True,213156,64421,7965.0,-7941.0,24.0,1766513.0,0.0,0.9648025787593162,2727.0,27.0,3.0,2727.0,27.0,3.0,12299.0,4145954,0,0.0687252247184261,10242.0,9616.0,0.0,4089474.0,0.9973707274320771,2469.0,4420.0,2469.0,4420.0,0.3583974452024967,0.6416025547975033,0.17365311576874384,0.8263468842312561,6889.0,0,0.0,648.0,1026.0,1587.0,7773.0,30.0,-4175.0,648.0,1026.0,1587.0,7773.0,30.0,0.0,0.05856832971800434,0.09273318872017354,0.14343817787418656,0.7025488069414316,0.0027114967462039045,0.008874040820587775,0.016912877799237877,0.026778723182126637,0.11825964399436237,0.6993005167823771,0.12987419742130815,11064.0,0.0,541648,-4086.0,0.0,7090.0,5386.0,37.0,37.0,110.0,2002.0,-25.0,0.0,27.0,7509.0,-101.0,0.0,149.0,42953,312.0,312.0,2891.0,54663.0,8.0,8.0,1247.0,161103.0,-2725.0,0.0,5959.0,264655,4311.0,4311.0,1287.0,150287,-1166.0,0.0,1991.0,102581,-3081.0,0.0,741.0,22844.0,698.0,698.0,300.0,21116,-400.0,0.0,467.0,25751.0,-262.0,0.0,651.0,46573.0,-819.0,0.0,1553.0,21130.0,1833.0,1833.0,366.0,86836.0,1446.0,1446.0,3160.0,83643.0,637.0,637.0,2007.0,7965.0,52.0,52.0,219.0,213156,2727.0,2727.0,402.0,125833,1957.0,1957.0,689.0,354096,1587.0,1587.0,227.0,606963,-1075.0,0.0,21196.0,1140781,7773.0,7773.0,37240.0,64421,27.0,27.0,5608.0
2010-12-31,2393.0,-16031.0,0.0,264.0,0.0,-4860.0,264.0,-9745.0,264.0,250.0,514.0,-14341.0,250.0,-14091.0,7177.0,264.0,4560.0,12001.0,250.0,12251.0,0.0,1.0,0.0,0.0,0.09521563920089171,0.9047843607991083,0.0,0.0,0.0,0.0,0.5328434647071921,0.5328434647071921,True,1856941.0,126097,2092095,4075133.0,4132021,26145.0,612.0,50107.0,81592.0,2393.0,2393.0,-16031.0,0.0,0.0,2393.0,0.0,-6286.0,-9058.0,2393.0,-3080.0,0.0,0.0,1.0,0.0,0.0,0.16193709792709077,0.8380629020729092,0.0,0.0,True,3916767,0.9479058794715709,0.5328434647071921,1824672,345038,1632486,114571,1145341,1030770,114571,72223.0,114571,0,42348.0,True,215254,64671,7805.0,-7783.0,22.0,1759979.0,0.0,0.9645454087090721,2098.0,250.0,-2.0,2098.0,250.0,0.0,4491.0,4132021,0,0.06910666684204066,264.0,-13933.0,0.0,4075133.0,0.5136186770428015,0.0,0.0,-14041.0,-1990.0,,,0.3583974452024967,0.6416025547975033,0.0,0,0.0,0.0,0.0,0.0,4560.0,248.0,-4592.0,-4075.0,-3114.0,-9058.0,4560.0,248.0,0.0,0.0,0.0,0.0,0.9484193011647255,0.051580698835274545,0.0,0.019587691191584548,0.031013844386675534,0.13696269874856418,0.7229611268968019,0.08947463877637386,4808.0,0.0,537084,-4564.0,0.0,5647.0,5390.0,4.0,4.0,87.0,2072.0,70.0,70.0,8.0,7407.0,-102.0,0.0,234.0,43301,348.0,348.0,2526.0,54866.0,203.0,203.0,990.0,162255.0,1152.0,1152.0,4362.0,265709,1054.0,1054.0,862.0,147924,-2363.0,0.0,1795.0,99698,-2883.0,0.0,812.0,23158.0,314.0,314.0,303.0,22261,1145.0,1145.0,397.0,25468.0,-283.0,0.0,528.0,46214.0,-359.0,0.0,1757.0,21415.0,285.0,285.0,417.0,87340.0,504.0,504.0,2883.0,82320.0,-1323.0,0.0,1317.0,7805.0,-160.0,0.0,136.0,215254,2098.0,2098.0,1084.0,126097,264.0,264.0,612.0,345038,-9058.0,0.0,462.0,601716,-5247.0,0.0,16740.0,1145341,4560.0,4560.0,32905.0,64671,250.0,250.0,4845.0
2011-03-31,33051.0,33051.0,17206.0,0.0,26788.0,17206.0,-1343.0,26788.0,43994.0,818.0,44812.0,42651.0,818.0,43469.0,31532.0,0.0,26788.0,58320.0,818.0,59138.0,0.39109878619811794,0.0,0.6089012138018821,0.31570642201834864,0.04075229357798165,0.6435412844036698,0.13052539441052038,0.39109878619811794,0.31570642201834864,0.31570642201834864,0.7640259830324325,0.7640259830324325,True,1874147.0,124754,2118883,4117784.0,4175280,36374.0,813.0,64693.0,107723.0,33051.0,33051.0,33051.0,6263.0,15300.0,10845.0,643.0,6263.0,15300.0,10845.0,643.0,0.18949502284348432,0.4629209403648906,0.3281292547880548,0.01945478200357024,0.13052539441052038,0.3519371444053102,0.5041368818123085,0.013400579371860868,0.13052539441052038,True,3949818,0.9460007472552739,0.7640259830324325,1830935,360338,1643331,115214,1152736,1037522,115214,72068.0,115214,0,43146.0,True,225462,65489,8014.0,-7993.0,21.0,1765425.0,0.0,0.9642204665922056,10208.0,818.0,-1.0,10208.0,818.0,0.0,43259.0,4175280,0,0.06813677164945779,43994.0,43259.0,0.31570642201834864,4117784.0,0.9817459609033294,18050.0,15001.0,18050.0,15001.0,0.5461256845481226,0.4538743154518774,0.5137456184276414,0.48625438157235856,33051.0,0,0.0,4304.0,14670.0,15300.0,7395.0,817.0,-9435.0,4304.0,14670.0,15300.0,7395.0,817.0,0.0,0.10130395895118392,0.34529021324671655,0.3601186273125265,0.1740573365343878,0.019229863955185236,0.0,0.08485554679735426,0.26896055382295486,0.28936906679461255,0.33805133829123685,0.01876349429384146,42486.0,0.0,527419,-9665.0,0.0,7400.0,5702.0,312.0,312.0,110.0,1978.0,-94.0,0.0,18.0,7419.0,12.0,12.0,370.0,61311,18010.0,18010.0,2693.0,54729.0,-137.0,0.0,1336.0,162314.0,59.0,59.0,6617.0,266035,326.0,326.0,1293.0,149420,1496.0,1496.0,2048.0,99980,282.0,282.0,945.0,23269.0,111.0,111.0,337.0,22254,-7.0,0.0,584.0,25285.0,-183.0,0.0,645.0,46093.0,-121.0,0.0,1474.0,17973.0,-3442.0,0.0,718.0,86663.0,-677.0,0.0,4367.0,82827.0,507.0,507.0,1956.0,8014.0,209.0,209.0,187.0,225462,10208.0,10208.0,3276.0,124754,-1343.0,0.0,813.0,360338,15300.0,15300.0,146.0,605809,4093.0,4093.0,24790.0,1152736,7395.0,7395.0,39757.0,65489,818.0,818.0,6013.0
2011-06-30,,-58833.0,0.0,0.0,0.0,-19990.0,-7824.0,-32135.0,0.0,58.0,58.0,-59949.0,58.0,-59891.0,6293.0,0.0,0.0,6293.0,58.0,6351.0,,,,0.31570642201834864,0.04075229357798165,0.6435412844036698,0.1391283099342456,,0.31570642201834864,0.31570642201834864,,,True,1854157.0,116930,2086748,4057835.0,4114411,27850.0,637.0,41610.0,75431.0,,0.0,-58833.0,0.0,0.0,0.0,0.0,-26698.0,-22664.0,-5799.0,-3672.0,,,,,0.1391283099342456,0.3751332859427759,0.471454593922161,0.014283810200817487,0.1391283099342456,True,3890985,0.9456967230546487,,1804237,337674,1637532,111542,1149480,1037938,111542,70066.0,111542,0,41476.0,True,223426,65547,8993.0,-8971.0,22.0,1738668.0,0.0,0.9636583220497086,-2036.0,58.0,1.0,0.0,58.0,1.0,0.0,4114411,0,0.06480855896426024,,-60869.0,0.31570642201834864,4057835.0,0.0,0.0,0.0,-36703.0,-22130.0,,,0.5137456184276414,0.48625438157235856,0.0,0,1016.0,0.0,0.0,0.0,0.0,59.0,1016.0,-26367.0,-7621.0,-22664.0,-3256.0,59.0,0.9451162790697675,0.0,0.0,0.0,0.0,0.05488372093023256,0.017094879948849964,0.08332071408140258,0.26409570440664276,0.2841350764726667,0.3319368027863308,0.019416822304107146,1075.0,0.0,529074,1655.0,1655.0,4670.0,5313.0,-389.0,0.0,91.0,1946.0,-32.0,0.0,9.0,7201.0,-218.0,0.0,189.0,63184,1873.0,1873.0,4273.0,53011.0,-1718.0,0.0,852.0,162634.0,320.0,320.0,5196.0,259443,-6592.0,0.0,814.0,145350,-4070.0,0.0,1100.0,95953,-4027.0,0.0,696.0,21219.0,-2050.0,0.0,165.0,22434,180.0,180.0,429.0,24837.0,-448.0,0.0,448.0,45309.0,-784.0,0.0,869.0,19259.0,1286.0,1286.0,317.0,86365.0,-298.0,0.0,3181.0,79206.0,-3621.0,0.0,1257.0,8993.0,979.0,979.0,84.0,223426,-2036.0,0.0,3210.0,116930,-7824.0,0.0,637.0,337674,-22664.0,0.0,119.0,599594,-6215.0,0.0,14049.0,1149480,-3256.0,0.0,27442.0,65547,58.0,58.0,5402.0
2011-09-30,40440.0,39969.0,17025.0,3351.0,16349.0,17025.0,3351.0,16349.0,36725.0,2376.0,39101.0,36725.0,2376.0,39101.0,22786.0,3351.0,16349.0,42486.0,2376.0,44862.0,0.4635806671204901,0.09124574540503744,0.44517358747447244,0.42269365175407186,0.04463899830828692,0.5326673499376412,0.39379842918138214,0.4635806671204901,0.42269365175407186,0.42269365175407186,1.0,1.0,True,1871182.0,120281,2103097,4094560.0,4153694,24980.0,663.0,56484.0,88278.0,40440.0,40440.0,39969.0,23620.0,8555.0,8265.0,0.0,23620.0,8555.0,8265.0,-471.0,0.5840751730959446,0.21154797230464886,0.20437685459940652,0.0,0.39379842918138214,0.3143613937061831,0.283366717621633,0.00847345949080175,0.39379842918138214,True,3930954,0.9463754431597513,1.0,1827857,346229,1645797,111071,1154743,1043672,111071,69894.0,111071,0,41177.0,True,222740,67923,8811.0,-8789.0,22.0,1759912.0,0.0,0.9628280549298988,-686.0,2376.0,0.0,0.0,2376.0,0.0,40440.0,4153694,0,0.06580438185262852,36725.0,39283.0,0.42269365175407186,4094560.0,0.9392342906831027,14437.0,25532.0,14437.0,25532.0,0.3612049338237134,0.6387950661762867,0.4449055053410025,0.5550944946589975,39969.0,0,9978.0,8054.0,5743.0,8555.0,5263.0,2376.0,9978.0,8054.0,5743.0,8555.0,5263.0,2376.0,0.24964347369211137,0.2015061672796417,0.14368635692661813,0.21404088168330457,0.13167704971352798,0.05944607070479622,0.12445380244062577,0.13989449613982657,0.23107835812447644,0.2700423373859494,0.19491045756073264,0.03962054834838914,39969.0,0.0,538880,9806.0,9806.0,4735.0,5459.0,146.0,146.0,109.0,1929.0,-17.0,0.0,14.0,7244.0,43.0,43.0,119.0,66947,3763.0,3763.0,3395.0,50930.0,-2081.0,0.0,995.0,161245.0,-1389.0,0.0,3872.0,264852,5409.0,5409.0,981.0,146483,1133.0,1133.0,1708.0,96413,460.0,460.0,705.0,21627.0,408.0,408.0,291.0,22065,-369.0,0.0,395.0,24306.0,-531.0,0.0,486.0,45287.0,-22.0,0.0,1221.0,20495.0,1236.0,1236.0,423.0,86747.0,382.0,382.0,3514.0,78722.0,-484.0,0.0,1509.0,8811.0,-182.0,0.0,124.0,222740,-686.0,0.0,384.0,120281,3351.0,3351.0,663.0,346229,8555.0,8555.0,261.0,602125,2531.0,2531.0,20297.0,1154743,5263.0,5263.0,35926.0,67923,2376.0,2376.0,6257.0
2011-12-31,20096.0,5573.0,12286.0,1401.0,0.0,12286.0,1401.0,-5930.0,13687.0,657.0,14344.0,7757.0,657.0,8414.0,19587.0,1401.0,6631.0,27619.0,657.0,28276.0,0.8976400964418791,0.10235990355812084,0.0,0.49273351270046395,0.05033578374255874,0.4569307035569773,0.44221953903854166,0.8976400964418791,0.49273351270046395,0.49273351270046395,0.8877893620781057,0.8877893620781057,True,1883468.0,121682,2097167,4102317.0,4161807,24884.0,607.0,53397.0,84094.0,20096.0,20096.0,5573.0,11503.0,0.0,8593.0,0.0,11503.0,-12339.0,8593.0,-2184.0,0.5724024681528662,0.0,0.4275975318471338,0.0,0.44221953903854166,0.25489651340463954,0.2960133351854424,0.006870612371376366,0.44221953903854166,True,3936527,0.9458696667096769,0.8877893620781057,1839360,333890,1654390,108887,1161374,1052487,108887,69166.0,108887,0,39721.0,True,225280,68580,9113.0,-9090.0,23.0,1770757.0,0.0,0.9627027879262352,2540.0,657.0,1.0,2540.0,657.0,1.0,22636.0,4161807,0,0.0661545320111343,13687.0,8113.0,0.49273351270046395,4102317.0,0.954196876742889,0.0,16733.0,-11160.0,16733.0,0.0,1.0,0.3619600459037581,0.6380399540962419,16733.0,0,2534.0,655.0,7434.0,0.0,6631.0,658.0,2534.0,655.0,7434.0,-12339.0,6631.0,658.0,0.14146940598481464,0.0365676641357749,0.41502903081732917,0.0,0.37019874944171505,0.03673514962036623,0.13335699217286726,0.12828019952288006,0.2745115435421226,0.23515900711736756,0.19014806490408312,0.038544192740679405,17912.0,0.0,541868,2988.0,2988.0,4246.0,5452.0,-7.0,0.0,92.0,2034.0,105.0,105.0,13.0,6692.0,-552.0,0.0,148.0,72362,5415.0,5415.0,3178.0,50657.0,-273.0,0.0,780.0,159949.0,-1296.0,0.0,3651.0,268696,3844.0,3844.0,1157.0,144293,-2190.0,0.0,1152.0,94830,-1583.0,0.0,868.0,22149.0,522.0,522.0,364.0,21926,-139.0,0.0,466.0,23836.0,-470.0,0.0,484.0,44604.0,-683.0,0.0,1365.0,22233.0,1738.0,1738.0,270.0,88880.0,2133.0,2133.0,3444.0,78614.0,-108.0,0.0,1426.0,9113.0,302.0,302.0,127.0,225280,2540.0,2540.0,1653.0,121682,1401.0,1401.0,607.0,333890,-12339.0,0.0,308.0,601903,-222.0,0.0,19008.0,1161374,6631.0,6631.0,34081.0,68580,657.0,657.0,5315.0
2012-03-31,26797.0,26797.0,14558.0,0.0,23853.0,14558.0,-1538.0,23853.0,38411.0,561.0,38972.0,36873.0,561.0,37434.0,26714.0,0.0,23853.0,50567.0,561.0,51128.0,0.37900601390226757,0.0,0.6209939860977324,0.49389234770273466,0.053499656620469925,0.45260799567679544,0.4358833430661949,0.37900601390226757,0.49389234770273466,0.49389234770273466,0.7366062838450754,0.7366062838450754,True,1898026.0,120144,2121020,4139190.0,4198186,35984.0,799.0,68870.0,110901.0,26797.0,26797.0,26797.0,2944.0,8447.0,13648.0,1758.0,2944.0,8447.0,13648.0,1758.0,0.1098630443706385,0.31522185319252155,0.5093107437399709,0.06560435869686905,0.4358833430661949,0.19468013236691742,0.349306676743041,0.020129847823846657,0.4358833430661949,True,3963324,0.9440563138460278,0.7366062838450754,1842304,342337,1668038,110645,1172660,1062015,110645,70202.0,110645,0,40443.0,True,234862,69141,10168.0,-10145.0,23.0,1773140.0,0.0,0.9624578788299868,9582.0,561.0,0.0,9582.0,561.0,0.0,36379.0,4198186,0,0.0652139929132217,38411.0,36379.0,0.49389234770273466,4139190.0,0.9856050497793287,11029.0,15768.0,11029.0,15768.0,0.4115759226779117,0.5884240773220883,0.3049856884513587,0.6950143115486414,26797.0,0,0.0,4732.0,6289.0,8447.0,11286.0,561.0,-4518.0,4732.0,6289.0,8447.0,11286.0,561.0,0.0,0.15110969184097078,0.20083027303209325,0.26974293469583266,0.36040236308478363,0.017914737346319654,0.14985986640227758,0.14889610173809972,0.215639574171107,0.18834398644082817,0.2567823553522172,0.040478115895470304,31315.0,0.0,537001,-4867.0,0.0,6058.0,5787.0,335.0,335.0,104.0,1937.0,-97.0,0.0,17.0,6803.0,111.0,111.0,118.0,79755,7393.0,7393.0,5324.0,49351.0,-1306.0,0.0,972.0,162029.0,2080.0,2080.0,5396.0,270062,1366.0,1366.0,1201.0,144852,559.0,559.0,1590.0,97532,2702.0,2702.0,886.0,22524.0,375.0,375.0,366.0,21662,-264.0,0.0,484.0,23551.0,-285.0,0.0,662.0,44084.0,-520.0,0.0,1757.0,17448.0,-4785.0,0.0,579.0,88848.0,-32.0,0.0,4564.0,79770.0,1156.0,1156.0,1926.0,10168.0,1055.0,1055.0,226.0,234862,9582.0,9582.0,3754.0,120144,-1538.0,0.0,799.0,342337,8447.0,8447.0,493.0,606023,4120.0,4120.0,25473.0,1172660,11286.0,11286.0,42904.0,69141,561.0,561.0,5457.0
2012-06-30,4521.0,-36360.0,0.0,0.0,0.0,-19432.0,-9400.0,-3845.0,0.0,0.0,0.0,-32677.0,-1680.0,-34357.0,6644.0,0.0,4104.0,10748.0,0.0,10748.0,,,,0.49389234770273466,0.053499656620469925,0.45260799567679544,0.4144294206022601,,0.49389234770273466,0.49389234770273466,0.8064573671066714,0.8064573671066714,True,1878594.0,110744,2117175,4106513.0,4162911,27543.0,589.0,48971.0,82095.0,4521.0,4521.0,-36360.0,0.0,0.0,4521.0,0.0,-32515.0,-7949.0,4521.0,-417.0,0.0,0.0,1.0,0.0,0.4144294206022601,0.1850980904478847,0.3813334204280706,0.019139068521784573,0.4144294206022601,True,3926964,0.943321632386568,0.8064573671066714,1809789,334388,1672559,110228,1175885,1065657,110228,70864.0,110228,0,39364.0,True,235947,67461,11085.0,-11063.0,22.0,1742306.0,0.0,0.9627122277790394,1085.0,-1680.0,-1.0,1085.0,0.0,0.0,5606.0,4162911,0,0.061191663779589775,,-35275.0,0.49389234770273466,4106513.0,,0.0,0.0,-16470.0,-19890.0,,,0.3049856884513587,0.6950143115486414,0.0,0,0.0,0.0,0.0,0.0,3225.0,0.0,-5196.0,-22039.0,-2720.0,-7949.0,3225.0,-1681.0,0.0,0.0,0.0,0.0,1.0,0.0,0.13538048711872844,0.14543231516646649,0.210623126778546,0.18396251934084246,0.2857034656625659,0.03889808593285076,3225.0,0.0,532542,-4459.0,0.0,4179.0,5295.0,-492.0,0.0,86.0,1884.0,-53.0,0.0,25.0,6611.0,-192.0,0.0,63.0,81709,1954.0,1954.0,4052.0,50021.0,670.0,670.0,958.0,161183.0,-846.0,0.0,3920.0,259727,-10335.0,0.0,989.0,142113,-2739.0,0.0,1114.0,95077,-2455.0,0.0,566.0,20536.0,-1988.0,0.0,208.0,21403,-259.0,0.0,401.0,23542.0,-9.0,0.0,520.0,43102.0,-982.0,0.0,941.0,19466.0,2018.0,2018.0,439.0,88811.0,-37.0,0.0,3473.0,78540.0,-1230.0,0.0,1287.0,11085.0,917.0,917.0,115.0,235947,1085.0,1085.0,4207.0,110744,-9400.0,0.0,589.0,334388,-7949.0,0.0,974.0,606902,879.0,879.0,17037.0,1175885,3225.0,3225.0,30960.0,67461,-1680.0,0.0,5088.0
2012-09-30,41342.0,41342.0,19182.0,4111.0,22557.0,19182.0,4111.0,22557.0,45850.0,0.0,45850.0,45850.0,-862.0,44988.0,23035.0,4111.0,22557.0,49703.0,0.0,49703.0,0.4183642311886587,0.08966194111232278,0.49197382769901854,0.4699023971903459,0.056274758034875645,0.47382284477477843,0.3582733192461943,0.4183642311886587,0.4699023971903459,0.4699023971903459,0.9037095328655431,0.9037095328655431,True,1897776.0,114855,2139732,4152363.0,4208658,26214.0,906.0,64832.0,95425.0,41342.0,41342.0,41342.0,18785.0,9721.0,11504.0,1332.0,18785.0,9721.0,11504.0,1332.0,0.4543805331140245,0.23513618112331286,0.27826423491848484,0.03221905084417783,0.3582733192461943,0.19586873086377163,0.4125447410410108,0.033313208849023244,0.3582733192461943,True,3968306,0.9428910593353036,0.9037095328655431,1828574,344109,1684063,111560,1185552,1073992,111560,71553.0,111560,0,40007.0,True,240352,66599,10327.0,-10304.0,23.0,1761952.0,0.0,0.9635661449851086,4405.0,-862.0,1.0,4405.0,0.0,1.0,45747.0,4208658,0,0.06281123979669404,45850.0,45747.0,0.4699023971903459,4152363.0,1.0,17001.0,24341.0,17001.0,24341.0,0.41122829084224277,0.5887717091577572,0.3302620416627392,0.6697379583372608,41342.0,0,2786.0,16294.0,3735.0,9721.0,9667.0,0.0,2786.0,16294.0,3735.0,9721.0,9667.0,-861.0,0.06601426438878753,0.38608629718266474,0.08850081747743052,0.2303390754211786,0.22905954552993862,0.0,0.056204109661401935,0.22905287623474724,0.18443822302044266,0.19193914743014104,0.3254872959695737,0.012878347683693413,42203.0,0.0,535028,2486.0,2486.0,4390.0,5401.0,106.0,106.0,95.0,1923.0,39.0,39.0,37.0,6766.0,155.0,155.0,135.0,81803,94.0,94.0,3398.0,51013.0,992.0,992.0,715.0,158850.0,-2333.0,0.0,3747.0,266662,6935.0,6935.0,1159.0,145388,3275.0,3275.0,1683.0,97353,2276.0,2276.0,953.0,20962.0,426.0,426.0,237.0,21149,-254.0,0.0,392.0,23941.0,399.0,399.0,603.0,43410.0,308.0,308.0,1197.0,19884.0,418.0,418.0,457.0,89532.0,721.0,721.0,3874.0,78032.0,-508.0,0.0,1494.0,10327.0,-758.0,0.0,166.0,240352,4405.0,4405.0,1482.0,114855,4111.0,4111.0,906.0,344109,9721.0,9721.0,2700.0,610071,3169.0,3169.0,23208.0,1185552,9667.0,9667.0,38924.0,66599,-862.0,0.0,3621.0
2012-12-31,32248.0,30621.0,19794.0,75.0,8831.0,19794.0,75.0,8831.0,28700.0,3170.0,31870.0,28700.0,3170.0,31870.0,20585.0,75.0,9274.0,29934.0,3170.0,33104.0,0.6896864111498258,0.002613240418118467,0.30770034843205574,0.4739157762413576,0.03705703738458406,0.4890271863740583,0.41483013688183934,0.6896864111498258,0.4739157762413576,0.4739157762413576,0.995032244129717,0.995032244129717,True,1917570.0,114930,2148563,4181063.0,4239440,26679.0,697.0,55396.0,87257.0,32248.0,32248.0,30621.0,21790.0,0.0,10458.0,0.0,21790.0,-443.0,10458.0,-1184.0,0.6757008186554205,0.0,0.3242991813445795,0.0,0.41483013688183934,0.17318031036717887,0.3825351736759828,0.029454379074999048,0.41483013688183934,True,3998927,0.9432677429094408,0.995032244129717,1850364,343666,1694521,110376,1194675,1084299,110376,71465.0,110376,0,38911.0,True,240513,69769,11414.0,-11392.0,22.0,1780573.0,0.0,0.9622825562970313,161.0,3170.0,-1.0,161.0,3170.0,0.0,32409.0,4239440,0,0.06211210334831417,28700.0,30782.0,0.4739157762413576,4181063.0,0.9005334170065893,0.0,30838.0,-217.0,30838.0,0.0,1.0,0.2831971063984562,0.7168028936015438,30838.0,0,8886.0,3814.0,6072.0,0.0,9123.0,3169.0,8886.0,3814.0,6072.0,-443.0,9123.0,3169.0,0.2860545969611125,0.12277877929436003,0.1954674220963173,0.0,0.2936840072109194,0.10201519443729075,0.10826755219976439,0.23041175433877206,0.14930384854415762,0.1685233797434304,0.3088945986809762,0.034598866492899345,31064.0,0.0,543668,8640.0,8640.0,6141.0,5370.0,-31.0,0.0,80.0,1996.0,73.0,73.0,13.0,6970.0,204.0,204.0,112.0,83522,1719.0,1719.0,2440.0,53131.0,2118.0,2118.0,566.0,159519.0,669.0,669.0,3302.0,267989,1327.0,1327.0,1226.0,144913,-475.0,0.0,1615.0,97356,3.0,3.0,759.0,21167.0,205.0,205.0,250.0,21092,-57.0,0.0,259.0,23947.0,6.0,6.0,510.0,43182.0,-228.0,0.0,1238.0,20367.0,483.0,483.0,376.0,91241.0,1709.0,1709.0,3912.0,80213.0,2181.0,2181.0,1407.0,11414.0,1087.0,1087.0,191.0,240513,161.0,161.0,2282.0,114930,75.0,75.0,697.0,343666,-443.0,0.0,576.0,610222,151.0,151.0,18087.0,1194675,9123.0,9123.0,36733.0,69769,3170.0,3170.0,4659.0
2013-03-31,44262.0,44262.0,13438.0,327.0,33347.0,13438.0,327.0,33347.0,47112.0,3574.0,50686.0,47112.0,3574.0,50686.0,27989.0,327.0,33347.0,61663.0,3574.0,65237.0,0.28523518424180677,0.006940906775343861,0.7078239089828494,0.4308165244694317,0.03709457349049004,0.5320889020400783,0.4207627499530125,0.28523518424180677,0.4308165244694317,0.4308165244694317,0.8338576891919895,0.8338576891919895,True,1931008.0,115257,2181910,4228175.0,4292521,39288.0,986.0,74802.0,120583.0,44262.0,44262.0,44262.0,10915.0,11368.0,20395.0,1584.0,10915.0,11368.0,20395.0,1584.0,0.24659979214676245,0.2568343048212914,0.4607789977859112,0.03578690524603497,0.4207627499530125,0.17233376643540652,0.3830746978500159,0.023828785761565052,0.4207627499530125,True,4043189,0.9419147862060546,0.8338576891919895,1861279,355034,1714916,111960,1207131,1095171,111960,72683.0,111960,0,39277.0,True,249332,73343,9020.0,-8997.0,23.0,1787913.0,0.0,0.9605830184512908,8819.0,3574.0,1.0,8819.0,3574.0,1.0,53081.0,4292521,0,0.06192354826976504,47112.0,53081.0,0.4308165244694317,4228175.0,0.9294874324271002,21218.0,23044.0,21218.0,23044.0,0.47937282544846593,0.5206271745515341,0.3282234932412703,0.6717765067587297,44262.0,0,7275.0,7972.0,1616.0,11368.0,12456.0,3575.0,7275.0,7972.0,1616.0,11368.0,12456.0,3575.0,0.16436220685915684,0.18010934887714067,0.036509873028783155,0.2568343048212914,0.2814152094347296,0.08076905697889838,0.15690577537804132,0.23253888069960416,0.0945972804213525,0.1746443182006393,0.2854646636964407,0.055849081603922025,44262.0,0.0,549688,6020.0,6020.0,6009.0,5839.0,469.0,469.0,111.0,1900.0,-96.0,0.0,13.0,7852.0,882.0,882.0,522.0,87889,4367.0,4367.0,4097.0,50660.0,-2471.0,0.0,584.0,158029.0,-1490.0,0.0,7055.0,267223,-766.0,0.0,2925.0,147318,2405.0,2405.0,2040.0,101101,3745.0,3745.0,936.0,21810.0,643.0,643.0,348.0,21505,413.0,413.0,516.0,23978.0,31.0,31.0,684.0,42387.0,-795.0,0.0,1541.0,16009.0,-4358.0,0.0,800.0,91436.0,195.0,195.0,4740.0,78032.0,-2181.0,0.0,2571.0,9020.0,-2394.0,0.0,183.0,249332,8819.0,8819.0,3613.0,115257,327.0,327.0,986.0,355034,11368.0,11368.0,968.0,619745,9523.0,9523.0,30291.0,1207131,12456.0,12456.0,43543.0,73343,3574.0,3574.0,5670.0
2013-06-30,1567.0,-26502.0,0.0,0.0,0.0,-11356.0,-8766.0,-7176.0,0.0,1901.0,1901.0,-27298.0,1901.0,-25397.0,7872.0,0.0,4525.0,12397.0,1901.0,14298.0,,,,0.4308165244694317,0.03709457349049004,0.5320889020400783,0.43117091920046224,,0.4308165244694317,0.4308165244694317,0.5272543741588156,0.5272543741588156,True,1919652.0,106491,2174734,4200877.0,4267424,30270.0,876.0,53807.0,91058.0,1567.0,1567.0,-26502.0,0.0,0.0,0.0,1567.0,-19326.0,-8336.0,-407.0,1567.0,0.0,0.0,0.0,1.0,0.43117091920046224,0.17659668896909203,0.35469230189500833,0.03754008993543741,0.43117091920046224,True,4016687,0.9412439448247936,0.5272543741588156,1841953,346698,1714509,113527,1211656,1098129,113527,74760.0,113527,0,38767.0,True,250737,75244,8722.0,-8697.0,25.0,1766684.0,0.0,0.9591363080382616,1405.0,1901.0,2.0,1405.0,1901.0,2.0,2972.0,4267424,0,0.05781417875483251,,-25097.0,0.4308165244694317,4200877.0,0.0,0.0,0.0,-20467.0,-6035.0,,,0.3282234932412703,0.6717765067587297,0.0,0,0.0,0.0,0.0,0.0,4525.0,1903.0,-3085.0,-21216.0,-293.0,-8336.0,4525.0,1903.0,0.0,0.0,0.0,0.0,0.7039514623522091,0.29604853764779093,0.15285139201497294,0.2265301677194511,0.09215292399783796,0.1701315778858798,0.28857587711867827,0.06975806126317997,6428.0,0.0,546713,-2975.0,0.0,4752.0,5395.0,-444.0,0.0,73.0,1966.0,66.0,66.0,20.0,8120.0,268.0,268.0,224.0,90340,2451.0,2451.0,5140.0,50595.0,-65.0,0.0,428.0,157768.0,-261.0,0.0,2917.0,261174,-6049.0,0.0,1156.0,143934,-3384.0,0.0,1416.0,98524,-2577.0,0.0,369.0,22550.0,740.0,740.0,249.0,21404,-101.0,0.0,385.0,24753.0,775.0,775.0,543.0,41554.0,-833.0,0.0,1012.0,17871.0,1862.0,1862.0,387.0,91741.0,305.0,305.0,4304.0,75791.0,-2241.0,0.0,1630.0,8722.0,-298.0,0.0,87.0,250737,1405.0,1405.0,5178.0,106491,-8766.0,0.0,876.0,346698,-8336.0,0.0,313.0,616380,-3365.0,0.0,18679.0,1211656,4525.0,4525.0,34815.0,75244,1901.0,1901.0,6171.0
2013-09-30,51546.0,51546.0,20781.0,4676.0,26329.0,20781.0,4676.0,26329.0,51786.0,0.0,51786.0,51786.0,-23.0,51763.0,25457.0,4676.0,26329.0,56462.0,0.0,56462.0,0.4012860618700035,0.09029467423628007,0.5084192638937165,0.4233060079311588,0.039796862019780874,0.5368971300490604,0.44684971031375603,0.4012860618700035,0.4233060079311588,0.4233060079311588,1.0,1.0,True,1940433.0,111167,2201063,4252663.0,4318284,28496.0,1260.0,65483.0,99301.0,51546.0,51546.0,51546.0,25217.0,14006.0,9510.0,2813.0,25217.0,14006.0,9510.0,2813.0,0.489213518022737,0.2717184650603345,0.18449540216505644,0.05457261475187211,0.44684971031375603,0.19575229704604893,0.3113876395392793,0.04601035310091573,0.44684971031375603,True,4068233,0.9420948228509287,1.0,1867170,360704,1724019,116340,1221591,1105251,116340,76395.0,116340,0,39945.0,True,250051,75221,9623.0,-9600.0,23.0,1791926.0,0.0,0.9597015804666956,-686.0,-23.0,-2.0,0.0,0.0,0.0,51546.0,4318284,0,0.0595376960855198,51786.0,50860.0,0.4233060079311588,4252663.0,1.0,21070.0,30476.0,21070.0,30476.0,0.40876110658441006,0.59123889341559,0.3339071111602419,0.666092888839758,51546.0,0,4959.0,16649.0,6022.0,14006.0,9935.0,0.0,4959.0,16649.0,6022.0,14006.0,9935.0,-25.0,0.096158693839561,0.32283647786546704,0.11677105349905954,0.2715867444881813,0.1926470303077311,0.0,0.15840990061878868,0.2132758297393587,0.10283142696418526,0.19031689480592537,0.27030939433714607,0.0648565535345959,51571.0,0.0,551508,4795.0,4795.0,4984.0,5554.0,159.0,159.0,153.0,1904.0,-62.0,0.0,23.0,8187.0,67.0,67.0,389.0,91389,1049.0,1049.0,2671.0,54422.0,3827.0,3827.0,345.0,156257.0,-1511.0,0.0,3787.0,266134,4960.0,4960.0,1600.0,147011,3077.0,3077.0,2212.0,101392,2868.0,2868.0,778.0,21269.0,-1281.0,0.0,438.0,20938,-466.0,0.0,490.0,24451.0,-302.0,0.0,560.0,41571.0,17.0,17.0,1331.0,17503.0,-368.0,0.0,505.0,92426.0,685.0,685.0,4515.0,78843.0,3052.0,3052.0,2357.0,9623.0,901.0,901.0,188.0,250051,-686.0,0.0,1170.0,111167,4676.0,4676.0,1260.0,360704,14006.0,14006.0,744.0,618768,2388.0,2388.0,26053.0,1221591,9935.0,9935.0,38686.0,75221,-23.0,0.0,4233.0
2013-12-31,39044.0,38542.0,14967.0,1140.0,20048.0,14967.0,1140.0,20048.0,36155.0,4274.0,40429.0,36155.0,4274.0,40429.0,17762.0,1140.0,20048.0,38950.0,4274.0,43224.0,0.41396763933065966,0.031530908588023786,0.5545014520813165,0.3641977593981622,0.04548584629737955,0.5903163943044583,0.4004280928609651,0.41396763933065966,0.3641977593981622,0.3641977593981622,0.9409099672257567,0.9409099672257567,True,1955400.0,112307,2221111,4288818.0,4359278,29579.0,1105.0,58489.0,95061.0,39044.0,39044.0,38542.0,18494.0,10424.0,10126.0,0.0,18494.0,10424.0,10126.0,-502.0,0.4736707304579449,0.26698084212683126,0.25934842741522385,0.0,0.4004280928609651,0.26241212734296543,0.29344152940572793,0.04371825039034152,0.4004280928609651,True,4106775,0.9420768760331413,0.9409099672257567,1885664,371128,1734145,115838,1230267,1114429,115838,77120.0,115838,0,38718.0,True,252503,79495,9057.0,-9035.0,22.0,1806147.0,0.0,0.9578307694265786,2452.0,4274.0,-1.0,2452.0,4274.0,0.0,41496.0,4359278,0,0.059558330646392994,36155.0,40994.0,0.3641977593981622,4288818.0,0.894283806178733,12512.0,26030.0,12512.0,26030.0,0.3246328680400602,0.6753671319599398,0.40788983997022704,0.592110160029773,38542.0,0,1907.0,7046.0,6216.0,10424.0,8676.0,4273.0,1907.0,7046.0,6216.0,10424.0,8676.0,4273.0,0.04947849099683462,0.182813554044938,0.16127860515800943,0.2704582014425821,0.2251050801722796,0.11086606818535623,0.10043109876920236,0.2249028784898049,0.098392789926351,0.2542417420083379,0.25277870499918326,0.06925278580712059,38542.0,0.0,552966,1458.0,1458.0,4814.0,5581.0,27.0,27.0,114.0,2048.0,144.0,144.0,16.0,8465.0,278.0,278.0,714.0,93857,2468.0,2468.0,4026.0,55488.0,1066.0,1066.0,929.0,156535.0,278.0,278.0,3207.0,270412,4278.0,4278.0,1803.0,146369,-642.0,0.0,1761.0,100451,-941.0,0.0,821.0,21864.0,595.0,595.0,315.0,20702,-236.0,0.0,492.0,24665.0,214.0,214.0,584.0,41637.0,66.0,66.0,1179.0,19200.0,1697.0,1697.0,378.0,95167.0,2741.0,2741.0,4384.0,78433.0,-410.0,0.0,1464.0,9057.0,-566.0,0.0,136.0,252503,2452.0,2452.0,2442.0,112307,1140.0,1140.0,1105.0,371128,10424.0,10424.0,1177.0,619716,948.0,948.0,21869.0,1230267,8676.0,8676.0,35443.0,79495,4274.0,4274.0,6003.0
2014-03-31,34766.0,34262.0,4306.0,510.0,34766.0,4306.0,510.0,34766.0,39582.0,479.0,40061.0,39582.0,479.0,40061.0,20947.0,510.0,34766.0,56223.0,479.0,56702.0,0.10878682229296145,0.012884644535394877,0.8783285331716437,0.314092359809603,0.04960673760811775,0.6363009025822792,0.3443899056908519,0.10878682229296145,0.314092359809603,0.314092359809603,0.8187363116124626,0.8187363116124626,True,1959706.0,112817,2255877,4328400.0,4401237,39242.0,1483.0,77541.0,122994.0,34766.0,34766.0,34262.0,0.0,15148.0,16423.0,3195.0,-504.0,15148.0,16423.0,3195.0,0.0,0.4357130529827993,0.47238681470402116,0.09190013231317955,0.3443899056908519,0.3118268556526398,0.2841013843038693,0.059681854352639,0.3443899056908519,True,4141037,0.9408802570731819,0.8187363116124626,1885160,386276,1750568,119033,1245573,1126540,119033,79482.0,119033,0,39551.0,True,260200,79974,7158.0,-7137.0,21.0,1805165.0,0.0,0.9575659360478687,7697.0,479.0,-1.0,7697.0,479.0,0.0,42463.0,4401237,0,0.059844787710326974,39582.0,41959.0,0.314092359809603,4328400.0,0.9880432340680463,19970.0,14292.0,19970.0,14292.0,0.5828614791897729,0.41713852081022706,0.43065540812223563,0.5693445918777644,34262.0,0,0.0,7562.0,4314.0,15148.0,15306.0,478.0,-8546.0,7562.0,4314.0,15148.0,15306.0,478.0,0.0,0.17664922444402914,0.10077555597084657,0.3538590917585498,0.35754999065595217,0.011166137170622313,0.04927197181178193,0.22430731472776985,0.11878090262578131,0.2840206962375044,0.2758685028238452,0.04775061177331735,42808.0,0.0,544505,-8461.0,0.0,6581.0,6022.0,441.0,441.0,145.0,1877.0,-171.0,0.0,25.0,8110.0,-355.0,0.0,284.0,96366,2509.0,2509.0,4239.0,58843.0,3355.0,3355.0,630.0,155122.0,-1413.0,0.0,5624.0,269853,-559.0,0.0,2050.0,147987,1618.0,1618.0,2193.0,104200,3749.0,3749.0,1485.0,22583.0,719.0,719.0,498.0,20838,136.0,136.0,577.0,24268.0,-397.0,0.0,613.0,41543.0,-94.0,0.0,2095.0,16256.0,-2944.0,0.0,739.0,95890.0,723.0,723.0,5703.0,78085.0,-348.0,0.0,2405.0,7158.0,-1899.0,0.0,229.0,260200,7697.0,7697.0,3127.0,112817,510.0,510.0,1483.0,386276,15148.0,15148.0,593.0,624028,4312.0,4312.0,31768.0,1245573,15306.0,15306.0,45180.0,79974,479.0,479.0,4939.0
2014-06-30,1725.0,-20232.0,0.0,0.0,0.0,-2356.0,-9162.0,-6164.0,0.0,872.0,872.0,-17682.0,872.0,-16810.0,14287.0,0.0,1688.0,15975.0,872.0,16847.0,,,,0.314092359809603,0.04960673760811775,0.6363009025822792,0.3439617251988889,,0.314092359809603,0.314092359809603,0.2902086137281292,0.2902086137281292,True,1957350.0,103655,2249713,4310718.0,4385224,33239.0,1458.0,48466.0,89079.0,1725.0,1725.0,-20232.0,0.0,0.0,1725.0,0.0,-14068.0,-7852.0,1725.0,-37.0,0.0,0.0,1.0,0.0,0.3439617251988889,0.31143916085016643,0.29732218034167185,0.04727693360927283,0.3439617251988889,True,4120805,0.9397022820270983,0.2902086137281292,1871092,378424,1752293,118996,1246704,1127708,118996,80992.0,118996,0,38004.0,True,264419,80846,6364.0,-6340.0,24.0,1790222.0,0.0,0.9567792497643087,4219.0,872.0,3.0,4219.0,872.0,3.0,5944.0,4385224,0,0.05539813114480742,,-16013.0,0.314092359809603,4310718.0,0.0,0.0,0.0,-16457.0,-3775.0,,,0.43065540812223563,0.5693445918777644,0.0,0,4760.0,0.0,0.0,0.0,1131.0,875.0,4760.0,-17491.0,-1655.0,-7852.0,1131.0,875.0,0.7035175879396985,0.0,0.0,0.0,0.1671593260419746,0.12932308601832693,0.08322893325792666,0.2237645593362303,0.11849348901472578,0.2833334526477052,0.25090380636709214,0.040275759376319914,6766.0,0.0,549844,5339.0,5339.0,3905.0,5635.0,-387.0,0.0,142.0,1870.0,-7.0,0.0,11.0,7925.0,-185.0,0.0,179.0,98156,1790.0,1790.0,5358.0,59510.0,667.0,667.0,1033.0,155567.0,445.0,445.0,4328.0,261945,-7908.0,0.0,1307.0,146127,-1860.0,0.0,1808.0,103502,-698.0,0.0,483.0,20794.0,-1789.0,0.0,260.0,20682,-156.0,0.0,532.0,24194.0,-74.0,0.0,533.0,40944.0,-599.0,0.0,1199.0,17587.0,1331.0,1331.0,357.0,96386.0,496.0,496.0,4600.0,75899.0,-2186.0,0.0,1767.0,6364.0,-794.0,0.0,142.0,264419,4219.0,4219.0,5295.0,103655,-9162.0,0.0,1458.0,378424,-7852.0,0.0,765.0,624585,557.0,557.0,18557.0,1246704,1131.0,1131.0,29144.0,80846,872.0,872.0,6038.0
2014-09-30,54809.0,54809.0,16860.0,6536.0,25185.0,16860.0,6536.0,25185.0,48581.0,3947.0,52528.0,48581.0,3947.0,52528.0,21188.0,6536.0,25185.0,52909.0,3947.0,56856.0,0.347049257940347,0.13453819394413455,0.5184125481155184,0.29064978522820506,0.06584726266510078,0.6435029521066942,0.36916160314245383,0.347049257940347,0.29064978522820506,0.29064978522820506,1.0,1.0,True,1974210.0,110191,2274898,4359299.0,4437939,32877.0,1380.0,63486.0,103185.0,54809.0,54809.0,54809.0,29624.0,8222.0,14773.0,2190.0,29624.0,8222.0,14773.0,2190.0,0.5404951741502309,0.1500118593661625,0.2695360251053659,0.0399569413782408,0.36916160314245383,0.25926778371079606,0.3302568587737065,0.04131375437304364,0.36916160314245383,True,4175614,0.9408903547344837,1.0,1900716,386646,1767066,121186,1256719,1135533,121186,82541.0,121186,0,38645.0,True,262325,84793,6174.0,-6153.0,21.0,1815902.0,0.0,0.9553778681296943,-2094.0,3947.0,-3.0,0.0,3947.0,0.0,54809.0,4437939,0,0.05797341633363427,48581.0,52715.0,0.29064978522820506,4359299.0,0.9248591227535791,21706.0,33103.0,21706.0,33103.0,0.39602984911237205,0.603970150887628,0.42462758496391434,0.5753724150360857,54809.0,0,3198.0,20856.0,8574.0,8222.0,10015.0,3944.0,3198.0,20856.0,8574.0,8222.0,10015.0,3944.0,0.058348081519458486,0.3805214472075754,0.15643416227261947,0.1500118593661625,0.1827254647959277,0.0719589848382565,0.06902221444813714,0.24813013818436241,0.13366450935805493,0.23644568829805843,0.2457792548539444,0.06695819485744271,54809.0,0.0,552459,2615.0,2615.0,7092.0,5871.0,236.0,236.0,195.0,1929.0,59.0,59.0,35.0,8213.0,288.0,288.0,137.0,99670,1514.0,1514.0,4388.0,58106.0,-1404.0,0.0,430.0,155293.0,-274.0,0.0,3744.0,268037,6092.0,6092.0,1669.0,148958,2831.0,2831.0,2375.0,106938,3436.0,3436.0,901.0,22065.0,1271.0,1271.0,501.0,20940,258.0,258.0,1207.0,24063.0,-131.0,0.0,586.0,41726.0,782.0,782.0,1667.0,17968.0,381.0,381.0,569.0,97811.0,1425.0,1425.0,4674.0,75664.0,-235.0,0.0,1922.0,6174.0,-190.0,0.0,118.0,262325,-2094.0,0.0,667.0,110191,6536.0,6536.0,1380.0,386646,8222.0,8222.0,653.0,631533,6948.0,6948.0,25906.0,1256719,10015.0,10015.0,36927.0,84793,3947.0,3947.0,5541.0
2014-12-31,61948.0,61948.0,35628.0,2586.0,18710.0,35628.0,2586.0,18710.0,56924.0,6098.0,63022.0,56924.0,6098.0,63022.0,36152.0,2586.0,18710.0,57448.0,6098.0,63546.0,0.625887147775982,0.045428993043356056,0.32868385918066195,0.3914478898867576,0.06638775355476369,0.5421643565584787,0.47545155564836084,0.625887147775982,0.3914478898867576,0.3914478898867576,0.9835826109047029,0.9835826109047029,True,2009838.0,112777,2293608,4416223.0,4500921,30356.0,1498.0,60958.0,100578.0,61948.0,61948.0,61948.0,43238.0,8560.0,9549.0,601.0,43238.0,8560.0,9549.0,601.0,0.6979724930586944,0.13818040937560536,0.15414541228126816,0.009701685284432104,0.47545155564836084,0.2083550845688035,0.27713249112549593,0.03906086865733974,0.47545155564836084,True,4237562,0.9414877532842723,0.9835826109047029,1943954,395206,1776615,121787,1263432,1141645,121787,83963.0,121787,0,37824.0,True,263359,90891,6216.0,-6193.0,23.0,1853040.0,0.0,0.9532324324546775,1034.0,6098.0,2.0,1034.0,6098.0,2.0,62982.0,4500921,0,0.05801423284707354,56924.0,62982.0,0.3914478898867576,4416223.0,0.9032401383643807,14583.0,47365.0,14583.0,47365.0,0.23540711564538,0.76459288435462,0.3725292843946788,0.6274707156053212,61948.0,0,7768.0,20557.0,12250.0,8560.0,6713.0,6100.0,7768.0,20557.0,12250.0,8560.0,6713.0,6100.0,0.1253954929941241,0.33184283592690644,0.19774649706205205,0.13818040937560536,0.10836508039000452,0.09846968425130755,0.09454641648279635,0.2944430082185522,0.15113238061455772,0.19196662077423932,0.19939157463130747,0.06851999927854699,61948.0,0.0,559694,7235.0,7235.0,5113.0,5892.0,21.0,21.0,133.0,2041.0,112.0,112.0,49.0,8613.0,400.0,400.0,242.0,99414,-256.0,0.0,3575.0,61625.0,3519.0,3519.0,876.0,156448.0,1155.0,1155.0,2980.0,277280,9243.0,9243.0,1401.0,149644,686.0,686.0,2387.0,111855,4917.0,4917.0,842.0,22877.0,812.0,812.0,402.0,20672,-268.0,0.0,548.0,24262.0,199.0,199.0,535.0,42734.0,1008.0,1008.0,1466.0,19418.0,1450.0,1450.0,521.0,100743.0,2932.0,2932.0,4855.0,77051.0,1387.0,1387.0,2162.0,6216.0,42.0,42.0,149.0,263359,1034.0,1034.0,2120.0,112777,2586.0,2586.0,1498.0,395206,8560.0,8560.0,425.0,634970,3437.0,3437.0,26363.0,1263432,6713.0,6713.0,34170.0,90891,6098.0,6098.0,7894.0
2015-03-31,41515.0,41515.0,1184.0,1174.0,40657.0,1184.0,1174.0,40657.0,43015.0,8057.0,51072.0,43015.0,8057.0,51072.0,19695.0,1174.0,40657.0,61526.0,8057.0,69583.0,0.027525281878414506,0.027292804835522492,0.945181913286063,0.36137893886345274,0.06932399676811205,0.5692970643684352,0.46075863922448546,0.027525281878414506,0.36137893886345274,0.36137893886345274,0.8120769922929463,0.8120769922929463,True,2011022.0,113951,2334265,4459238.0,4552043,42369.0,1918.0,79067.0,131623.0,41515.0,41515.0,41515.0,858.0,12412.0,25073.0,3172.0,858.0,12412.0,25073.0,3172.0,0.02066722871251355,0.2989762736360352,0.6039503793809466,0.07640611827050464,0.46075863922448546,0.18246592123602318,0.31950599073732633,0.03726944880216504,0.46075863922448546,True,4279077,0.940034397741849,0.8120769922929463,1944812,407618,1801688,124959,1279055,1154096,124959,86247.0,124959,0,38712.0,True,272966,98948,6165.0,-6143.0,22.0,1845842.0,0.0,0.9491107623770318,9607.0,8057.0,-1.0,9607.0,8057.0,0.0,51122.0,4552043,0,0.05859229581059763,43015.0,51122.0,0.36137893886345274,4459238.0,0.8422423245614035,26208.0,15307.0,26208.0,15307.0,0.6312898952185957,0.3687101047814043,0.3948708552365548,0.6051291447634453,41515.0,0,0.0,8931.0,3083.0,12412.0,15623.0,8056.0,-6590.0,8931.0,3083.0,12412.0,15623.0,8056.0,0.0,0.1856563766760212,0.06408897204032844,0.25801891695249973,0.3247687350587257,0.1674669992724249,0.09162840562146037,0.29333209033491037,0.13929545295639406,0.17010044981005432,0.1950847181112639,0.11055888316591699,48105.0,0.0,553007,-6687.0,0.0,7102.0,6246.0,354.0,354.0,155.0,1934.0,-107.0,0.0,63.0,8463.0,-150.0,0.0,128.0,102534,3120.0,3120.0,5102.0,60370.0,-1255.0,0.0,503.0,155541.0,-907.0,0.0,5990.0,272787,-4493.0,0.0,2354.0,151711,2067.0,2067.0,2267.0,114902,3047.0,3047.0,875.0,23639.0,762.0,762.0,525.0,20482,-190.0,0.0,576.0,24175.0,-87.0,0.0,667.0,42109.0,-625.0,0.0,2096.0,15459.0,-3959.0,0.0,690.0,100881.0,138.0,138.0,6451.0,77651.0,600.0,600.0,2939.0,6165.0,-51.0,0.0,203.0,272966,9607.0,9607.0,3683.0,113951,1174.0,1174.0,1918.0,407618,12412.0,12412.0,880.0,647592,12622.0,12622.0,32739.0,1279055,15623.0,15623.0,45448.0,98948,8057.0,8057.0,8453.0
2015-06-30,5223.0,-19592.0,0.0,0.0,0.0,-9954.0,-9374.0,-6932.0,0.0,8488.0,8488.0,-26260.0,8488.0,-17772.0,8717.0,0.0,5223.0,13940.0,8488.0,22428.0,,,,0.36137893886345274,0.06932399676811205,0.5692970643684352,0.45090063916327716,,0.36137893886345274,0.36137893886345274,0.6618094272681196,0.6618094272681196,True,2001068.0,104577,2327333,4432978.0,4535120,34454.0,1388.0,54478.0,97819.0,5223.0,5223.0,-19592.0,0.0,0.0,2931.0,2292.0,-12660.0,-12155.0,2931.0,2292.0,0.0,0.0,0.5611717403790925,0.43882825962090755,0.45090063916327716,0.17856203553625494,0.3200464846019756,0.05049084069849231,0.45090063916327716,True,4259485,0.9392221154015771,0.6618094272681196,1932152,395463,1804619,127251,1281340,1154089,127251,89373.0,127251,0,37878.0,True,275635,107436,5318.0,-5294.0,24.0,1824692.0,0.0,0.9443832576319048,2669.0,8488.0,2.0,2669.0,8488.0,2.0,7892.0,4535120,0,0.054124623735606725,,-16923.0,0.36137893886345274,4432978.0,0.0,0.0,0.0,-18591.0,-1001.0,,,0.3948708552365548,0.6051291447634453,0.0,0,0.0,0.0,0.0,0.0,2285.0,8490.0,-4359.0,-13028.0,-825.0,-12155.0,2285.0,8490.0,0.0,0.0,0.0,0.0,0.21206496519721577,0.7879350348027843,0.06243559158947146,0.2866366426208601,0.13611596645353768,0.1662178242625415,0.1972021840500578,0.15139179102353148,10775.0,0.0,548776,-4231.0,0.0,4425.0,6121.0,-125.0,0.0,109.0,2014.0,80.0,80.0,43.0,8380.0,-83.0,0.0,226.0,102376,-158.0,0.0,5239.0,61063.0,693.0,693.0,218.0,157358.0,1817.0,1817.0,4145.0,267498,-5289.0,0.0,1594.0,148458,-3253.0,0.0,1753.0,115760,858.0,858.0,625.0,21973.0,-1666.0,0.0,438.0,19645,-837.0,0.0,510.0,24452.0,277.0,277.0,563.0,41860.0,-249.0,0.0,1192.0,17743.0,2284.0,2284.0,451.0,100920.0,39.0,39.0,4884.0,75718.0,-1933.0,0.0,1933.0,5318.0,-847.0,0.0,73.0,275635,2669.0,2669.0,6033.0,104577,-9374.0,0.0,1388.0,395463,-12155.0,0.0,934.0,650530,2938.0,2938.0,21458.0,1281340,2285.0,2285.0,32086.0,107436,8488.0,8488.0,7552.0
2015-09-30,67134.0,64057.0,16661.0,4867.0,30736.0,16661.0,4867.0,30736.0,52264.0,7745.0,60009.0,52264.0,7745.0,60009.0,24858.0,4867.0,32446.0,62171.0,7745.0,69916.0,0.31878539721414356,0.09312337364151232,0.5880912291443441,0.3513268463827914,0.05668088014033889,0.5919922734768697,0.4403196450915709,0.31878539721414356,0.3513268463827914,0.3513268463827914,1.0,1.0,True,2017729.0,109444,2358069,4485242.0,4595237,30612.0,1692.0,70014.0,109376.0,67134.0,67134.0,64057.0,33321.0,10779.0,23034.0,0.0,33321.0,10779.0,23034.0,-3077.0,0.4963356868352847,0.16055947805880777,0.3431048351059076,0.0,0.4403196450915709,0.18058810146740986,0.3445967466727335,0.03449550676828575,0.4403196450915709,True,4323542,0.9408746491203827,1.0,1965473,406242,1827653,124174,1279630,1155456,124174,86115.0,124174,0,38059.0,True,271695,115181,5209.0,-5186.0,23.0,1850269.0,0.0,0.9413861192700179,-3940.0,7745.0,-1.0,0.0,7745.0,0.0,67134.0,4595237,0,0.055683288450159324,52264.0,60117.0,0.3513268463827914,4485242.0,0.8709360262627273,37313.0,26744.0,37313.0,26744.0,0.5824968387529856,0.41750316124701436,0.46623686723973257,0.5337631327602674,64057.0,0,9137.0,31350.0,6757.0,10779.0,0.0,7744.0,9137.0,31350.0,6757.0,10779.0,-1710.0,7744.0,0.13892985843964298,0.47668283485638696,0.10274149649520276,0.16389678714248787,0.0,0.11774902306627943,0.0905972828853935,0.3260430343792706,0.11838473699724002,0.1701599721321579,0.13194887322811436,0.16286610037782362,65767.0,0.0,557983,9207.0,9207.0,5524.0,6295.0,174.0,174.0,167.0,1923.0,-91.0,0.0,32.0,8227.0,-153.0,0.0,187.0,104910,2534.0,2534.0,3697.0,59709.0,-1354.0,0.0,384.0,156536.0,-822.0,0.0,3856.0,271268,3770.0,3770.0,1512.0,151483,3025.0,3025.0,2359.0,119077,3317.0,3317.0,801.0,23137.0,1164.0,1164.0,522.0,19937,292.0,292.0,589.0,24357.0,-95.0,0.0,709.0,41857.0,-3.0,0.0,1577.0,16476.0,-1267.0,0.0,409.0,102295.0,1375.0,1375.0,5280.0,75355.0,-363.0,0.0,2160.0,5209.0,-109.0,0.0,123.0,271695,-3940.0,0.0,724.0,109444,4867.0,4867.0,1692.0,406242,10779.0,10779.0,973.0,672197,21667.0,21667.0,31427.0,1279630,-1710.0,0.0,37614.0,115181,7745.0,7745.0,7163.0
2015-12-31,53242.0,53242.0,29664.0,2809.0,15413.0,29664.0,2809.0,15413.0,47886.0,6795.0,54681.0,47886.0,6795.0,54681.0,30751.0,2809.0,15413.0,48973.0,6795.0,55768.0,0.6194712442049869,0.05866015119241532,0.32186860460259786,0.3318478678447945,0.06181678482869416,0.6063353473265114,0.43089148724822574,0.6194712442049869,0.3318478678447945,0.3318478678447945,0.9711971689680962,0.9711971689680962,True,2047393.0,112253,2373482,4533128.0,4650058,31510.0,1602.0,58487.0,101434.0,53242.0,53242.0,53242.0,37829.0,2528.0,12849.0,36.0,37829.0,2528.0,12849.0,36.0,0.7105104992299313,0.04748131174636565,0.24133203110326434,0.0006761579204387514,0.43089148724822574,0.15390092990413728,0.38229591775674093,0.03291166509089603,0.43089148724822574,True,4376784,0.9412321308680451,0.9711971689680962,2003302,408770,1840502,124210,1284105,1159895,124210,87104.0,124210,0,37106.0,True,273274,121976,5067.0,-5046.0,21.0,1881305.0,0.0,0.9391020425277866,1579.0,6795.0,-2.0,1579.0,6795.0,0.0,54821.0,4650058,0,0.05603398788600021,47886.0,54821.0,0.3318478678447945,4533128.0,0.8757338015032644,13747.0,39495.0,13747.0,39495.0,0.25819841478531985,0.7418015852146801,0.4865314141070686,0.5134685858929313,53242.0,0,12554.0,15448.0,11444.0,2528.0,4475.0,6793.0,12554.0,15448.0,11444.0,2528.0,4475.0,6793.0,0.2357912925885579,0.29014687652605087,0.2149430900416964,0.04748131174636565,0.08405018594342813,0.12758724315390105,0.1219355890471024,0.3132796294318367,0.11964764544182047,0.1445789228114161,0.1258256553243877,0.17473255794343664,53242.0,0.0,569483,11500.0,11500.0,4633.0,6336.0,41.0,41.0,232.0,1925.0,2.0,2.0,27.0,9238.0,1011.0,1011.0,226.0,104237,-673.0,0.0,3231.0,60987.0,1278.0,1278.0,496.0,158916.0,2380.0,2380.0,3614.0,271734,466.0,466.0,1850.0,151211,-272.0,0.0,1870.0,120828,1751.0,1751.0,889.0,24054.0,917.0,917.0,416.0,20022,85.0,85.0,1097.0,24649.0,292.0,292.0,640.0,43901.0,2044.0,2044.0,2069.0,18211.0,1735.0,1735.0,541.0,105109.0,2814.0,2814.0,4744.0,78211.0,2856.0,2856.0,2032.0,5067.0,-142.0,0.0,131.0,273274,1579.0,1579.0,2772.0,112253,2809.0,2809.0,1602.0,408770,2528.0,2528.0,686.0,680607,8410.0,8410.0,25314.0,1284105,4475.0,4475.0,32487.0,121976,6795.0,6795.0,9949.0
2016-03-31,35968.0,24976.0,2675.0,1392.0,35968.0,2675.0,1392.0,35968.0,40035.0,0.0,40035.0,40035.0,-5561.0,34474.0,16045.0,1392.0,35968.0,53405.0,0.0,53405.0,0.06681653553141001,0.0347695766204571,0.8984138878481329,0.3495381103541748,0.064685950707993,0.5857759389378322,0.4403745814429927,0.06681653553141001,0.3495381103541748,0.3495381103541748,0.7954002653693056,0.7954002653693056,True,2050068.0,113645,2409450,4573163.0,4684286,42273.0,1952.0,84149.0,135886.0,35968.0,35968.0,24976.0,0.0,3468.0,29735.0,2765.0,-10992.0,3468.0,29735.0,2765.0,0.0,0.09641903914590748,0.8267070729537367,0.07687388790035588,0.4403745814429927,0.10382689534372737,0.4242759969548237,0.031522526258456245,0.4403745814429927,True,4401760,0.9396864324680432,0.7954002653693056,1992310,412238,1870237,126975,1296573,1169598,126975,88849.0,126975,0,38126.0,True,282526,116415,5314.0,-5292.0,22.0,1875873.0,0.0,0.9415567858415608,9252.0,-5561.0,1.0,9252.0,0.0,1.0,45220.0,4684286,0,0.057041825820278974,40035.0,34228.0,0.3495381103541748,4573163.0,1.0,24892.0,84.0,24892.0,84.0,0.9966367713004485,0.0033632286995515697,0.5338393955368125,0.46616060446318747,24976.0,0,0.0,18401.0,1608.0,3468.0,12468.0,0.0,-5409.0,18401.0,1608.0,3468.0,12468.0,-5560.0,0.0,0.511920990402003,0.04473501182361942,0.096480734455418,0.3468632633189595,0.0,0.13088234406772503,0.39340730952337855,0.11952645584055899,0.10121946068581841,0.11602073264184301,0.13894369724067604,35945.0,0.0,563961,-5522.0,0.0,6050.0,6557.0,221.0,221.0,211.0,1920.0,-5.0,0.0,38.0,9135.0,-103.0,0.0,352.0,104253,16.0,16.0,5362.0,62311.0,1324.0,1324.0,771.0,159111.0,195.0,195.0,6317.0,265924,-5810.0,0.0,2118.0,152579,1368.0,1368.0,2644.0,122113,1285.0,1285.0,918.0,25058.0,1004.0,1004.0,575.0,20053,31.0,31.0,985.0,24518.0,-131.0,0.0,761.0,44221.0,320.0,320.0,2327.0,16412.0,-1799.0,0.0,889.0,105327.0,218.0,218.0,6143.0,78775.0,564.0,564.0,2731.0,5314.0,247.0,247.0,179.0,282526,9252.0,9252.0,2902.0,113645,1392.0,1392.0,1952.0,412238,3468.0,3468.0,1116.0,700639,20032.0,20032.0,39074.0,1296573,12468.0,12468.0,43959.0,116415,-5561.0,0.0,7671.0
2016-06-30,14153.0,-40302.0,0.0,0.0,0.0,-19551.0,-9517.0,-7960.0,0.0,0.0,0.0,-37028.0,-2116.0,-39144.0,8412.0,0.0,14153.0,22565.0,0.0,22565.0,,,,0.3495381103541748,0.064685950707993,0.5857759389378322,0.41730939547323415,,0.3495381103541748,0.3495381103541748,0.8976912343016618,0.8976912343016618,True,2030517.0,104128,2401490,4536135.0,4645597,36698.0,1518.0,69389.0,117056.0,14153.0,14153.0,-40302.0,0.0,0.0,11953.0,2200.0,-32342.0,-22113.0,11953.0,2200.0,0.0,0.0,0.844555924538967,0.155444075461033,0.41730939547323415,0.09838882795591711,0.4549698821680147,0.02933189440283407,0.41730939547323415,True,4361458,0.9388369245115321,0.8976912343016618,1959968,390125,1882190,129175,1303896,1174721,129175,91899.0,129175,0,37276.0,True,284139,114299,4860.0,-4837.0,23.0,1845646.0,0.0,0.9416714966774967,1613.0,-2116.0,1.0,1613.0,0.0,1.0,15766.0,4645597,0,0.053127397998334665,,-38689.0,0.3495381103541748,4536135.0,,0.0,0.0,-24800.0,-15502.0,,,0.5338393955368125,0.46616060446318747,0.0,0,0.0,0.0,174.0,0.0,7323.0,0.0,-11066.0,-12505.0,174.0,-22113.0,7323.0,-2115.0,0.0,0.0,0.023209283713485393,0.0,0.9767907162865146,0.0,0.13352333934540261,0.40134563653039995,0.12300939975746533,0.1032619066672412,0.1493742728576617,0.08948544484182923,7497.0,0.0,553275,-10686.0,0.0,5870.0,6483.0,-74.0,0.0,150.0,1929.0,9.0,9.0,30.0,8820.0,-315.0,0.0,280.0,103491,-762.0,0.0,6388.0,61359.0,-952.0,0.0,306.0,159668.0,557.0,557.0,3742.0,259052,-6872.0,0.0,1537.0,150106,-2473.0,0.0,1956.0,127743,5630.0,5630.0,397.0,22693.0,-2365.0,0.0,386.0,20014,-39.0,0.0,603.0,24479.0,-39.0,0.0,653.0,43787.0,-434.0,0.0,1128.0,16830.0,418.0,418.0,651.0,105512.0,185.0,185.0,4834.0,76277.0,-2498.0,0.0,2117.0,4860.0,-454.0,0.0,107.0,284139,1613.0,1613.0,5563.0,104128,-9517.0,0.0,1518.0,390125,-22113.0,0.0,261.0,707469,6830.0,6830.0,27253.0,1303896,7323.0,7323.0,41875.0,114299,-2116.0,0.0,9537.0
2016-09-30,54776.0,54776.0,15401.0,5436.0,36342.0,15401.0,5436.0,36342.0,57179.0,0.0,57179.0,57179.0,-6606.0,50573.0,19781.0,5436.0,36342.0,61559.0,0.0,61559.0,0.26934713793525594,0.095069868308295,0.635582993756449,0.3290144727773949,0.06641626464507236,0.6045692625775327,0.3557819386742043,0.26934713793525594,0.3290144727773949,0.3290144727773949,1.0,1.0,True,2045918.0,109564,2437832,4593314.0,4696152,33175.0,1909.0,82670.0,123383.0,54776.0,54776.0,54776.0,18434.0,10190.0,25297.0,855.0,18434.0,10190.0,25297.0,855.0,0.3365342485760187,0.18603037826785454,0.46182634730538924,0.015609025850737548,0.3557819386742043,0.1023529932527713,0.5048343545867876,0.037030713486236794,0.3557819386742043,True,4416234,0.9403941780419374,1.0,1978402,400315,1907487,130030,1315877,1185847,130030,92319.0,130030,0,37711.0,True,279918,107693,4878.0,-4855.0,23.0,1870686.0,0.0,0.9455540380569774,-4221.0,-6606.0,0.0,0.0,0.0,0.0,54776.0,4696152,0,0.055380049150779265,57179.0,50555.0,0.3290144727773949,4593314.0,1.0,29797.0,24979.0,29797.0,24979.0,0.54397911494085,0.45602088505915,0.5145796050949667,0.4854203949050333,54776.0,0,372.0,30975.0,7864.0,10190.0,11981.0,0.0,372.0,30975.0,7864.0,10190.0,11981.0,-6606.0,0.006060408588837119,0.5046267635463165,0.12811573425434167,0.1660095793555114,0.1951875142549933,0.0,0.08177596700112612,0.41010717042248174,0.13342527804841015,0.1024002631812028,0.22931560234332493,0.04297571900345425,61382.0,0.0,553613,338.0,338.0,5270.0,6676.0,193.0,193.0,195.0,1900.0,-29.0,0.0,29.0,8690.0,-130.0,0.0,284.0,104595,1104.0,1104.0,4248.0,67130.0,5771.0,5771.0,982.0,160607.0,939.0,939.0,4235.0,260503,1451.0,1451.0,1687.0,152921,2815.0,2815.0,2575.0,128762,1019.0,1019.0,694.0,24117.0,1424.0,1424.0,709.0,20388,374.0,374.0,1128.0,24497.0,18.0,18.0,749.0,44069.0,282.0,282.0,1628.0,17444.0,614.0,614.0,500.0,106823.0,1311.0,1311.0,5164.0,78387.0,2110.0,2110.0,2407.0,4878.0,18.0,18.0,154.0,279918,-4221.0,0.0,537.0,109564,5436.0,5436.0,1909.0,400315,10190.0,10190.0,795.0,721640,14171.0,14171.0,34816.0,1315877,11981.0,11981.0,47059.0,107693,-6606.0,0.0,5765.0
2016-12-31,81375.0,81066.0,44236.0,2723.0,24952.0,44236.0,2723.0,24952.0,71911.0,8446.0,80357.0,71911.0,8446.0,80357.0,45311.0,2723.0,24952.0,72986.0,8446.0,81432.0,0.6151492817510534,0.03786625133846004,0.34698446691048657,0.3684375461936438,0.0564730229120473,0.575089430894309,0.4002104449407318,0.6151492817510534,0.3684375461936438,0.3684375461936438,1.0,1.0,True,2090154.0,112287,2462784,4665225.0,4776143,31351.0,1756.0,69280.0,109816.0,81375.0,81375.0,81066.0,56114.0,8987.0,16274.0,0.0,56114.0,8987.0,16274.0,-309.0,0.6895729646697388,0.11043932411674347,0.19998771121351766,0.0,0.4002104449407318,0.12156953272633568,0.4469753908263185,0.031244631506613985,0.4002104449407318,True,4497300,0.9416175353208646,1.0,2034516,409302,1923761,129721,1324373,1194652,129721,93153.0,129721,0,36568.0,True,278843,116139,5245.0,-5221.0,24.0,1918353.0,0.0,0.9429038650961703,-1075.0,8446.0,1.0,0.0,8446.0,1.0,81375.0,4776143,0,0.05519101348920333,71911.0,79991.0,0.3684375461936438,4665225.0,0.8948940353671739,19179.0,61887.0,19179.0,61887.0,0.23658500481089484,0.7634149951891052,0.4593266922856894,0.5406733077143105,81066.0,0,18614.0,22050.0,14472.0,8987.0,8496.0,8447.0,18614.0,22050.0,14472.0,8987.0,8496.0,8447.0,0.22961537512644017,0.2720005921101325,0.1785212049441196,0.11086028667998915,0.10480349344978165,0.10419904768953692,0.1021356716337619,0.3842379902092635,0.12974339663241702,0.121819355532842,0.21662273387487224,0.045440852116843296,81066.0,0.0,571703,18090.0,18090.0,5305.0,6754.0,78.0,78.0,157.0,2003.0,103.0,103.0,68.0,9033.0,343.0,343.0,269.0,106534,1939.0,1939.0,4736.0,69018.0,1888.0,1888.0,362.0,162863.0,2256.0,2256.0,4040.0,267071,6568.0,6568.0,1527.0,153251,330.0,330.0,2349.0,133288,4526.0,4526.0,627.0,24884.0,767.0,767.0,420.0,20771,383.0,383.0,914.0,24930.0,433.0,433.0,620.0,44589.0,520.0,520.0,1351.0,19003.0,1559.0,1559.0,721.0,109837.0,3014.0,3014.0,4521.0,80534.0,2147.0,2147.0,1964.0,5245.0,367.0,367.0,101.0,278843,-1075.0,0.0,1299.0,112287,2723.0,2723.0,1756.0,409302,8987.0,8987.0,791.0,729109,7469.0,7469.0,27879.0,1324373,8496.0,8496.0,40610.0,116139,8446.0,8446.0,7511.0
2017-03-31,51782.0,44931.0,4143.0,109.0,51782.0,4143.0,109.0,51782.0,56034.0,0.0,56034.0,56034.0,-3711.0,52323.0,16211.0,109.0,51782.0,68102.0,0.0,68102.0,0.07393725238248207,0.0019452475282863975,0.9241175000892315,0.34452583133467296,0.044661956310364945,0.6108122123549621,0.368892451728472,0.07393725238248207,0.34452583133467296,0.34452583133467296,0.8803019227173045,0.8803019227173045,True,2094297.0,112396,2514566,4721259.0,4828115,44276.0,2019.0,88412.0,141960.0,51782.0,51782.0,44931.0,0.0,16890.0,32224.0,2668.0,-6851.0,16890.0,32224.0,2668.0,0.0,0.32617511876713917,0.6223011857402186,0.051523695492642234,0.368892451728472,0.17847352117415358,0.42431440079965954,0.028319626297714836,0.368892451728472,True,4542231,0.9407876572948242,0.8803019227173045,2027665,426192,1955985,132389,1340543,1208154,132389,95277.0,132389,0,37112.0,True,285884,112428,5597.0,-5572.0,25.0,1915212.0,0.0,0.9445406415754082,7041.0,-3711.0,1.0,7041.0,0.0,1.0,58823.0,4828115,0,0.05543124727210856,56034.0,51972.0,0.34452583133467296,4721259.0,1.0,35721.0,9210.0,35721.0,9210.0,0.7950190291780731,0.20498097082192696,0.46852682646191635,0.5314731735380837,44931.0,0,809.0,13379.0,1393.0,16890.0,16170.0,0.0,809.0,13379.0,1393.0,16890.0,16170.0,-3710.0,0.01663205937377932,0.27505602269690177,0.028638391480438313,0.3472379268518328,0.33243559959704777,0.0,0.09967973573162257,0.3343840955555779,0.12036598753185018,0.1816190466598854,0.2214154069269737,0.04253572759409022,48641.0,0.0,572574,871.0,871.0,7436.0,6893.0,139.0,139.0,186.0,1949.0,-54.0,0.0,69.0,8886.0,-147.0,0.0,245.0,108801,2267.0,2267.0,5667.0,67253.0,-1765.0,0.0,545.0,163298.0,435.0,435.0,6134.0,260606,-6465.0,0.0,2311.0,155483,2232.0,2232.0,3009.0,133504,216.0,216.0,808.0,25804.0,920.0,920.0,578.0,21060,289.0,289.0,1218.0,24752.0,-178.0,0.0,843.0,44823.0,234.0,234.0,2264.0,15544.0,-3459.0,0.0,929.0,110128.0,291.0,291.0,6275.0,81458.0,924.0,924.0,2744.0,5597.0,352.0,352.0,219.0,285884,7041.0,7041.0,2796.0,112396,109.0,109.0,2019.0,426192,16890.0,16890.0,973.0,747831,18722.0,18722.0,39506.0,1340543,16170.0,16170.0,47933.0,112428,-3711.0,0.0,7451.0
2017-06-30,12704.0,-17781.0,0.0,0.0,0.0,-9158.0,-8270.0,-772.0,0.0,1880.0,1880.0,-18200.0,1880.0,-16320.0,9732.0,0.0,12704.0,22436.0,1880.0,24316.0,,,,0.34452583133467296,0.044661956310364945,0.6108122123549621,0.37155659225367205,,0.34452583133467296,0.34452583133467296,0.8842486253219183,0.8842486253219183,True,2085139.0,104126,2513794,4703059.0,4811997,39246.0,1605.0,60581.0,108825.0,12704.0,12704.0,-17781.0,0.0,0.0,12208.0,496.0,-17009.0,-13476.0,12208.0,496.0,0.0,0.0,0.9609571788413098,0.03904282115869018,0.37155659225367205,0.17976245657580606,0.4286497505445157,0.02003120062600617,0.37155659225367205,True,4524450,0.9402437283315015,0.8842486253219183,2010656,412716,1968193,132885,1345965,1213080,132885,96772.0,132885,0,36113.0,True,287547,114308,5394.0,-5370.0,24.0,1896324.0,0.0,0.9431369662438528,1663.0,1880.0,-1.0,1663.0,1880.0,0.0,14367.0,4811997,0,0.051787078446039504,,-16118.0,0.34452583133467296,4703059.0,0.0,0.0,0.0,-14464.0,-3317.0,,,0.46852682646191635,0.5314731735380837,0.0,0,0.0,0.0,3351.0,0.0,5422.0,1879.0,-7476.0,-7481.0,3351.0,-13476.0,5422.0,1879.0,0.0,0.0,0.31458880961321817,0.0,0.5090123920390537,0.17639879834772812,0.09812085793170451,0.329154708264557,0.13423151466484254,0.17877873114537948,0.20852974853896827,0.05118443945454816,10652.0,0.0,564797,-7777.0,0.0,4197.0,6920.0,27.0,27.0,203.0,1994.0,45.0,45.0,22.0,9115.0,229.0,229.0,408.0,110698,1897.0,1897.0,8460.0,68287.0,1034.0,1034.0,466.0,162962.0,-336.0,0.0,3420.0,255188,-5418.0,0.0,1335.0,153260,-2223.0,0.0,1692.0,135673,2169.0,2169.0,347.0,23665.0,-2139.0,0.0,411.0,21482,422.0,422.0,1276.0,24780.0,28.0,28.0,714.0,45133.0,310.0,310.0,2347.0,17298.0,1754.0,1754.0,910.0,110282.0,154.0,154.0,5217.0,80664.0,-794.0,0.0,2251.0,5394.0,-203.0,0.0,149.0,287547,1663.0,1663.0,5421.0,104126,-8270.0,0.0,1605.0,412716,-13476.0,0.0,333.0,755113,7282.0,7282.0,25314.0,1345965,5422.0,5422.0,34934.0,114308,1880.0,1880.0,7523.0
2017-09-30,44657.0,44657.0,9598.0,4904.0,23024.0,9598.0,4904.0,23024.0,37526.0,2078.0,39604.0,37526.0,2078.0,39604.0,21015.0,4904.0,23024.0,48943.0,2078.0,51021.0,0.25576933326227147,0.13068272664286096,0.6135479400948676,0.35037559451505096,0.046751394504172934,0.6028730109807761,0.4080821759623763,0.25576933326227147,0.35037559451505096,0.35037559451505096,1.0,1.0,True,2094737.0,109030,2536818,4740585.0,4851428,32097.0,1831.0,71112.0,112423.0,44657.0,44657.0,44657.0,21633.0,5063.0,16340.0,1621.0,21633.0,5063.0,16340.0,1621.0,0.4844257339274918,0.11337528271043733,0.3659000828537519,0.036298900508318965,0.4080821759623763,0.16239935334194144,0.4044027335999748,0.025115737095707493,0.4080821759623763,True,4569107,0.941806618587352,1.0,2032289,417779,1984533,134506,1354704,1220198,134506,97905.0,134506,0,36601.0,True,282321,116386,5565.0,-5543.0,22.0,1915881.0,0.0,0.9427207449334224,-5226.0,2078.0,-2.0,0.0,2078.0,0.0,44657.0,4851428,0,0.05364886588472407,37526.0,39431.0,0.35037559451505096,4740585.0,0.9475305524694475,19189.0,25468.0,19189.0,25468.0,0.4296974718409208,0.5703025281590792,0.434147456256519,0.5658525437434809,44657.0,0,0.0,21413.0,11290.0,5063.0,8739.0,2076.0,-3924.0,21413.0,11290.0,5063.0,8739.0,2076.0,0.0,0.44076902492744074,0.2323953809102324,0.10421769827710421,0.17988514028117988,0.04273275560404273,0.10279983063406373,0.3008468296813803,0.16145866412617763,0.16375568963692178,0.20549910024346354,0.06563988567799302,48581.0,0.0,560575,-4222.0,0.0,5359.0,7261.0,341.0,341.0,191.0,2046.0,52.0,52.0,81.0,9020.0,-95.0,0.0,122.0,115622,4924.0,4924.0,5253.0,66413.0,-1874.0,0.0,277.0,164084.0,1122.0,1122.0,3832.0,260487,5299.0,5299.0,2199.0,155862,2602.0,2602.0,2278.0,136647,974.0,974.0,687.0,24712.0,1047.0,1047.0,524.0,21512,30.0,30.0,1128.0,24888.0,108.0,108.0,799.0,45864.0,731.0,731.0,1625.0,18746.0,1448.0,1448.0,599.0,111500.0,1218.0,1218.0,4786.0,81612.0,948.0,948.0,2053.0,5565.0,171.0,171.0,182.0,282321,-5226.0,0.0,122.0,109030,4904.0,4904.0,1831.0,417779,5063.0,5063.0,1300.0,764335,9222.0,9222.0,31035.0,1354704,8739.0,8739.0,38777.0,116386,2078.0,2078.0,7547.0
2017-12-31,52823.0,52223.0,20813.0,2981.0,25755.0,20813.0,2981.0,25755.0,49549.0,737.0,50286.0,49549.0,737.0,50286.0,23260.0,2981.0,25755.0,51996.0,737.0,52733.0,0.420048840541686,0.06016266725867323,0.5197884921996407,0.24145231956061464,0.05585951966682738,0.702688160772558,0.2969820826593236,0.420048840541686,0.24145231956061464,0.24145231956061464,1.0,1.0,True,2115550.0,112011,2562573,4790134.0,4901852,35217.0,1773.0,63541.0,108545.0,52823.0,52823.0,52223.0,26468.0,9858.0,16497.0,0.0,26468.0,9858.0,16497.0,-600.0,0.5010696098290517,0.18662325123525736,0.3123071389356909,0.0,0.2969820826593236,0.1964054184211501,0.47706926144993395,0.029543237469592382,0.2969820826593236,True,4621330,0.9427722420015945,1.0,2058757,427637,2001030,133906,1361864,1227958,133906,97959.0,133906,0,35947.0,True,280522,117123,5427.0,-5405.0,22.0,1941612.0,0.0,0.9430991612900406,-1799.0,737.0,0.0,0.0,737.0,0.0,52823.0,4901852,0,0.05440710098374893,49549.0,50424.0,0.24145231956061464,4790134.0,0.9853438332736746,21576.0,30647.0,21576.0,30647.0,0.41315129349137353,0.5868487065086264,0.5393516722962253,0.46064832770377473,52223.0,0,2579.0,18287.0,13602.0,9858.0,7160.0,737.0,2579.0,18287.0,13602.0,9858.0,7160.0,737.0,0.049384370871072135,0.35017138042624896,0.26045995059648047,0.18876740133657585,0.13710434099917662,0.014112555770445971,0.02116217043417428,0.33154275220647483,0.18511277537992593,0.19869828916219542,0.2341767803269268,0.029307232490302752,52223.0,0.0,562870,2295.0,2295.0,5042.0,7459.0,198.0,198.0,205.0,2119.0,73.0,73.0,35.0,9033.0,13.0,13.0,182.0,120388,4766.0,4766.0,7958.0,66052.0,-361.0,0.0,329.0,165004.0,920.0,920.0,3917.0,264962,4475.0,4475.0,1803.0,157029,1167.0,1167.0,2073.0,137166,519.0,519.0,664.0,26089.0,1377.0,1377.0,481.0,21674,162.0,162.0,1294.0,25094.0,206.0,206.0,714.0,45715.0,-149.0,0.0,1448.0,20848.0,2102.0,2102.0,500.0,113567.0,2067.0,2067.0,4534.0,84532.0,2920.0,2920.0,2446.0,5427.0,-138.0,0.0,158.0,280522,-1799.0,0.0,1434.0,112011,2981.0,2981.0,1773.0,427637,9858.0,9858.0,612.0,773072,8737.0,8737.0,26878.0,1361864,7160.0,7160.0,36051.0,117123,737.0,737.0,8154.0
2018-03-31,39839.0,25356.0,0.0,1778.0,39839.0,-9440.0,1778.0,39839.0,41617.0,4816.0,46433.0,32177.0,4816.0,36993.0,21604.0,1778.0,39839.0,63221.0,4816.0,68037.0,0.0,0.042722925727467144,0.9572770742725328,0.23630839523824324,0.0750862524477046,0.6886053523140522,0.3206241709604527,0.0,0.23630839523824324,0.23630839523824324,0.7766795336686552,0.7766795336686552,True,2106110.0,113789,2602412,4822311.0,4938663,48270.0,2384.0,82767.0,140606.0,39839.0,39839.0,25356.0,0.0,9574.0,29391.0,874.0,-14483.0,9574.0,29391.0,874.0,0.0,0.24031727704008635,0.7377444212957153,0.021938301664198398,0.3206241709604527,0.1632749645054425,0.49616392153203176,0.019936943002073014,0.3206241709604527,True,4646686,0.940879343255452,0.7766795336686552,2044274,437211,2030421,134780,1366590,1231810,134780,99081.0,134780,0,35699.0,True,291977,121939,5610.0,-5587.0,23.0,1922312.0,0.0,0.9403397000597767,11455.0,4816.0,1.0,11455.0,4816.0,1.0,51294.0,4938663,0,0.055662303585527186,41617.0,36811.0,0.23630839523824324,4822311.0,0.8962806624598885,36891.0,0.0,36891.0,-11535.0,1.0,0.0,0.5805144612808456,0.4194855387191544,36891.0,0,0.0,25933.0,1967.0,9574.0,4726.0,4817.0,-21661.0,25933.0,1967.0,9574.0,4726.0,4817.0,0.0,0.5515664546866027,0.04183593168428441,0.2036284748069847,0.10051683433651658,0.10245230448561159,0.016274065613700758,0.41415887879954316,0.19063184264827446,0.15456891710259793,0.16436238349750432,0.06000391233837941,47017.0,0.0,542199,-20671.0,0.0,7888.0,7713.0,254.0,254.0,280.0,2110.0,-9.0,0.0,31.0,7798.0,-1235.0,0.0,98.0,124377,3989.0,3989.0,8468.0,68503.0,2451.0,2451.0,933.0,164933.0,-71.0,0.0,5780.0,259827,-5135.0,0.0,2506.0,157355,326.0,326.0,3184.0,136174,-992.0,0.0,1021.0,26852.0,763.0,763.0,763.0,22377,703.0,703.0,1208.0,25436.0,342.0,342.0,876.0,45325.0,-390.0,0.0,1622.0,18307.0,-2541.0,0.0,814.0,114271.0,704.0,704.0,6178.0,84966.0,434.0,434.0,2806.0,5610.0,183.0,183.0,225.0,291977,11455.0,11455.0,3589.0,113789,1778.0,1778.0,2384.0,437211,9574.0,9574.0,1021.0,798611,25539.0,25539.0,36008.0,1366590,4726.0,4726.0,45738.0,121939,4816.0,4816.0,7393.0
2018-06-30,22418.0,19320.0,1771.0,0.0,16411.0,1771.0,-7419.0,16411.0,18182.0,5246.0,23428.0,10763.0,5246.0,16009.0,16658.0,0.0,16411.0,33069.0,5246.0,38315.0,0.0974040259597404,0.0,0.9025959740402596,0.21911298119476558,0.0657910862371829,0.7150959325680515,0.3193374108691161,0.0974040259597404,0.21911298119476558,0.21911298119476558,1.0,1.0,True,2107881.0,106370,2618823,4833074.0,4954296,38935.0,1648.0,58319.0,105615.0,22418.0,22418.0,19320.0,2909.0,9173.0,10336.0,0.0,2909.0,9173.0,10336.0,-3098.0,0.1297617985547328,0.40918012311535373,0.46105807832991347,0.0,0.3193374108691161,0.21077145558010982,0.4542717091218691,0.015619424428905012,0.3193374108691161,True,4666006,0.9418100977414349,1.0,2047183,446384,2040757,131682,1368144,1236462,131682,97123.0,131682,0,34559.0,True,288290,127185,5984.0,-5963.0,21.0,1919977.0,0.0,0.9378629072242198,-3687.0,5246.0,-2.0,0.0,5246.0,0.0,22418.0,4954296,0,0.05195920442871985,18182.0,15633.0,0.21911298119476558,4833074.0,0.7760799043879119,7438.0,11882.0,7438.0,11882.0,0.3849896480331263,0.6150103519668737,0.5558393373875669,0.44416066261243314,19320.0,0,5524.0,0.0,0.0,9173.0,1554.0,5244.0,5524.0,-746.0,-1429.0,9173.0,1554.0,5244.0,0.25698999767387765,0.0,0.0,0.42675040707141193,0.07229588276343335,0.24396371249127705,0.04785726097947034,0.3876361359824234,0.15863237969240945,0.19884712608377236,0.13099175506154173,0.07603534220038272,21495.0,0.0,547930,5731.0,5731.0,3849.0,7797.0,84.0,84.0,194.0,2071.0,-39.0,0.0,23.0,7546.0,-252.0,0.0,127.0,127680,3303.0,3303.0,9099.0,68138.0,-365.0,0.0,431.0,170534.0,5601.0,5601.0,3962.0,257200,-2627.0,0.0,1397.0,155522,-1833.0,0.0,2145.0,134976,-1198.0,0.0,677.0,24432.0,-2420.0,0.0,380.0,22273,-104.0,0.0,937.0,25753.0,317.0,317.0,641.0,44540.0,-785.0,0.0,1120.0,19476.0,1169.0,1169.0,712.0,114350.0,79.0,79.0,5712.0,83389.0,-1577.0,0.0,2624.0,5984.0,374.0,374.0,238.0,288290,-3687.0,0.0,4667.0,106370,-7419.0,0.0,1648.0,446384,9173.0,9173.0,845.0,804295,5684.0,5684.0,24432.0,1368144,1554.0,1554.0,33042.0,127185,5246.0,5246.0,6932.0
2018-09-30,48622.0,48622.0,19258.0,3882.0,21286.0,19258.0,3882.0,21286.0,44426.0,0.0,44426.0,44426.0,-1487.0,42939.0,25389.0,3882.0,21286.0,50557.0,0.0,50557.0,0.43348489623193626,0.08738126322423806,0.4791338405438257,0.2721006151885234,0.05619285444873646,0.6717065303627401,0.3464404833172472,0.43348489623193626,0.2721006151885234,0.2721006151885234,1.0,1.0,True,2127139.0,110252,2640109,4877500.0,4997328,32745.0,2025.0,67704.0,107955.0,48622.0,48622.0,48622.0,27336.0,3941.0,15522.0,1823.0,27336.0,3941.0,15522.0,1823.0,0.562214635350253,0.08105384393895768,0.31923820492781046,0.037493315782978896,0.3464404833172472,0.19881247632893917,0.43827198201610246,0.016475058337711207,0.3464404833172472,True,4714628,0.9434297688684833,1.0,2074519,450325,2056279,133505,1375529,1242024,133505,99115.0,133505,0,34390.0,True,282700,125698,5891.0,-5870.0,21.0,1948800.0,0.0,0.9393984822505843,-5590.0,-1487.0,0.0,0.0,0.0,0.0,48622.0,4997328,0,0.05314581355967335,44426.0,43032.0,0.2721006151885234,4877500.0,1.0,17783.0,30839.0,17783.0,30839.0,0.36573978857307393,0.6342602114269261,0.5328545232273839,0.46714547677261614,48622.0,0,5064.0,20313.0,13406.0,3941.0,7385.0,0.0,5064.0,20313.0,13406.0,3941.0,7385.0,-1487.0,0.10105968987607017,0.4053762797102317,0.267536769841745,0.07864854616935081,0.14737871440260233,0.0,0.07707030975626887,0.3777305612137388,0.16959916649106788,0.19050127601788766,0.12189482803024981,0.06320385849078691,50109.0,0.0,551730,3800.0,3800.0,5421.0,8008.0,211.0,211.0,208.0,2026.0,-45.0,0.0,22.0,8644.0,1098.0,1098.0,66.0,130785,3105.0,3105.0,6924.0,68232.0,94.0,94.0,554.0,172067.0,1533.0,1533.0,3574.0,260242,3042.0,3042.0,2332.0,157015,1493.0,1493.0,2042.0,139025,4049.0,4049.0,527.0,25744.0,1312.0,1312.0,629.0,22473,200.0,200.0,1319.0,25862.0,109.0,109.0,842.0,44137.0,-403.0,0.0,1587.0,20449.0,973.0,973.0,525.0,114753.0,403.0,403.0,3704.0,87356.0,3967.0,3967.0,2260.0,5891.0,-93.0,0.0,116.0,282700,-5590.0,0.0,93.0,110252,3882.0,3882.0,2025.0,450325,3941.0,3941.0,1153.0,814255,9960.0,9960.0,30296.0,1375529,7385.0,7385.0,36255.0,125698,-1487.0,0.0,5580.0
2018-12-31,54347.0,48260.0,32563.0,3804.0,7625.0,32563.0,3804.0,7625.0,43992.0,2881.0,46873.0,43992.0,2881.0,46873.0,35788.0,3804.0,13317.0,52909.0,2881.0,55790.0,0.7402027641389344,0.08647026732133115,0.1733269685397345,0.3615779566446494,0.06385232463212721,0.5745697187232234,0.42898817377410337,0.7402027641389344,0.3615779566446494,0.3615779566446494,1.0,1.0,True,2159702.0,114056,2647734,4921492.0,5043968,31642.0,1754.0,61442.0,101396.0,54347.0,54347.0,48260.0,40635.0,0.0,13712.0,0.0,40635.0,-5692.0,13712.0,-395.0,0.7476953649695476,0.0,0.2523046350304525,0.0,0.42898817377410337,0.13731495043153014,0.41737377894520233,0.016323096849164175,0.42898817377410337,True,4762888,0.9442740318733188,1.0,2115154,444633,2069991,133110,1381478,1248368,133110,98792.0,133110,0,34318.0,True,281080,128579,6125.0,-6103.0,22.0,1986553.0,0.0,0.9392001717132653,-1620.0,2881.0,1.0,0.0,2881.0,1.0,54347.0,5043968,0,0.05392326043399204,43992.0,46640.0,0.3615779566446494,4921492.0,0.9385360442045527,5480.0,42780.0,5480.0,42780.0,0.11355159552424368,0.8864484044757563,0.44150940931329324,0.5584905906867068,48260.0,0,14351.0,17412.0,13358.0,0.0,5949.0,2882.0,14351.0,17412.0,13358.0,-5692.0,5949.0,2882.0,0.26599569988137606,0.32273131672597866,0.24759045077105576,0.0,0.11026467971530249,0.05341785290628707,0.14451275692025983,0.3688757801046514,0.16648606676594832,0.13146900152399274,0.11365624981891721,0.07500014486623052,53952.0,0.0,565232,13502.0,13502.0,5302.0,8167.0,159.0,159.0,216.0,2191.0,165.0,165.0,16.0,9169.0,525.0,525.0,125.0,133995,3210.0,3210.0,5855.0,66627.0,-1605.0,0.0,649.0,172438.0,371.0,371.0,4155.0,266810,6568.0,6568.0,1468.0,157507,492.0,492.0,2083.0,143138,4113.0,4113.0,809.0,27280.0,1536.0,1536.0,550.0,22657,184.0,184.0,981.0,26092.0,230.0,230.0,892.0,44298.0,161.0,161.0,1252.0,22344.0,1895.0,1895.0,449.0,116408.0,1655.0,1655.0,3862.0,88144.0,788.0,788.0,2061.0,6125.0,234.0,234.0,102.0,281080,-1620.0,0.0,815.0,114056,3804.0,3804.0,1754.0,444633,-5692.0,0.0,1469.0,821623,7368.0,7368.0,25594.0,1381478,5949.0,5949.0,34379.0,128579,2881.0,2881.0,6640.0
2019-03-31,32681.0,32681.0,8730.0,696.0,28138.0,8730.0,696.0,28138.0,37564.0,1330.0,38894.0,37564.0,1330.0,38894.0,24330.0,696.0,28138.0,53164.0,1330.0,54494.0,0.23240336492386326,0.018528378234479823,0.7490682568416569,0.4322993257678755,0.05814211592353153,0.509558558308593,0.47715540147278385,0.23240336492386326,0.4322993257678755,0.4322993257678755,0.8521328744263663,0.8521328744263663,True,2168432.0,114752,2675872,4959056.0,5082320,48015.0,2158.0,80599.0,137513.0,32681.0,32681.0,32681.0,4543.0,1838.0,24356.0,1944.0,4543.0,1838.0,24356.0,1944.0,0.13901043419724,0.05624062911171629,0.7452648327774548,0.05948410391358894,0.47715540147278385,0.0945922008249614,0.40442088215198524,0.023831515550269505,0.47715540147278385,True,4795569,0.9435787199546664,0.8521328744263663,2119697,446471,2094347,135054,1395423,1260369,135054,100217.0,135054,0,34837.0,True,286751,129909,6670.0,-6645.0,25.0,1989763.0,0.0,0.9387016163159169,5671.0,1330.0,3.0,5671.0,1330.0,3.0,38352.0,5082320,0,0.054136039254667055,37564.0,38352.0,0.4322993257678755,4959056.0,0.9658044942664679,14889.0,17792.0,14889.0,17792.0,0.4555858143875646,0.5444141856124354,0.3062136039709033,0.6937863960290966,32681.0,0,7295.0,4328.0,3942.0,1838.0,13945.0,1333.0,7295.0,4328.0,3942.0,1838.0,13945.0,1333.0,0.22321838377038647,0.13243168813683792,0.12062054404699979,0.05624062911171629,0.4267005293595667,0.040788225574492826,0.2037070975814759,0.26575958846540315,0.19405069610773712,0.09449117463045938,0.18221402074104034,0.05977742247388411,32681.0,0.0,571910,6678.0,6678.0,6595.0,8308.0,141.0,141.0,222.0,2109.0,-82.0,0.0,75.0,9727.0,558.0,558.0,819.0,142029,8034.0,8034.0,12467.0,63456.0,-3171.0,0.0,521.0,171329.0,-1109.0,0.0,5646.0,262213,-4597.0,0.0,1900.0,156971,-536.0,0.0,2395.0,142960,-178.0,0.0,843.0,29090.0,1810.0,1810.0,659.0,23550,893.0,893.0,1716.0,25889.0,-203.0,0.0,906.0,44277.0,-21.0,0.0,1633.0,18543.0,-3801.0,0.0,1225.0,115985.0,-423.0,0.0,4664.0,86665.0,-1479.0,0.0,2882.0,6670.0,545.0,545.0,286.0,286751,5671.0,5671.0,2561.0,114752,696.0,696.0,2158.0,446471,1838.0,1838.0,1292.0,833978,12355.0,12355.0,35510.0,1395423,13945.0,13945.0,43797.0,129909,1330.0,1330.0,7009.0
2019-06-30,10019.0,-12584.0,3867.0,0.0,0.0,3867.0,-7107.0,-2416.0,3867.0,0.0,3867.0,-5656.0,-4393.0,-10049.0,12611.0,0.0,8899.0,21510.0,0.0,21510.0,1.0,0.0,0.0,0.49609931535860885,0.06455190259455214,0.439348782046839,0.49779980641042365,1.0,0.49609931535860885,0.49609931535860885,0.7948433161443872,0.7948433161443872,True,2172299.0,107645,2673456,4953400.0,5072322,42520.0,1600.0,58309.0,109101.0,10019.0,10019.0,-12584.0,0.0,0.0,10019.0,0.0,-10168.0,-11315.0,10019.0,-1120.0,0.0,0.0,1.0,0.0,0.49779980641042365,0.039672133398320854,0.43666806252531426,0.025859997665941277,0.49779980641042365,True,4782985,0.942957682891583,0.7948433161443872,2109529,435156,2104366,133934,1399805,1265871,133934,100137.0,133934,0,33797.0,True,289337,125516,6615.0,-6594.0,21.0,1983992.0,0.0,0.9404905075967195,2586.0,-4393.0,-4.0,2586.0,0.0,0.0,12605.0,5072322,0,0.051027978283304,3867.0,-9998.0,0.49609931535860885,4953400.0,1.0,0.0,1321.0,-13905.0,1321.0,0.0,1.0,0.2914947587176431,0.7085052412823569,1321.0,0,2382.0,0.0,0.0,0.0,4382.0,0.0,2382.0,-1241.0,-2395.0,-11315.0,4382.0,-4397.0,0.3521584861028977,0.0,0.0,0.0,0.6478415138971023,0.0,0.2027232310844146,0.29304001226429555,0.21397014758964783,0.04027009323651973,0.22062492160606526,0.029371594219057044,6764.0,0.0,573930,2020.0,2020.0,4435.0,8234.0,-74.0,0.0,199.0,2107.0,-2.0,0.0,10.0,10165.0,438.0,438.0,462.0,142432,403.0,403.0,13692.0,69053.0,5597.0,5597.0,387.0,170616.0,-713.0,0.0,4135.0,258380,-3833.0,0.0,1377.0,157273,302.0,302.0,1854.0,141851,-1109.0,0.0,539.0,26866.0,-2224.0,0.0,403.0,23665,115.0,115.0,1126.0,25770.0,-119.0,0.0,750.0,44045.0,-232.0,0.0,1442.0,19693.0,1150.0,1150.0,608.0,115678.0,-307.0,0.0,3902.0,86589.0,-76.0,0.0,1942.0,6615.0,-55.0,0.0,111.0,289337,2586.0,2586.0,5146.0,107645,-7107.0,0.0,1600.0,435156,-11315.0,0.0,717.0,838495,4517.0,4517.0,23718.0,1399805,4382.0,4382.0,33874.0,125516,-4393.0,0.0,6765.0
2019-09-30,33425.0,29123.0,6546.0,3944.0,10929.0,6546.0,3944.0,10929.0,21419.0,693.0,22112.0,21419.0,693.0,22112.0,19645.0,3944.0,15231.0,38820.0,693.0,39513.0,0.30561650870722257,0.1841355805593165,0.510247910733461,0.4839482600475468,0.07903259017989181,0.43701914977256134,0.48571340977374455,0.30561650870722257,0.4839482600475468,0.4839482600475468,1.0,1.0,True,2178845.0,111589,2684385,4974819.0,5094671,37211.0,2205.0,73587.0,120430.0,33425.0,33425.0,29123.0,18194.0,0.0,15184.0,47.0,18194.0,-4302.0,15184.0,47.0,0.5443231114435303,0.0,0.4542707554225879,0.001406133133881825,0.48571340977374455,0.014087313753142436,0.4849392973204979,0.01525997915261512,0.48571340977374455,True,4812108,0.9445375373601161,1.0,2127723,430854,2119550,133981,1409345,1275364,133981,100104.0,133981,0,33877.0,True,282563,126209,6379.0,-6357.0,22.0,2001492.0,0.0,0.9406731985319517,-6774.0,693.0,1.0,0.0,693.0,1.0,33425.0,5094671,0,0.05244526660660246,21419.0,22349.0,0.4839482600475468,4974819.0,0.9686595513748191,5333.0,23790.0,5333.0,23790.0,0.1831198708924218,0.8168801291075782,0.2307492032140773,0.7692507967859227,29123.0,0,4470.0,8716.0,10005.0,0.0,9540.0,694.0,4470.0,8716.0,10005.0,-4302.0,9540.0,694.0,0.1337322363500374,0.2607629020194465,0.2993268511593119,0.0,0.28541510845175766,0.02076290201944652,0.2247086467647569,0.24014760845910016,0.2153017615240258,0.014492753623188406,0.26664143445143584,0.038707795177492864,33425.0,0.0,578565,4635.0,4635.0,6202.0,8447.0,213.0,213.0,249.0,2035.0,-72.0,0.0,21.0,9859.0,-306.0,0.0,130.0,145971,3539.0,3539.0,8645.0,66254.0,-2799.0,0.0,393.0,168975.0,-1641.0,0.0,4706.0,260876,2496.0,2496.0,2122.0,158595,1322.0,1322.0,2015.0,146581,4730.0,4730.0,1343.0,27770.0,904.0,904.0,663.0,23360,-305.0,0.0,1333.0,25778.0,8.0,8.0,687.0,43585.0,-460.0,0.0,1339.0,20109.0,416.0,416.0,754.0,115172.0,-506.0,0.0,3935.0,87971.0,1382.0,1382.0,2388.0,6379.0,-236.0,0.0,155.0,282563,-6774.0,0.0,131.0,111589,3944.0,3944.0,2205.0,430854,-4302.0,0.0,837.0,844186,5691.0,5691.0,31797.0,1409345,9540.0,9540.0,40953.0,126209,693.0,693.0,7562.0
2019-12-31,43997.0,41436.0,27788.0,4122.0,9030.0,27788.0,4122.0,9030.0,40940.0,1884.0,42824.0,40940.0,1884.0,42824.0,28645.0,4122.0,9481.0,42248.0,1884.0,44132.0,0.6787493893502687,0.1006839276990718,0.2205666829506595,0.4521726563252722,0.08442046439926776,0.46340687927546004,0.45905829073774995,0.6787493893502687,0.4521726563252722,0.4521726563252722,0.9773418930626208,0.9773418930626208,True,2206633.0,115711,2693415,5015759.0,5137127,33606.0,1666.0,59447.0,100990.0,43997.0,43997.0,41436.0,32406.0,0.0,11591.0,0.0,32406.0,-451.0,11591.0,-2110.0,0.7365502193331364,0.0,0.26344978066686364,0.0,0.45905829073774995,0.015301110537620087,0.5090657831204942,0.016574815604135797,0.45905829073774995,True,4853544,0.9447973546303216,0.9773418930626208,2160129,430403,2131141,131871,1412182,1280311,131871,99164.0,131871,0,32707.0,True,283583,128093,6748.0,-6725.0,23.0,2032013.0,0.0,0.9406905791274502,1020.0,1884.0,1.0,1020.0,1884.0,1.0,45017.0,5137127,0,0.053566708284551526,40940.0,42456.0,0.4521726563252722,5015759.0,0.9560059779562862,10315.0,31121.0,10315.0,31121.0,0.24893812144029345,0.7510618785597065,0.29204961696999837,0.7079503830300016,41436.0,0,4851.0,18384.0,13930.0,0.0,2837.0,1885.0,4851.0,18384.0,13930.0,-451.0,2837.0,1885.0,0.11581158832095877,0.4388951225917349,0.3325614152362308,0.0,0.06772984458185118,0.04500202926922434,0.16554981395470428,0.27386564654008033,0.242922000400847,0.01601645215542407,0.2675566632100874,0.034089423738856886,41887.0,0.0,583237,4672.0,4672.0,4793.0,8484.0,37.0,37.0,160.0,2150.0,115.0,115.0,26.0,9886.0,27.0,27.0,106.0,145461,-510.0,0.0,7532.0,70304.0,4050.0,4050.0,459.0,170444.0,1469.0,1469.0,3720.0,262360,1484.0,1484.0,1561.0,158991,396.0,396.0,1932.0,154253,7672.0,7672.0,2205.0,28995.0,1225.0,1225.0,475.0,23466,106.0,106.0,1034.0,25891.0,113.0,113.0,592.0,43238.0,-347.0,0.0,1379.0,22354.0,2245.0,2245.0,604.0,117053.0,1881.0,1881.0,3858.0,89735.0,1764.0,1764.0,2225.0,6748.0,369.0,369.0,210.0,283583,1020.0,1020.0,735.0,115711,4122.0,4122.0,1666.0,430403,-451.0,0.0,980.0,850830,6644.0,6644.0,25469.0,1412182,2837.0,2837.0,32998.0,128093,1884.0,1884.0,6462.0
2020-03-31,45212.0,45212.0,16487.0,1103.0,31764.0,16487.0,1103.0,31764.0,49354.0,2782.0,52136.0,49354.0,2782.0,52136.0,23693.0,1103.0,31764.0,56560.0,2782.0,59342.0,0.3340560035660737,0.022348745795680188,0.6435952506382462,0.4731614466170618,0.0793303339678145,0.4475082194151237,0.4828236074570496,0.3340560035660737,0.4731614466170618,0.4731614466170618,0.8620512136061167,0.8620512136061167,True,2223120.0,116814,2725179,5065113.0,5189574,46857.0,2283.0,79972.0,134892.0,45212.0,45212.0,45212.0,13448.0,9940.0,20752.0,1072.0,13448.0,9940.0,20752.0,1072.0,0.2974431566840662,0.21985313633548614,0.45899318764929664,0.023710519331151023,0.4828236074570496,0.07493234227646567,0.433808507911619,0.008435542354865702,0.4828236074570496,True,4898756,0.9439611035510814,0.8620512136061167,2173577,440343,2151893,132943,1422430,1289487,132943,99608.0,132943,0,33335.0,True,290818,130875,6437.0,-6414.0,23.0,2042679.0,0.0,0.939777610823081,7235.0,2782.0,0.0,7235.0,2782.0,0.0,52447.0,5189574,0,0.053742747553916885,49354.0,52447.0,0.4731614466170618,5065113.0,0.9466395580788707,22619.0,22593.0,22619.0,22593.0,0.5002875342829337,0.4997124657170663,0.32681139616711646,0.6731886038328836,45212.0,0,5585.0,15723.0,934.0,9940.0,10248.0,2782.0,5585.0,15723.0,934.0,9940.0,10248.0,2782.0,0.12352915155268512,0.3477616561974697,0.020658232327700612,0.21985313633548614,0.22666548703883924,0.061532336547819165,0.135817987555779,0.33642605744453524,0.1953758406134121,0.07809062912450505,0.21217239645528252,0.042117088806486076,45212.0,0.0,588979,5742.0,5742.0,7945.0,8491.0,7.0,7.0,186.0,2116.0,-34.0,0.0,46.0,9756.0,-130.0,0.0,82.0,146195,734.0,734.0,8358.0,68031.0,-2273.0,0.0,501.0,172253.0,1809.0,1809.0,6416.0,263704,1344.0,1344.0,1976.0,160153,1162.0,1162.0,2252.0,157391,3138.0,3138.0,1463.0,30175.0,1180.0,1180.0,799.0,23856,390.0,390.0,1422.0,26503.0,612.0,612.0,707.0,43253.0,15.0,15.0,1878.0,18485.0,-3869.0,0.0,1277.0,116464.0,-589.0,0.0,4774.0,90060.0,325.0,325.0,2924.0,6437.0,-311.0,0.0,414.0,290818,7235.0,7235.0,3437.0,116814,1103.0,1103.0,2283.0,440343,9940.0,9940.0,2212.0,862406,11576.0,11576.0,35756.0,1422430,10248.0,10248.0,42004.0,130875,2782.0,2782.0,6174.0
2020-06-30,204538.0,187552.0,189059.0,1883.0,1814.0,189059.0,1883.0,1814.0,192756.0,0.0,192756.0,192756.0,-1833.0,190923.0,189434.0,1883.0,14570.0,205887.0,0.0,205887.0,0.9808203116893897,0.009768826910705762,0.009410861399904543,0.787863460647882,0.036299261993831884,0.17583727735828605,0.7634699790935655,0.9808203116893897,0.787863460647882,0.787863460647882,0.982326215793063,0.982326215793063,True,2412179.0,118697,2726993,5257869.0,5380806,42340.0,1451.0,55131.0,105197.0,204538.0,204538.0,187552.0,185738.0,0.0,18800.0,0.0,185738.0,-12756.0,18800.0,-4230.0,0.9080855391174256,0.0,0.09191446088257439,0.0,0.7634699790935655,0.03038157299524409,0.20272822857701758,0.003420219334172851,0.7634699790935655,True,5086308,0.945268794303307,0.982326215793063,2359315,427587,2170693,128713,1425132,1296419,128713,97311.0,128713,0,31402.0,True,294498,129042,6128.0,-6105.0,23.0,2230250.0,0.0,0.9452955624831784,3680.0,-1833.0,0.0,3680.0,0.0,0.0,208218.0,5380806,0,0.05030994165679445,192756.0,191232.0,0.787863460647882,5257869.0,1.0,995.0,186557.0,995.0,186557.0,0.005305195359153728,0.9946948046408463,0.12943957431516898,0.870560425684831,187552.0,0,105463.0,63818.0,30158.0,0.0,2702.0,0.0,105463.0,63818.0,30158.0,-12756.0,2702.0,-1833.0,0.521729881617287,0.31571032101354995,0.14919289011135792,0.0,0.013366907257805195,0.0,0.37304634837989864,0.33050067407372974,0.17053910402429764,0.03080594424557978,0.07849317403498984,0.016614755241504346,202141.0,0.0,694218,105239.0,105239.0,4809.0,8425.0,-66.0,0.0,145.0,2120.0,4.0,4.0,42.0,10042.0,286.0,286.0,107.0,152055,5860.0,5860.0,10023.0,69293.0,1262.0,1262.0,338.0,189961.0,17708.0,17708.0,7827.0,273523,9819.0,9819.0,1538.0,171007,10854.0,10854.0,1590.0,166164,8773.0,8773.0,915.0,30587.0,412.0,412.0,404.0,27085,3229.0,3229.0,832.0,33698.0,7195.0,7195.0,603.0,48818.0,5565.0,5565.0,1305.0,19359.0,874.0,874.0,424.0,119186.0,2722.0,2722.0,3855.0,96012.0,5952.0,5952.0,2555.0,6128.0,-309.0,0.0,128.0,294498,3680.0,3680.0,4900.0,118697,1883.0,1883.0,1451.0,427587,-12756.0,0.0,581.0,874274,11868.0,11868.0,22979.0,1425132,2702.0,2702.0,31571.0,129042,-1833.0,0.0,6384.0
2020-09-30,11288.0,-5937.0,0.0,8283.0,184.0,-16544.0,8283.0,184.0,8467.0,0.0,8467.0,-8077.0,-3028.0,-11105.0,11350.0,8283.0,9798.0,29431.0,0.0,29431.0,0.0,0.9782685721034605,0.021731427896539507,0.800413011934124,0.05279623486794938,0.1467907531979267,0.7592309079285984,0.0,0.800413011934124,0.800413011934124,1.0,1.0,True,2395635.0,126980,2727177,5249792.0,5369716,33390.0,1687.0,65259.0,106037.0,11288.0,11288.0,-5937.0,0.0,0.0,11288.0,0.0,-6121.0,-9614.0,11288.0,-1490.0,0.0,0.0,1.0,0.0,0.7592309079285984,0.03258642450866294,0.20466831675053682,0.0035143508122018785,0.7592309079285984,True,5080371,0.9461153997716081,1.0,2353194,417973,2181981,127223,1432007,1304784,127223,95802.0,127223,0,31421.0,True,289345,126014,6113.0,-6090.0,23.0,2227157.0,0.0,0.9464400300187745,-5153.0,-3028.0,0.0,0.0,0.0,0.0,11288.0,5369716,0,0.053960701922578416,8467.0,-11090.0,0.800413011934124,5249792.0,1.0,1592.0,0.0,1592.0,-7529.0,1.0,0.0,0.12879633927017461,0.8712036607298254,1592.0,0,0.0,5882.0,1310.0,0.0,6875.0,0.0,-7362.0,5882.0,1310.0,-9614.0,6875.0,-3028.0,0.0,0.418141750195493,0.09312575531385513,0.0,0.48873249449065187,0.0,0.38211778824755116,0.34225059098537125,0.15275611838829964,0.032772075817570974,0.07471637647663919,0.015387050084567781,14067.0,0.0,685983,-8235.0,0.0,5451.0,8462.0,37.0,37.0,179.0,2077.0,-43.0,0.0,55.0,10921.0,879.0,879.0,132.0,153586,1531.0,1531.0,9042.0,65711.0,-3582.0,0.0,408.0,188392.0,-1569.0,0.0,4435.0,272779,-744.0,0.0,1535.0,169590,-1417.0,0.0,1752.0,159028,-7136.0,0.0,541.0,30949.0,362.0,362.0,554.0,27737,652.0,652.0,1255.0,35034.0,1336.0,1336.0,325.0,50862.0,2044.0,2044.0,1046.0,20353.0,994.0,994.0,455.0,121609.0,2423.0,2423.0,3934.0,97104.0,1092.0,1092.0,1886.0,6113.0,-15.0,0.0,113.0,289345,-5153.0,0.0,292.0,126980,8283.0,8283.0,1687.0,417973,-9614.0,0.0,901.0,877197,2923.0,2923.0,26040.0,1432007,6875.0,6875.0,38318.0,126014,-3028.0,0.0,5795.0
2020-12-31,39668.0,36090.0,19054.0,8393.0,15608.0,19054.0,8393.0,15608.0,43055.0,0.0,43055.0,43055.0,-2443.0,40612.0,31713.0,8393.0,17071.0,57177.0,0.0,57177.0,0.4425502264545349,0.1949367088607595,0.3625130646847056,0.7649030078465562,0.06696136660854403,0.16813562554489975,0.730507538925063,0.4425502264545349,0.7649030078465562,0.7649030078465562,0.8995827285921626,0.8995827285921626,True,2414689.0,135373,2742785,5292847.0,5410234,29782.0,1504.0,66377.0,102485.0,39668.0,39668.0,36090.0,20482.0,0.0,19186.0,0.0,20482.0,-1463.0,19186.0,-2115.0,0.5163355853584753,0.0,0.48366441464152465,0.0,0.730507538925063,0.033055542623027144,0.23287197461972825,0.0035649438321815993,0.730507538925063,True,5116461,0.9457005002001762,0.8995827285921626,2373676,416510,2201167,125108,1445173,1320065,125108,94437.0,125108,0,30671.0,True,293773,123571,6210.0,-6184.0,26.0,2250079.0,0.0,0.9479301303126458,4428.0,-2443.0,3.0,4428.0,0.0,3.0,44096.0,5410234,0,0.05703095114918801,43055.0,40518.0,0.7649030078465562,5292847.0,1.0,10835.0,25255.0,10835.0,25255.0,0.300221668052092,0.6997783319479081,0.13326505106379832,0.8667349489362017,36090.0,0,0.0,15585.0,23529.0,0.0,13166.0,0.0,-12287.0,15585.0,23529.0,-1463.0,13166.0,-2440.0,0.0,0.298106350420811,0.4500573833205815,0.0,0.2518362662586075,0.0,0.35399426203379025,0.32198916161938157,0.17829454893210073,0.03168632451386675,0.10516735734778451,0.008868345553076187,52280.0,0.0,674175,-11808.0,0.0,4473.0,8444.0,-18.0,0.0,163.0,2015.0,-62.0,0.0,37.0,10522.0,-399.0,0.0,20.0,154135,549.0,549.0,6504.0,66913.0,1202.0,1202.0,380.0,190669.0,2277.0,2277.0,4614.0,272673,-106.0,0.0,1622.0,169394,-196.0,0.0,1514.0,177315,18287.0,18287.0,521.0,31311.0,362.0,362.0,506.0,27917,180.0,180.0,746.0,34964.0,-70.0,0.0,415.0,51221.0,359.0,359.0,840.0,21202.0,849.0,849.0,447.0,123640.0,2031.0,2031.0,3648.0,98196.0,1092.0,1092.0,2203.0,6210.0,97.0,97.0,181.0,293773,4428.0,4428.0,948.0,135373,8393.0,8393.0,1504.0,416510,-1463.0,0.0,681.0,881102,3905.0,3905.0,25228.0,1445173,13166.0,13166.0,40468.0,123571,-2443.0,0.0,4983.0
2021-03-31,56196.0,26656.0,0.0,0.0,56196.0,-31015.0,-796.0,56196.0,56196.0,3777.0,59973.0,24385.0,3777.0,28162.0,11947.0,0.0,56196.0,68143.0,3777.0,71920.0,0.0,0.0,1.0,0.6926156672457517,0.061765743458668636,0.24561858929557964,0.6616189162308704,0.0,0.6926156672457517,0.6926156672457517,0.9718287937743191,0.9718287937743191,True,2383674.0,134577,2798981,5317232.0,5438519,41902.0,1838.0,78276.0,127065.0,56196.0,56196.0,26656.0,0.0,33760.0,21584.0,852.0,-29540.0,33760.0,21584.0,852.0,0.0,0.6007545020997935,0.38408427646095805,0.015161221439248345,0.6616189162308704,0.10831274663928904,0.2273348519362187,0.002733485193621868,0.6616189162308704,True,5143117,0.9456833744627904,0.9718287937743191,2344136,450270,2222751,125960,1459073,1333113,125960,94692.0,125960,0,31268.0,True,295402,127348,6082.0,-6061.0,21.0,2216767.0,0.0,0.9456648419716263,1629.0,3777.0,-5.0,1629.0,3777.0,0.0,57825.0,5438519,0,0.057410064945037316,56196.0,28285.0,0.6926156672457517,5317232.0,0.9370216597468861,41500.0,0.0,41500.0,-14844.0,1.0,0.0,0.2059055088590131,0.7940944911409868,41500.0,0,0.0,12237.0,0.0,33760.0,13900.0,3772.0,-25809.0,12237.0,-11204.0,33760.0,13900.0,3772.0,0.0,0.1921971446072657,0.0,0.5302423471391101,0.21831660619767862,0.059243902055945596,0.31750949099371684,0.2936021218881433,0.16557531528765013,0.10163868291199643,0.11031831332773358,0.011356075590759792,63669.0,0.0,648392,-25783.0,0.0,6170.0,8429.0,-15.0,0.0,179.0,1951.0,-64.0,0.0,23.0,10575.0,53.0,53.0,71.0,153504,-631.0,0.0,8620.0,63666.0,-3247.0,0.0,426.0,193512.0,2843.0,2843.0,6690.0,272735,62.0,62.0,2133.0,174123,4729.0,4729.0,2176.0,167858,-9457.0,0.0,579.0,32455.0,1144.0,1144.0,729.0,28119,202.0,202.0,878.0,34872.0,-92.0,0.0,455.0,50760.0,-461.0,0.0,1198.0,18926.0,-2276.0,0.0,891.0,122832.0,-808.0,0.0,4692.0,99481.0,1285.0,1285.0,3188.0,6082.0,-128.0,0.0,286.0,295402,1629.0,1629.0,2518.0,134577,-796.0,0.0,1838.0,450270,33760.0,33760.0,1046.0,889638,8536.0,8536.0,33310.0,1459073,13900.0,13900.0,43920.0,127348,3777.0,3777.0,5316.0
2021-06-30,12671.0,-33046.0,0.0,0.0,0.0,-12795.0,-6691.0,-2022.0,0.0,0.0,0.0,-21508.0,-3491.0,-24999.0,15208.0,0.0,11092.0,26300.0,0.0,26300.0,,,,0.1768877996249466,0.1548116377949832,0.6683005625800702,0.170935463141467,,0.1768877996249466,0.1768877996249466,0.6142621679270894,0.6142621679270894,True,2370879.0,127886,2796959,5295724.0,5413430,35295.0,1304.0,60288.0,101264.0,12671.0,12671.0,-33046.0,0.0,0.0,12671.0,0.0,-31024.0,-13114.0,12671.0,-1579.0,0.0,0.0,1.0,0.0,0.170935463141467,0.2817489129799788,0.5402051359087988,0.007110487969755389,0.170935463141467,True,5110071,0.9439617765446306,0.6142621679270894,2313112,437156,2235422,124381,1467579,1343198,124381,94059.0,124381,0,30322.0,True,303359,123857,6171.0,-6151.0,20.0,2189235.0,0.0,0.9464457406299392,7957.0,-3491.0,-1.0,7957.0,0.0,0.0,20628.0,5413430,0,0.055287422312451796,,-25089.0,0.1768877996249466,5295724.0,,0.0,0.0,-17219.0,-15827.0,,,0.6810512490212423,0.3189487509787578,0.0,0,0.0,0.0,0.0,0.0,8506.0,0.0,-22507.0,-1160.0,-1279.0,-13114.0,8506.0,-3492.0,0.0,0.0,0.0,0.0,1.0,0.0,0.0,0.24331153174225034,0.1793144771227675,0.24371579965637227,0.3064278598345389,0.027230331644070977,8506.0,0.0,626985,-21407.0,0.0,3514.0,8388.0,-41.0,0.0,138.0,1910.0,-41.0,0.0,37.0,9557.0,-1018.0,0.0,49.0,155969,2465.0,2465.0,8175.0,65512.0,1846.0,1846.0,421.0,194233.0,721.0,721.0,5711.0,273049,314.0,314.0,1462.0,174767,644.0,644.0,1742.0,168149,291.0,291.0,500.0,30072.0,-2383.0,0.0,422.0,28091,-28.0,0.0,634.0,34320.0,-552.0,0.0,340.0,49339.0,-1421.0,0.0,789.0,19807.0,881.0,881.0,487.0,122567.0,-265.0,0.0,3646.0,98634.0,-847.0,0.0,2196.0,6171.0,89.0,89.0,93.0,303359,7957.0,7957.0,4939.0,127886,-6691.0,0.0,1304.0,437156,-13114.0,0.0,623.0,892224,2586.0,2586.0,21714.0,1467579,8506.0,8506.0,37951.0,123857,-3491.0,0.0,4451.0
2021-09-30,20080.0,15339.0,0.0,2764.0,19444.0,-8811.0,2764.0,19444.0,22208.0,0.0,22208.0,13397.0,-542.0,12855.0,5350.0,2764.0,19444.0,27558.0,0.0,27558.0,0.0,0.12445965417867436,0.8755403458213257,0.15687598284194668,0.09185815789690348,0.7512658592611499,0.1592504762275007,0.0,0.15687598284194668,0.15687598284194668,1.0,1.0,True,2362068.0,130650,2816403,5309121.0,5426581,35235.0,1736.0,69863.0,110778.0,20080.0,20080.0,15339.0,0.0,230.0,19850.0,0.0,-4105.0,230.0,19850.0,-636.0,0.0,0.011454183266932271,0.9885458167330677,0.0,0.1592504762275007,0.2642771060918244,0.5698479959569257,0.006624421723749174,0.1592504762275007,True,5125410,0.9445007823526452,1.0,2309007,437386,2255272,123745,1477475,1353730,123745,92879.0,123745,0,30866.0,True,301171,123315,5877.0,-5855.0,22.0,2185670.0,0.0,0.9465843975353908,-2188.0,-542.0,2.0,0.0,0.0,2.0,20080.0,5426581,0,0.05658276479889407,22208.0,13151.0,0.15687598284194668,5309121.0,1.0,12312.0,3027.0,12312.0,3027.0,0.8026598865636613,0.19734011343633875,0.6956601276243153,0.30433987237568466,15339.0,0,1432.0,7140.0,0.0,230.0,9896.0,0.0,1432.0,7140.0,-2819.0,230.0,9896.0,-540.0,0.07658573109423468,0.38185902235533214,0.0,0.012300780832174564,0.5292544657182586,0.0,0.010003283200491781,0.2442282033907777,0.1643626050449519,0.23743826535245507,0.31761821268153656,0.02634943032978701,18698.0,0.0,628276,1291.0,1291.0,5946.0,8445.0,57.0,57.0,141.0,1859.0,-51.0,0.0,23.0,9692.0,135.0,135.0,95.0,158769,2800.0,2800.0,9377.0,64069.0,-1443.0,0.0,417.0,192785.0,-1448.0,0.0,5167.0,273298,249.0,249.0,1619.0,173858,-909.0,0.0,1765.0,164992,-3157.0,0.0,650.0,30621.0,549.0,549.0,791.0,27641,-450.0,0.0,818.0,33379.0,-941.0,0.0,324.0,46933.0,-2406.0,0.0,963.0,20076.0,269.0,269.0,466.0,121907.0,-660.0,0.0,3736.0,98420.0,-214.0,0.0,2445.0,5877.0,-294.0,0.0,134.0,301171,-2188.0,0.0,358.0,130650,2764.0,2764.0,1736.0,437386,230.0,230.0,1051.0,901542,9318.0,9318.0,28073.0,1477475,9896.0,9896.0,40739.0,123315,-542.0,0.0,4060.0
2021-12-31,54391.0,53958.0,2268.0,6729.0,40101.0,2268.0,6729.0,40101.0,49098.0,3424.0,52522.0,49098.0,3424.0,52522.0,20999.0,6729.0,40101.0,67829.0,3424.0,71253.0,0.046193327630453376,0.13705242576072346,0.8167542466088231,0.01778795626735267,0.07445373405907359,0.9077583096735737,0.09667359667359668,0.046193327630453376,0.01778795626735267,0.01778795626735267,1.0,1.0,True,2364336.0,137379,2856504,5358219.0,5479176,31405.0,1683.0,70631.0,108942.0,54391.0,54391.0,53958.0,13857.0,14824.0,25710.0,0.0,13857.0,14824.0,25710.0,-433.0,0.2547664135610671,0.2725450901803607,0.4726884962585722,0.0,0.09667359667359668,0.34055170296781034,0.5568307078374193,0.0059439925211737295,0.09667359667359668,True,5179368,0.9452822833214337,1.0,2322864,452210,2280982,123312,1491935,1368623,123312,92919.0,123312,0,30393.0,True,299808,126739,5804.0,-5782.0,22.0,2196103.0,0.0,0.9454290048836265,-1363.0,3424.0,0.0,0.0,3424.0,0.0,54391.0,5479176,0,0.059142076333354,49098.0,52595.0,0.01778795626735267,5358219.0,0.934808270819847,32370.0,21588.0,32370.0,21588.0,0.5999110419214945,0.40008895807850553,0.7778369450436383,0.22216305495636163,53958.0,0,0.0,21483.0,9515.0,14824.0,14460.0,3424.0,-9748.0,21483.0,9515.0,14824.0,14460.0,3424.0,0.0,0.33722098389476657,0.14935798825856278,0.23269393777666153,0.22698019024895613,0.05374689982105296,0.009263871547881665,0.2643308599486347,0.061554286157886905,0.3157867498172455,0.30251198416343744,0.046552248364913736,63706.0,0.0,618556,-9720.0,0.0,4143.0,8476.0,31.0,31.0,186.0,1894.0,35.0,35.0,35.0,9598.0,-94.0,0.0,21.0,163902,5133.0,5133.0,6653.0,67556.0,3487.0,3487.0,1190.0,191558.0,-1227.0,0.0,4418.0,279787,6489.0,6489.0,1638.0,169776,-4082.0,0.0,1903.0,163806,-1186.0,0.0,667.0,31626.0,1005.0,1005.0,636.0,27563,-78.0,0.0,876.0,32727.0,-652.0,0.0,355.0,46677.0,-256.0,0.0,749.0,22163.0,2087.0,2087.0,561.0,123177.0,1270.0,1270.0,3650.0,99882.0,1462.0,1462.0,2515.0,5804.0,-73.0,0.0,141.0,299808,-1363.0,0.0,1068.0,137379,6729.0,6729.0,1683.0,452210,14824.0,14824.0,790.0,912359,10817.0,10817.0,29335.0,1491935,14460.0,14460.0,40506.0,126739,3424.0,3424.0,5346.0
2022-03-31,64921.0,64921.0,8585.0,0.0,50002.0,8585.0,-1039.0,50002.0,58587.0,7293.0,65880.0,57548.0,7293.0,64841.0,18015.0,0.0,50002.0,68017.0,7293.0,75310.0,0.14653421407479475,0.0,0.8534657859252053,0.08355338624868161,0.0730832300431894,0.843363383708129,0.18923735556973098,0.14653421407479475,0.08355338624868161,0.08355338624868161,1.0,1.0,True,2372921.0,136340,2906506,5415767.0,5544025,48902.0,2138.0,82667.0,139573.0,64921.0,64921.0,64921.0,14919.0,27494.0,21503.0,1005.0,14919.0,27494.0,21503.0,1005.0,0.2298023751944671,0.4234993299548682,0.33121794180619524,0.015480353044469432,0.18923735556973098,0.27980508078888355,0.5243484608353117,0.006609102806073798,0.18923735556973098,True,5244289,0.9459353087332759,1.0,2337783,479704,2302485,124317,1502281,1377964,124317,93555.0,124317,0,30762.0,True,299736,134032,5795.0,-5774.0,21.0,2203730.0,0.0,0.9426580653550821,-72.0,7293.0,-1.0,0.0,7293.0,0.0,64921.0,5544025,0,0.05832021192728324,58587.0,64849.0,0.08355338624868161,5415767.0,0.8892987249544626,38617.0,26304.0,38617.0,26304.0,0.5948306403166926,0.4051693596833074,0.6206246554113457,0.3793753445886543,64921.0,0,5583.0,8811.0,5395.0,27494.0,10346.0,7292.0,5583.0,8811.0,5395.0,27494.0,10346.0,7292.0,0.0859968269127093,0.13571879669136336,0.08310099967652994,0.4234993299548682,0.15936291800804053,0.11232112875648866,0.04501671682784555,0.24022177872182043,0.09568057703537806,0.2730393824078649,0.27727473994263013,0.06876680506446085,64921.0,0.0,623779,5223.0,5223.0,8935.0,8712.0,236.0,236.0,310.0,1935.0,41.0,41.0,60.0,9681.0,83.0,83.0,76.0,167426,3524.0,3524.0,12345.0,63538.0,-4018.0,0.0,561.0,192660.0,1102.0,1102.0,6436.0,281298,1511.0,1511.0,2018.0,169928,152.0,152.0,3273.0,167195,3389.0,3389.0,763.0,32344.0,718.0,718.0,794.0,27119,-444.0,0.0,1200.0,32112.0,-615.0,0.0,619.0,47540.0,863.0,863.0,1118.0,19389.0,-2774.0,0.0,754.0,121679.0,-1498.0,0.0,4341.0,101055.0,1173.0,1173.0,2796.0,5795.0,-9.0,0.0,137.0,299736,-72.0,0.0,2366.0,136340,-1039.0,0.0,2138.0,479704,27494.0,27494.0,1639.0,924521,12162.0,12162.0,36124.0,1502281,10346.0,10346.0,44904.0,134032,7293.0,7293.0,5986.0
2022-06-30,31190.0,30364.0,9104.0,0.0,23733.0,9104.0,-5995.0,23733.0,32837.0,7736.0,40573.0,26842.0,7736.0,34578.0,18408.0,0.0,23733.0,42141.0,7736.0,49877.0,0.2772482260864269,0.0,0.7227517739135731,0.12263872672525042,0.05833589381183556,0.819025379462914,0.20756586275222474,0.2772482260864269,0.12263872672525042,0.12263872672525042,0.8993915626171458,0.8993915626171458,True,2382025.0,130345,2930239,5442609.0,5577878,37296.0,1773.0,62683.0,108780.0,31190.0,31190.0,30364.0,6631.0,5785.0,18774.0,0.0,6631.0,5785.0,18774.0,-826.0,0.21260019236934916,0.18547611413914716,0.6019236934915037,0.0,0.20756586275222474,0.28334173593931367,0.5032008066501741,0.00589159465828751,0.20756586275222474,True,5274653,0.9456379289758579,0.8993915626171458,2344414,485489,2321259,123491,1512712,1389221,123491,93356.0,123491,0,30135.0,True,303225,141768,6519.0,-6499.0,20.0,2202626.0,0.0,0.9395209207929999,3489.0,7736.0,-1.0,3489.0,7736.0,0.0,34679.0,5577878,0,0.055598115349933926,32837.0,33853.0,0.12263872672525042,5442609.0,0.8093313287161413,7307.0,23057.0,7307.0,23057.0,0.24064681860097484,0.7593531813990252,0.5505219282789127,0.44947807172108734,30364.0,0,8731.0,2659.0,0.0,5785.0,10431.0,7735.0,8731.0,2659.0,-4977.0,5785.0,10431.0,7735.0,0.24705016835969554,0.07523839166973204,0.0,0.1636908972581421,0.29515293851334146,0.21886760419908888,0.0862010445293596,0.2194880273285669,0.081624385490458,0.26459768101343434,0.2470793689028062,0.10100949273537495,35341.0,0.0,631926,8147.0,8147.0,7424.0,8769.0,57.0,57.0,167.0,1956.0,21.0,21.0,22.0,10187.0,506.0,506.0,78.0,166648,-778.0,0.0,6881.0,62961.0,-577.0,0.0,392.0,193600.0,940.0,940.0,5945.0,284923,3625.0,3625.0,1950.0,168400,-1528.0,0.0,1589.0,165770,-1425.0,0.0,544.0,30000.0,-2344.0,0.0,530.0,26760,-359.0,0.0,535.0,31148.0,-964.0,0.0,364.0,46726.0,-814.0,0.0,909.0,20146.0,757.0,757.0,499.0,121164.0,-515.0,0.0,3975.0,101197.0,142.0,142.0,2031.0,6519.0,724.0,724.0,136.0,303225,3489.0,3489.0,3325.0,130345,-5995.0,0.0,1773.0,485489,5785.0,5785.0,451.0,932038,7517.0,7517.0,23940.0,1512712,10431.0,10431.0,38292.0,141768,7736.0,7736.0,7147.0
2022-09-30,78892.0,78892.0,18759.0,6858.0,36027.0,18759.0,6858.0,36027.0,61644.0,10134.0,71778.0,61644.0,10134.0,71778.0,29129.0,6858.0,36027.0,72014.0,10134.0,82148.0,0.3043118551683862,0.11125170332879113,0.5844364415028227,0.1915059901269254,0.06720714660229712,0.7412868632707775,0.3412120630879622,0.3043118551683862,0.1915059901269254,0.1915059901269254,1.0,1.0,True,2400784.0,137203,2966266,5504253.0,5650658,43196.0,1978.0,72378.0,124183.0,78892.0,78892.0,78892.0,42865.0,17583.0,18000.0,444.0,42865.0,17583.0,18000.0,444.0,0.5433377275262384,0.2228743091821731,0.22816001622471227,0.005627947066876236,0.3412120630879622,0.2863457631847389,0.366125530746227,0.006316642981071868,0.3412120630879622,True,5353545,0.947419751823593,1.0,2387279,503072,2339259,123935,1522104,1398169,123935,93562.0,123935,0,30373.0,True,297113,151902,5518.0,-5497.0,21.0,2235356.0,0.0,0.9363614391112225,-6112.0,10134.0,1.0,0.0,10134.0,1.0,78892.0,5650658,0,0.057472545102604265,61644.0,72780.0,0.1915059901269254,5504253.0,0.8588146785923263,33493.0,45399.0,33493.0,45399.0,0.4245424124119049,0.5754575875880951,0.4900037258640717,0.5099962741359283,78892.0,0,6845.0,19770.0,15167.0,17583.0,9392.0,10135.0,6845.0,19770.0,15167.0,17583.0,9392.0,10135.0,0.08676418394767531,0.25059575115347565,0.19225016478223395,0.2228743091821731,0.11904882624347209,0.12846676469096993,0.08712426912624557,0.21709215185703698,0.12384501358807544,0.2704685827225562,0.1837643086551923,0.11770567405089352,78892.0,0.0,638978,7052.0,7052.0,7837.0,8781.0,12.0,12.0,163.0,1901.0,-55.0,0.0,36.0,10023.0,-164.0,0.0,123.0,175321,8673.0,8673.0,12130.0,61771.0,-1190.0,0.0,897.0,196383.0,2783.0,2783.0,7078.0,287061,2138.0,2138.0,2064.0,169315,915.0,915.0,2090.0,171584,5814.0,5814.0,835.0,30945.0,945.0,945.0,765.0,26357,-403.0,0.0,808.0,30765.0,-383.0,0.0,474.0,45859.0,-867.0,0.0,897.0,20406.0,260.0,260.0,474.0,120969.0,-195.0,0.0,3756.0,101734.0,537.0,537.0,2555.0,5518.0,-1001.0,0.0,120.0,297113,-6112.0,0.0,94.0,137203,6858.0,6858.0,1978.0,503072,17583.0,17583.0,1262.0,941090,9052.0,9052.0,31089.0,1522104,9392.0,9392.0,40027.0,151902,10134.0,10134.0,6735.0
2022-12-31,71994.0,71904.0,30946.0,7803.0,42318.0,30946.0,7803.0,42318.0,81067.0,0.0,81067.0,81067.0,-9277.0,71790.0,36225.0,7803.0,42318.0,86346.0,0.0,86346.0,0.3817336277400175,0.09625371606202276,0.5220126561979597,0.2878424840369872,0.06261772054583895,0.6495397954171739,0.38057547257659,0.3817336277400175,0.2878424840369872,0.2878424840369872,0.9994724566859173,0.9994724566859173,True,2431730.0,145006,3008584,5585320.0,5722600,39191.0,2015.0,70528.0,118877.0,71994.0,71994.0,71904.0,29586.0,14958.0,27450.0,0.0,29586.0,14958.0,27450.0,-90.0,0.410950912576048,0.20776731394282857,0.3812817734811234,0.0,0.38057547257659,0.2664809694044867,0.34707709000514175,0.005866468013781544,0.38057547257659,True,5425449,0.948074127145004,0.9994724566859173,2416865,518030,2366709,123845,1533469,1409624,123845,94235.0,123845,0,29610.0,True,297151,142625,5367.0,-5345.0,22.0,2274218.0,0.0,0.9409784990059437,38.0,-9277.0,1.0,38.0,0.0,1.0,72032.0,5722600,0,0.059997558821034684,81067.0,71942.0,0.2878424840369872,5585320.0,1.0,38756.0,33148.0,38756.0,33148.0,0.5389964396973743,0.46100356030262574,0.48021992758481963,0.5197800724151803,71904.0,0,12412.0,28650.0,13795.0,14958.0,11365.0,0.0,12412.0,28650.0,13795.0,14958.0,11365.0,-9276.0,0.1528948016752895,0.35291943828529193,0.1699310174919931,0.18425720620842573,0.13999753633899975,0.0,0.12895357502285526,0.23005062727112094,0.1319727734371999,0.2528290580561894,0.15954120476003902,0.0966527614525955,81180.0,0.0,652015,13037.0,13037.0,7844.0,8894.0,113.0,113.0,124.0,2028.0,127.0,127.0,33.0,9158.0,-865.0,0.0,47.0,182204,6883.0,6883.0,9200.0,62082.0,311.0,311.0,338.0,192487.0,-3896.0,0.0,6306.0,292833,5772.0,5772.0,2279.0,172116,2801.0,2801.0,2243.0,173346,1762.0,1762.0,613.0,32322.0,1377.0,1377.0,576.0,26281,-76.0,0.0,660.0,30705.0,-60.0,0.0,412.0,45628.0,-231.0,0.0,819.0,21821.0,1415.0,1415.0,542.0,122188.0,1219.0,1219.0,3322.0,103104.0,1370.0,1370.0,2989.0,5367.0,-151.0,0.0,140.0,297151,38.0,38.0,704.0,145006,7803.0,7803.0,2015.0,518030,14958.0,14958.0,734.0,957085,15995.0,15995.0,32536.0,1533469,11365.0,11365.0,37258.0,142625,-9277.0,0.0,7265.0
2023-03-31,53268.0,45852.0,394.0,0.0,53268.0,394.0,-1758.0,53268.0,53662.0,0.0,53662.0,51904.0,-3065.0,48839.0,22028.0,0.0,53268.0,75296.0,0.0,75296.0,0.007342253363646529,0.0,0.9926577466363534,0.2582915230574582,0.0639631778718206,0.6777452990707211,0.3360272622204093,0.007342253363646529,0.2582915230574582,0.2582915230574582,0.9463809828376506,0.9463809828376506,True,2432124.0,143248,3061852,5637224.0,5771470,51016.0,2439.0,90896.0,151681.0,53268.0,53268.0,45852.0,0.0,15321.0,35407.0,2540.0,-7416.0,15321.0,35407.0,2540.0,0.0,0.2876210858301419,0.6646955019899377,0.0476834121799204,0.3360272622204093,0.22795142429804882,0.4233420014956829,0.012679311985858997,0.3360272622204093,True,5471301,0.947990893134678,0.9463809828376506,2409449,533351,2402116,126385,1545469,1419084,126385,96306.0,126385,0,30079.0,True,300169,139560,5337.0,-5314.0,23.0,2269866.0,0.0,0.9420684978183809,3018.0,-3065.0,1.0,3018.0,0.0,1.0,56286.0,5771470,0,0.059452596838530304,53662.0,48870.0,0.2582915230574582,5637224.0,1.0,39510.0,6342.0,39510.0,6342.0,0.861685422664224,0.13831457733577598,0.5244920973340617,0.47550790266593834,45852.0,0,0.0,16767.0,8562.0,15321.0,12000.0,0.0,-3734.0,16767.0,8562.0,15321.0,12000.0,-3064.0,0.0,0.31846153846153846,0.16262108262108263,0.290997150997151,0.22792022792022792,0.0,0.11282617722110916,0.2735031020345638,0.15126802465502714,0.21626361045379602,0.17410093403691804,0.07203815159858584,52650.0,0.0,648944,-3071.0,0.0,8889.0,8855.0,-39.0,0.0,181.0,2008.0,-20.0,0.0,35.0,8554.0,-604.0,0.0,48.0,184843,2639.0,2639.0,10038.0,59665.0,-2417.0,0.0,1184.0,196265.0,3778.0,3778.0,8315.0,282215,-10618.0,0.0,2709.0,174345,2229.0,2229.0,3525.0,182432,9086.0,9086.0,1376.0,33513.0,1191.0,1191.0,720.0,25980,-301.0,0.0,850.0,30612.0,-93.0,0.0,519.0,45082.0,-546.0,0.0,1817.0,19086.0,-2735.0,0.0,901.0,121028.0,-1160.0,0.0,4458.0,103191.0,87.0,87.0,3237.0,5337.0,-30.0,0.0,306.0,300169,3018.0,3018.0,1908.0,143248,-1758.0,0.0,2439.0,533351,15321.0,15321.0,1868.0,983032,25947.0,25947.0,44533.0,1545469,12000.0,12000.0,44495.0,139560,-3065.0,0.0,7616.0
2023-06-30,31660.0,30002.0,11572.0,0.0,19935.0,11572.0,-8536.0,19935.0,31507.0,9253.0,40760.0,22971.0,9253.0,32224.0,17849.0,0.0,21593.0,39442.0,9253.0,48695.0,0.3672834608182309,0.0,0.6327165391817692,0.2706292785676672,0.06433649289099526,0.6650342285413375,0.34992833334746876,0.3672834608182309,0.2706292785676672,0.2706292785676672,0.9340059592294303,0.9340059592294303,True,2443696.0,134712,3081787,5660195.0,5803709,40082.0,1692.0,67831.0,115917.0,31660.0,31660.0,30002.0,10067.0,0.0,20841.0,752.0,10067.0,-1658.0,20841.0,752.0,0.31797220467466836,0.0,0.658275426405559,0.023752368919772584,0.34992833334746876,0.20296504872484247,0.43126362302492643,0.015842994902762347,0.34992833334746876,True,5501303,0.9478943551442707,0.9340059592294303,2419516,531693,2422957,127137,1555260,1428123,127137,97350.0,127137,0,29787.0,True,302406,148813,5321.0,-5299.0,22.0,2270681.0,0.0,0.9384856310104996,2237.0,9253.0,-1.0,2237.0,9253.0,0.0,33897.0,5803709,0,0.05567725115270988,31507.0,32239.0,0.2706292785676672,5660195.0,0.7729882237487733,1608.0,28394.0,1608.0,28394.0,0.053596426904873005,0.946403573095127,0.5001853077432165,0.4998146922567836,30002.0,0,5194.0,3192.0,4231.0,0.0,9791.0,9252.0,5194.0,3192.0,4231.0,-1658.0,9791.0,9252.0,0.1640555906506633,0.10082122552116235,0.13363866077068856,0.0,0.3092545799115603,0.29222994314592543,0.10005237701631053,0.2798037498670115,0.1708595559411086,0.19584912145739047,0.1741044757797219,0.079330719938457,31660.0,0.0,654303,5359.0,5359.0,5374.0,8836.0,-19.0,0.0,194.0,1995.0,-13.0,0.0,37.0,8421.0,-133.0,0.0,21.0,188372,3529.0,3529.0,7318.0,62450.0,2785.0,2785.0,1125.0,197101.0,836.0,836.0,7428.0,280292,-1923.0,0.0,1672.0,173818,-527.0,0.0,1844.0,183902,1470.0,1470.0,400.0,32252.0,-1261.0,0.0,787.0,25520,-460.0,0.0,683.0,29827.0,-785.0,0.0,545.0,44412.0,-670.0,0.0,899.0,20056.0,970.0,970.0,369.0,120558.0,-470.0,0.0,3952.0,103854.0,663.0,663.0,3815.0,5321.0,-16.0,0.0,160.0,302406,2237.0,2237.0,3459.0,134712,-8536.0,0.0,1692.0,531693,-1658.0,0.0,681.0,994834,11802.0,11802.0,30320.0,1555260,9791.0,9791.0,36830.0,148813,9253.0,9253.0,6453.0
2023-09-30,73853.0,73853.0,6886.0,4811.0,50204.0,6886.0,4811.0,50204.0,61901.0,5258.0,67159.0,61901.0,5258.0,67159.0,19027.0,4811.0,50204.0,74042.0,5258.0,79300.0,0.11124214471494806,0.0777208768840568,0.8110369784009951,0.21828112055475438,0.05529133809947531,0.7264275413457703,0.27430180912143864,0.11124214471494806,0.21828112055475438,0.21828112055475438,1.0,1.0,True,2450582.0,139523,3131991,5722096.0,5871065,37412.0,1845.0,77997.0,125381.0,73853.0,73853.0,73853.0,23649.0,25232.0,22624.0,2348.0,23649.0,25232.0,22624.0,2348.0,0.32021718819817746,0.3416516593774119,0.306338266556538,0.03179288586787266,0.27430180912143864,0.24054165312533854,0.4607171487379482,0.024439389015274617,0.27430180912143864,True,5575156,0.9495987525261601,1.0,2443165,556925,2445581,129485,1568259,1438774,129485,99143.0,129485,0,30342.0,True,295909,154071,5123.0,-5102.0,21.0,2289073.0,0.0,0.9369293518857711,-6497.0,5258.0,-1.0,0.0,5258.0,0.0,73853.0,5871065,0,0.057107481484058586,61901.0,67356.0,0.21828112055475438,5722096.0,0.9217081850533808,42016.0,31837.0,42016.0,31837.0,0.5689139236049991,0.4310860763950009,0.5500178240249807,0.44998217597501927,73853.0,0,8259.0,18925.0,3181.0,25232.0,12999.0,5257.0,8259.0,18925.0,3181.0,25232.0,12999.0,5257.0,0.1118302574032199,0.2562522849444166,0.043072048528834304,0.3416516593774119,0.1760118072387039,0.07118194250741337,0.10806666583104582,0.2821640908654107,0.12437798473320716,0.23193074374433345,0.1928404005966333,0.06062011422936957,73853.0,0.0,662855,8552.0,8552.0,6018.0,8955.0,119.0,119.0,122.0,2025.0,30.0,30.0,27.0,7979.0,-442.0,0.0,83.0,187367,-1005.0,0.0,7872.0,62945.0,495.0,495.0,452.0,199052.0,1951.0,1951.0,7618.0,282494,2202.0,2202.0,1706.0,171401,-2417.0,0.0,2197.0,186930,3028.0,3028.0,887.0,34109.0,1857.0,1857.0,602.0,25150,-370.0,0.0,739.0,30107.0,280.0,280.0,608.0,43760.0,-652.0,0.0,931.0,20148.0,92.0,92.0,436.0,119998.0,-560.0,0.0,3873.0,104275.0,421.0,421.0,2834.0,5123.0,-198.0,0.0,173.0,295909,-6497.0,0.0,234.0,139523,4811.0,4811.0,1845.0,556925,25232.0,25232.0,826.0,1006807,11973.0,11973.0,35860.0,1568259,12999.0,12999.0,41311.0,154071,5258.0,5258.0,8282.0
2023-12-31,90786.0,90786.0,26011.0,9944.0,59310.0,26011.0,9944.0,59310.0,95265.0,0.0,95265.0,95265.0,-6489.0,88776.0,28722.0,9944.0,59310.0,97976.0,0.0,97976.0,0.2730383666614182,0.10438251194037684,0.622579121398205,0.18512802525429672,0.06088678894918192,0.7539851857965213,0.2612204337913266,0.2730383666614182,0.18512802525429672,0.18512802525429672,1.0,1.0,True,2476593.0,149467,3191301,5817361.0,5960202,39634.0,2344.0,75894.0,124640.0,90786.0,90786.0,90786.0,31476.0,29045.0,29638.0,627.0,31476.0,29045.0,29638.0,627.0,0.3467054391646289,0.3199281827594563,0.32646002687639064,0.006906351199524156,0.2612204337913266,0.27887501151995253,0.4347930615826612,0.025111493106059694,0.2612204337913266,True,5665942,0.9506291900844971,1.0,2474641,585970,2475219,130112,1584685,1454573,130112,100139.0,130112,0,29973.0,True,294260,147582,4762.0,-4741.0,21.0,2327038.0,0.0,0.9403537725270049,-1649.0,-6489.0,0.0,0.0,0.0,0.0,90786.0,5960202,0,0.06039946804405164,95265.0,89137.0,0.18512802525429672,5817361.0,1.0,52828.0,37958.0,52828.0,37958.0,0.58189588703104,0.41810411296896,0.5653470163372738,0.43465298366272614,90786.0,0,6940.0,35610.0,9254.0,29045.0,16426.0,0.0,6940.0,35610.0,9254.0,29045.0,16426.0,-6489.0,0.07134412747365716,0.3660755589822668,0.09513235672063737,0.2985864816242611,0.1688614751991776,0.0,0.07983541994534878,0.2916324117789835,0.09876369216796248,0.2724653340536647,0.20050266600897282,0.05680047604506769,97275.0,0.0,670006,7151.0,7151.0,5835.0,8973.0,18.0,18.0,129.0,2154.0,129.0,129.0,43.0,7621.0,-358.0,0.0,58.0,188892,1525.0,1525.0,5753.0,66181.0,3236.0,3236.0,1821.0,200396.0,1344.0,1344.0,8590.0,288773,6279.0,6279.0,1976.0,172224,823.0,823.0,3011.0,187732,802.0,802.0,450.0,37126.0,3017.0,3017.0,718.0,25638,488.0,488.0,629.0,29764.0,-343.0,0.0,640.0,43848.0,88.0,88.0,1252.0,20625.0,477.0,477.0,394.0,121041.0,1043.0,1043.0,3857.0,106577.0,2302.0,2302.0,3452.0,4762.0,-361.0,0.0,140.0,294260,-1649.0,0.0,886.0,149467,9944.0,9944.0,2344.0,585970,29045.0,29045.0,665.0,1020646,13839.0,13839.0,33309.0,1584685,16426.0,16426.0,41920.0,147582,-6489.0,0.0,6889.0
2024-03-31,81433.0,81433.0,14044.0,1591.0,67598.0,14044.0,1591.0,67598.0,83233.0,3732.0,86965.0,83233.0,3732.0,86965.0,22345.0,1591.0,67598.0,91534.0,3732.0,95266.0,0.1687311523073781,0.019115014477430827,0.8121538332151911,0.21519569262907035,0.06011636374335248,0.7246879436275772,0.2845440928665044,0.1687311523073781,0.21519569262907035,0.21519569262907035,0.9415090412986172,0.9415090412986172,True,2490637.0,151058,3258899,5900594.0,6046694,49447.0,2714.0,99245.0,158378.0,81433.0,81433.0,81433.0,13835.0,22292.0,42430.0,2876.0,13835.0,22292.0,42430.0,2876.0,0.16989426890818218,0.2737465155403829,0.5210418380754731,0.035317377475961836,0.2845440928665044,0.2756938343438999,0.4159873547160572,0.02377471807353852,0.2845440928665044,True,5747375,0.9504987353419901,0.9415090412986172,2488476,608262,2517649,132988,1603397,1470409,132988,102327.0,132988,0,30661.0,True,299319,151314,5234.0,-5214.0,20.0,2337142.0,0.0,0.9391860721180353,5059.0,3732.0,-1.0,5059.0,3732.0,0.0,86492.0,6046694,0,0.06070301662543661,83233.0,86492.0,0.21519569262907035,5900594.0,0.9570861840970505,50477.0,30956.0,50477.0,30956.0,0.6198592708115874,0.3801407291884126,0.5322087556234922,0.46779124437650776,81433.0,0,0.0,25401.0,14128.0,22292.0,18712.0,3731.0,-2831.0,25401.0,14128.0,22292.0,18712.0,3731.0,0.0,0.30144545713471943,0.16766353365612835,0.2645495110604766,0.22206398936675212,0.04427750878192348,0.07104287724872149,0.28959212964898345,0.10727673034850828,0.2667426110948539,0.2018031576160417,0.06354249404289118,84264.0,0.0,667636,-2370.0,0.0,7886.0,8485.0,-488.0,0.0,180.0,2167.0,13.0,13.0,62.0,7635.0,14.0,14.0,33.0,191169,2277.0,2277.0,9407.0,64916.0,-1265.0,0.0,1587.0,201397.0,1001.0,1001.0,8244.0,288115,-658.0,0.0,2588.0,170618,-1606.0,0.0,3031.0,195408,7676.0,7676.0,613.0,38490.0,1364.0,1364.0,839.0,25736,98.0,98.0,1090.0,29410.0,-354.0,0.0,891.0,43593.0,-255.0,0.0,1527.0,19700.0,-925.0,0.0,729.0,120661.0,-380.0,0.0,5018.0,110948.0,4371.0,4371.0,3732.0,5234.0,472.0,472.0,378.0,299319,5059.0,5059.0,1612.0,151058,1591.0,1591.0,2714.0,608262,22292.0,22292.0,2197.0,1047240,26594.0,26594.0,47880.0,1603397,18712.0,18712.0,49168.0,151314,3732.0,3732.0,7333.0
2024-06-30,43645.0,43645.0,15041.0,0.0,29497.0,15041.0,-3629.0,29497.0,44538.0,3859.0,48397.0,40909.0,3859.0,44768.0,21479.0,0.0,29497.0,50976.0,3859.0,54835.0,0.3377116170461179,0.0,0.662288382953882,0.2175287870652109,0.05736706710606204,0.7251041458287271,0.286859245401547,0.3377116170461179,0.2175287870652109,0.2175287870652109,0.9660461718940215,0.9660461718940215,True,2505678.0,147429,3288396,5941503.0,6091873,40063.0,1843.0,75023.0,122798.0,43645.0,43645.0,43645.0,14148.0,2673.0,26811.0,13.0,14148.0,2673.0,26811.0,13.0,0.32416084316645666,0.061244128766181696,0.6142971703517012,0.0002978577156604422,0.286859245401547,0.2735151889602612,0.41938512410386686,0.020240441534324877,0.286859245401547,True,5791020,0.950614039393139,0.9660461718940215,2502624,610935,2544460,133001,1618528,1485527,133001,102495.0,133001,0,30506.0,True,300853,155173,4826.0,-4803.0,23.0,2347428.0,0.0,0.9379866891710461,1534.0,3859.0,3.0,1534.0,3859.0,3.0,45179.0,6091873,0,0.05890976830718478,44538.0,45179.0,0.2175287870652109,5941503.0,0.9202636527057462,10737.0,32908.0,10737.0,32908.0,0.24600756100355137,0.7539924389964486,0.5386566891138593,0.4613433108861406,43645.0,0,1606.0,14137.0,6236.0,2673.0,15131.0,3862.0,1606.0,14137.0,6236.0,2673.0,15131.0,3862.0,0.036796883950051554,0.32390880971474395,0.14288005498911674,0.061244128766181696,0.34668346889678087,0.08848665368312522,0.05619705922678465,0.31458648929731103,0.10968207947511512,0.2649906198898464,0.21157248099733478,0.04297127111360802,43645.0,0.0,669323,1687.0,1687.0,5643.0,8384.0,-101.0,0.0,132.0,2188.0,21.0,21.0,41.0,7634.0,-1.0,0.0,29.0,191629,460.0,460.0,5854.0,71351.0,6435.0,6435.0,1672.0,201173.0,-224.0,0.0,7329.0,290385,2270.0,2270.0,2089.0,169296,-1322.0,0.0,2323.0,198084,2676.0,2676.0,599.0,35839.0,-2651.0,0.0,832.0,25119,-617.0,0.0,660.0,28941.0,-469.0,0.0,447.0,42948.0,-645.0,0.0,1208.0,20927.0,1227.0,1227.0,518.0,120777.0,116.0,116.0,4228.0,116001.0,5053.0,5053.0,3934.0,4826.0,-408.0,0.0,219.0,300853,1534.0,1534.0,2306.0,147429,-3629.0,0.0,1843.0,610935,2673.0,2673.0,983.0,1058933,11693.0,11693.0,31341.0,1618528,15131.0,15131.0,42699.0,155173,3859.0,3859.0,6069.0
2024-09-30,28173.0,-1700.0,0.0,2803.0,5279.0,-7149.0,2803.0,5279.0,8082.0,0.0,8082.0,933.0,-10669.0,-9736.0,9648.0,2803.0,28173.0,40624.0,0.0,40624.0,0.0,0.3468200940361297,0.6531799059638703,0.23838904801876099,0.06203757388000935,0.6995733781012297,0.24364747968545752,0.0,0.23838904801876099,0.23838904801876099,1.0,1.0,True,2498529.0,150232,3293675,5942436.0,6082288,38933.0,2413.0,85254.0,132430.0,28173.0,28173.0,-1700.0,0.0,0.0,26923.0,1250.0,-6979.0,-22894.0,26923.0,1250.0,0.0,0.0,0.9556312781741384,0.04436872182586164,0.24364747968545752,0.22131889836377272,0.5155037965554403,0.0195298253953294,0.24364747968545752,True,5789320,0.9518325998374296,1.0,2495645,588041,2571383,134251,1633856,1499605,134251,102842.0,134251,0,31409.0,True,292968,144504,4672.0,-4652.0,20.0,2351121.0,0.0,0.942089519943742,-7885.0,-10669.0,-3.0,0.0,0.0,0.0,28173.0,6082288,0,0.06019766433126506,8082.0,-9585.0,0.23838904801876099,5942436.0,1.0,0.0,5546.0,-7246.0,5546.0,0.0,1.0,0.5150715866492028,0.48492841335079717,5546.0,0,3772.0,9022.0,3744.0,0.0,15328.0,0.0,3772.0,9022.0,3744.0,-22894.0,15328.0,-10672.0,0.11837067721082031,0.28312307788865876,0.1174919977405385,0.0,0.4810142471599824,0.0,0.04792063800816962,0.32744602217467417,0.12978797899241393,0.21011476366465667,0.2551915969655709,0.029539000194514685,31866.0,0.0,673636,4313.0,4313.0,6456.0,8365.0,-19.0,0.0,112.0,2153.0,-35.0,0.0,29.0,7147.0,-487.0,0.0,89.0,192616,987.0,987.0,6196.0,66937.0,-4414.0,0.0,1108.0,200643.0,-530.0,0.0,7011.0,288436,-1949.0,0.0,2120.0,169591,295.0,295.0,2283.0,198200,116.0,116.0,742.0,37306.0,1467.0,1467.0,743.0,25157,38.0,38.0,1177.0,28875.0,-66.0,0.0,672.0,42685.0,-263.0,0.0,1207.0,20445.0,-482.0,0.0,579.0,120264.0,-513.0,0.0,4282.0,118433.0,2432.0,2432.0,3699.0,4672.0,-154.0,0.0,235.0,292968,-7885.0,0.0,193.0,150232,2803.0,2803.0,2413.0,588041,-22894.0,0.0,925.0,1071778,12845.0,12845.0,39050.0,1633856,15328.0,15328.0,45279.0,144504,-10669.0,0.0,6048.0
2024-12-31,134091.0,134091.0,44348.0,8418.0,72148.0,44348.0,8418.0,72148.0,124914.0,8643.0,133557.0,124914.0,8643.0,133557.0,45976.0,8418.0,72148.0,126542.0,8643.0,135185.0,0.35502825944249644,0.06739036457082473,0.5775813759866788,0.2816038839270306,0.04913198372493452,0.6692641323480348,0.3129580778305991,0.35502825944249644,0.2816038839270306,0.2816038839270306,1.0,1.0,True,2542877.0,158650,3365823,6067350.0,6215797,36796.0,2154.0,81642.0,128339.0,134091.0,134091.0,134091.0,61943.0,33501.0,37290.0,1357.0,61943.0,33501.0,37290.0,1357.0,0.46194748342543496,0.2498377967201378,0.2780947267154395,0.010119993138987702,0.3129580778305991,0.2034718210355604,0.4644430678425013,0.01912703329133924,0.3129580778305991,True,5923411,0.9529608190228863,1.0,2557588,621542,2608673,135608,1650273,1514665,135608,104795.0,135608,0,30813.0,True,292386,153147,4722.0,-4700.0,22.0,2404419.0,0.0,0.940111933587427,-582.0,8643.0,2.0,0.0,8643.0,2.0,134091.0,6215797,0,0.06203110117814128,124914.0,133509.0,0.2816038839270306,6067350.0,0.9352860576383117,64149.0,69942.0,64149.0,69942.0,0.4783989976955948,0.5216010023044052,0.4735772434505034,0.5264227565494967,134091.0,0,1941.0,57537.0,16050.0,33501.0,16417.0,8645.0,1941.0,57537.0,16050.0,33501.0,16417.0,8645.0,0.014475244423563103,0.4290892006174911,0.11969483410519721,0.2498377967201378,0.1224317814021821,0.06447114273142866,0.02490590949616492,0.3610387047157548,0.1366541212661553,0.19895462557764423,0.22319016150218127,0.05525647744209946,134091.0,0.0,675160,1524.0,1524.0,5406.0,8444.0,79.0,79.0,137.0,2232.0,79.0,79.0,51.0,7406.0,259.0,259.0,58.0,195222,2606.0,2606.0,5968.0,72885.0,5948.0,5948.0,1110.0,207499.0,6856.0,6856.0,6198.0,301463,13027.0,13027.0,2189.0,170824,1233.0,1233.0,1933.0,204696,6496.0,6496.0,761.0,39565.0,2259.0,2259.0,793.0,24685,-472.0,0.0,903.0,29172.0,297.0,297.0,578.0,42111.0,-574.0,0.0,936.0,23113.0,2668.0,2668.0,522.0,122054.0,1790.0,1790.0,4286.0,119238.0,805.0,805.0,3977.0,4722.0,50.0,50.0,189.0,292386,-582.0,0.0,801.0,158650,8418.0,8418.0,2154.0,621542,33501.0,33501.0,1967.0,1094008,22230.0,22230.0,37224.0,1650273,16417.0,16417.0,42451.0,153147,8643.0,8643.0,7916.0
2025-03-31,42333.0,31806.0,3086.0,0.0,42333.0,3086.0,-5067.0,42333.0,45419.0,0.0,45419.0,40352.0,-2293.0,38059.0,23286.0,0.0,42333.0,65619.0,0.0,65619.0,0.06794513309407957,0.0,0.9320548669059204,0.28021600965225857,0.05032899310617036,0.6694549972415711,0.3065194447353792,0.06794513309407957,0.28021600965225857,0.28021600965225857,0.8729173540085781,0.8729173540085781,True,2545963.0,153583,3408156,6107702.0,6253766,54500.0,2619.0,103924.0,168238.0,42333.0,42333.0,31806.0,0.0,1065.0,38618.0,2650.0,-10527.0,1065.0,38618.0,2650.0,0.0,0.02515767840691659,0.9122434034913661,0.06259891810171733,0.3065194447353792,0.15001087648343148,0.5222403944537991,0.021229284327390206,0.3065194447353792,True,5955217,0.9522609256566363,0.8729173540085781,2547061,622607,2647291,138258,1666386,1528128,138258,106873.0,138258,0,31385.0,True,298549,150854,4813.0,-4790.0,23.0,2396184.0,0.0,0.9407642769450751,6163.0,-2293.0,1.0,6163.0,0.0,1.0,48496.0,6253766,0,0.06029812399467464,45419.0,37969.0,0.28021600965225857,6107702.0,1.0,21153.0,10653.0,21153.0,10653.0,0.6650631956234673,0.3349368043765327,0.44651026556572193,0.5534897344342781,31806.0,0,9779.0,8805.0,0.0,1065.0,16113.0,0.0,9779.0,8805.0,-1664.0,1065.0,16113.0,-2292.0,0.2734466752418769,0.24621106202113976,0.0,0.029780213634584194,0.4505620491023992,0.0,0.06968422425457688,0.3647682626628193,0.10608728256793988,0.1517704308700543,0.2567165517353809,0.05097324790922874,35762.0,0.0,684802,9642.0,9642.0,8664.0,8425.0,-19.0,0.0,194.0,2168.0,-64.0,0.0,98.0,7626.0,220.0,220.0,43.0,194022,-1200.0,0.0,12391.0,72652.0,-233.0,0.0,2077.0,208529.0,1030.0,1030.0,7988.0,291248,-10215.0,0.0,2706.0,168639,-2185.0,0.0,2796.0,208440,3744.0,3744.0,1232.0,40281.0,716.0,716.0,1077.0,24999,314.0,314.0,1223.0,29178.0,6.0,6.0,795.0,39942.0,-2169.0,0.0,1318.0,20079.0,-3034.0,0.0,579.0,120973.0,-1081.0,0.0,4346.0,120598.0,1360.0,1360.0,4321.0,4813.0,91.0,91.0,397.0,298549,6163.0,6163.0,2255.0,153583,-5067.0,0.0,2619.0,622607,1065.0,1065.0,1928.0,1119163,25155.0,25155.0,52320.0,1666386,16113.0,16113.0,49676.0,150854,-2293.0,0.0,7573.0
2025-06-30,71953.0,71953.0,42297.0,0.0,43871.0,42297.0,-8340.0,43871.0,86168.0,0.0,86168.0,77828.0,-3081.0,74747.0,56075.0,0.0,43871.0,99946.0,0.0,99946.0,0.49086667904558534,0.0,0.5091333209544147,0.3391412146660972,0.04241013217024525,0.6184486531636575,0.3255288374615802,0.49086667904558534,0.3391412146660972,0.3391412146660972,0.9577515407243734,0.9577515407243734,True,2588260.0,145243,3452027,6185530.0,6328893,41539.0,2304.0,83613.0,133711.0,71953.0,71953.0,71953.0,28082.0,11606.0,30852.0,1413.0,28082.0,11606.0,30852.0,1413.0,0.39028254555056774,0.1612997373285339,0.42877989798896504,0.019637819131933347,0.3255288374615802,0.1669571506056771,0.48339540770204303,0.024118604230699694,0.3255288374615802,True,6027170,0.9523261018949127,0.9577515407243734,2575143,634213,2678143,139671,1679379,1539708,139671,108560.0,139671,0,31111.0,True,301723,147773,4431.0,-4410.0,21.0,2427349.0,0.0,0.9426074590809131,3174.0,-3081.0,-2.0,3174.0,0.0,0.0,75127.0,6328893,0,0.056401916320763544,86168.0,75127.0,0.3391412146660972,6185530.0,1.0,22538.0,49415.0,22538.0,49415.0,0.3132322488290968,0.6867677511709033,0.4430639780440106,0.5569360219559895,71953.0,0,21040.0,27118.0,2279.0,11606.0,12993.0,0.0,21040.0,27118.0,2279.0,11606.0,12993.0,-3083.0,0.2803987419372035,0.3613998613998614,0.030372088064395758,0.15467242390319313,0.17315688469534624,0.0,0.13200122852342325,0.370298639590974,0.07975646329786273,0.1668334808765876,0.21987317302307094,0.031237014688081516,75036.0,0.0,705675,20873.0,20873.0,5299.0,8383.0,-42.0,0.0,118.0,2101.0,-67.0,0.0,35.0,7902.0,276.0,276.0,91.0,196218,2196.0,2196.0,6170.0,79243.0,6591.0,6591.0,515.0,216456.0,7927.0,7927.0,9957.0,290626,-622.0,0.0,1855.0,170451,1812.0,1812.0,2197.0,220011,11571.0,11571.0,663.0,37105.0,-3176.0,0.0,807.0,25241,242.0,242.0,789.0,29414.0,236.0,236.0,619.0,40622.0,680.0,680.0,1156.0,20576.0,497.0,497.0,560.0,120876.0,-97.0,0.0,3539.0,111206.0,-9392.0,0.0,3946.0,4431.0,-382.0,0.0,390.0,301723,3174.0,3174.0,2833.0,145243,-8340.0,0.0,2304.0,634213,11606.0,11606.0,1673.0,1138435,19272.0,19272.0,38701.0,1679379,12993.0,12993.0,43239.0,147773,-3081.0,0.0,6628.0
2025-09-30,80003.0,80003.0,16219.0,8651.0,44288.0,16219.0,8651.0,44288.0,69158.0,4928.0,74086.0,69158.0,4928.0,74086.0,25650.0,8651.0,44288.0,78589.0,4928.0,83517.0,0.23452095202290407,0.12509037276960006,0.6403886752074959,0.32534030995611973,0.05241372110090616,0.6222459689429741,0.3829100432425848,0.23452095202290407,0.32534030995611973,0.32534030995611973,1.0,1.0,True,2604479.0,153894,3496315,6254688.0,6402908,42696.0,2558.0,87659.0,139463.0,80003.0,80003.0,80003.0,35715.0,7027.0,34619.0,2642.0,35715.0,7027.0,34619.0,2642.0,0.4464207592215292,0.08783420621726686,0.4327212729522643,0.03302376160893967,0.3829100432425848,0.16200438516353005,0.4305347463304708,0.024550825263414337,0.3829100432425848,True,6107173,0.9538123927440469,1.0,2610858,641240,2712762,142313,1693830,1551517,142313,110600.0,142313,0,31713.0,True,295735,152701,4502.0,-4481.0,21.0,2458136.0,0.0,0.9415050531281287,-5988.0,4928.0,0.0,0.0,4928.0,0.0,80003.0,6402908,0,0.058943841449822246,69158.0,74015.0,0.32534030995611973,6254688.0,0.9334827092838053,38488.0,41515.0,38488.0,41515.0,0.4810819594265215,0.5189180405734785,0.4603637530556578,0.5396362469443422,80003.0,0,0.0,47774.0,8237.0,7027.0,14451.0,4928.0,-2414.0,47774.0,8237.0,7027.0,14451.0,4928.0,0.0,0.5796619629445381,0.09994297293034204,0.08526153584818666,0.17534003906960943,0.05979348920732373,0.10008982420120621,0.43150446371285583,0.08116563704912223,0.16253597550915658,0.18323525997079185,0.041468839556867275,82417.0,0.0,703316,-2359.0,0.0,6351.0,8466.0,83.0,83.0,153.0,2113.0,12.0,12.0,41.0,7752.0,-150.0,0.0,73.0,197417,1199.0,1199.0,8515.0,81232.0,1989.0,1989.0,979.0,222552.0,6096.0,6096.0,9048.0,293387,2761.0,2761.0,2095.0,175765,5314.0,5314.0,2302.0,222469,2458.0,2458.0,845.0,38715.0,1610.0,1610.0,879.0,25273,32.0,32.0,1199.0,29535.0,121.0,121.0,749.0,40608.0,-14.0,0.0,1186.0,20948.0,372.0,372.0,403.0,119956.0,-920.0,0.0,3889.0,114738.0,3532.0,3532.0,3700.0,4502.0,71.0,71.0,122.0,295735,-5988.0,0.0,167.0,153894,8651.0,8651.0,2558.0,641240,7027.0,7027.0,1152.0,1161245,22810.0,22810.0,43191.0,1693830,14451.0,14451.0,43316.0,152701,4928.0,4928.0,6654.0
2025-12-31,150845.0,150845.0,91149.0,13009.0,40312.0,91149.0,13009.0,40312.0,144470.0,7108.0,151578.0,144470.0,7108.0,151578.0,91370.0,13009.0,40312.0,144691.0,7108.0,151799.0,0.6309199141690316,0.09004637641032741,0.279033709420641,0.4424807728517011,0.06274350766913372,0.49477571947916515,0.5051081608882347,0.6309199141690316,0.4424807728517011,0.4424807728517011,0.9957488662543155,0.9957488662543155,True,2695628.0,166903,3536627,6399158.0,6554397,38123.0,2389.0,89112.0,137104.0,150845.0,150845.0,150845.0,110533.0,757.0,38550.0,1005.0,110533.0,757.0,38550.0,1005.0,0.7327587921376247,0.005018396367131824,0.25556034339885314,0.0066624680963903345,0.5051081608882347,0.0592668354899836,0.4132858541899668,0.02233914943181489,0.5051081608882347,True,6258018,0.9547816526829241,0.9957488662543155,2721391,641997,2751312,143318,1711712,1568394,143318,111778.0,143318,0,31540.0,True,296379,159809,4593.0,-4570.0,23.0,2561559.0,0.0,0.9412682705278294,644.0,7108.0,2.0,644.0,7108.0,2.0,151489.0,6554397,0,0.061330033060298945,144470.0,151489.0,0.4424807728517011,6399158.0,0.9531066513610155,35439.0,115406.0,35439.0,115406.0,0.23493652424674336,0.7650634757532566,0.35151087693921523,0.6484891230607848,150845.0,0,25444.0,76723.0,22929.0,757.0,17882.0,7110.0,25444.0,76723.0,22929.0,757.0,17882.0,7110.0,0.16867645596473202,0.5086214325963737,0.1520037124200338,0.005018396367131824,0.11854552686532534,0.047134475786403264,0.16352671045747835,0.4662558856013486,0.09720688252049062,0.05945183979538453,0.1785705981514852,0.03498808347381271,150845.0,0.0,728930,25614.0,25614.0,6682.0,8480.0,14.0,14.0,130.0,2150.0,37.0,37.0,51.0,7531.0,-221.0,0.0,137.0,198864,1447.0,1447.0,4965.0,83449.0,2217.0,2217.0,1396.0,227123.0,4571.0,4571.0,6459.0,324635,31248.0,31248.0,2697.0,179625,3860.0,3860.0,2366.0,233718,11249.0,11249.0,619.0,40925.0,2210.0,2210.0,917.0,25410,137.0,137.0,931.0,29543.0,8.0,8.0,644.0,41168.0,560.0,560.0,1157.0,23963.0,3015.0,3015.0,803.0,121924.0,1968.0,1968.0,3649.0,117218.0,2480.0,2480.0,3617.0,4593.0,91.0,91.0,127.0,296379,644.0,644.0,776.0,166903,13009.0,13009.0,2389.0,641997,757.0,757.0,890.0,1182918,21673.0,21673.0,44716.0,1711712,17882.0,17882.0,43506.0,159809,7108.0,7108.0,7589.0
2026-03-31,99928.0,99928.0,22465.0,0.0,85460.0,22465.0,-1393.0,85460.0,107925.0,3488.0,111413.0,106532.0,3488.0,110020.0,37638.0,0.0,85460.0,123098.0,3488.0,126586.0,0.20815381051656243,0.0,0.7918461894834375,0.4221759487492673,0.053124563120369075,0.5246994881303636,0.46879663495799906,0.20815381051656243,0.4221759487492673,0.4221759487492673,0.9125844748858447,0.9125844748858447,True,2718093.0,165510,3622087,6505690.0,6663897,53201.0,3036.0,119748.0,183532.0,99928.0,99928.0,99928.0,14468.0,36777.0,45566.0,3117.0,14468.0,36777.0,45566.0,3117.0,0.14478424465615242,0.3680349851893363,0.4559883115843407,0.03119245857017052,0.46879663495799906,0.13946599326097697,0.37143339565812244,0.020303976122901503,0.46879663495799906,True,6357946,0.9540882759742535,0.9125844748858447,2735859,678774,2796878,146435,1731997,1585562,146435,114064.0,146435,0,32371.0,True,305951,163297,5115.0,-5090.0,25.0,2572537.0,0.0,0.9403032100704021,9572.0,3488.0,2.0,9572.0,3488.0,2.0,109500.0,6663897,0,0.06049653874706262,107925.0,109500.0,0.4221759487492673,6505690.0,0.9686930609533897,63782.0,36146.0,63782.0,36146.0,0.6382795612841246,0.36172043871587545,0.39790280809179374,0.6020971919082062,99928.0,0,13111.0,26633.0,0.0,36777.0,20285.0,3490.0,13111.0,26633.0,-368.0,36777.0,20285.0,3490.0,0.13072305974316026,0.2655439897902209,0.0,0.36668461354391,0.2022513360453059,0.03479700087740289,0.14585383045272324,0.43624722829997503,0.0818538696113991,0.1374640841519944,0.16057749257208867,0.038003494911819556,100296.0,0.0,740363,11433.0,11433.0,8017.0,8527.0,47.0,47.0,169.0,2167.0,17.0,17.0,145.0,9145.0,1614.0,1614.0,81.0,198769,-95.0,0.0,10454.0,87634.0,4185.0,4185.0,2547.0,229123.0,2000.0,2000.0,7393.0,316000,-8635.0,0.0,2729.0,180752,1127.0,1127.0,3571.0,232116,-1602.0,0.0,1310.0,42054.0,1129.0,1129.0,1200.0,25765,355.0,355.0,1469.0,30139.0,596.0,596.0,898.0,40939.0,-229.0,0.0,1601.0,20372.0,-3591.0,0.0,750.0,120903.0,-1021.0,0.0,4283.0,122259.0,5041.0,5041.0,4218.0,5115.0,522.0,522.0,351.0,305951,9572.0,9572.0,2015.0,165510,-1393.0,0.0,3036.0,678774,36777.0,36777.0,2173.0,1211316,28398.0,28398.0,60360.0,1731997,20285.0,20285.0,57215.0,163297,3488.0,3488.0,7880.0
